family,dataset,stratum,arm,direction,layer,pooling,method,seed,condition,metric,unit,value,delta_reference,delta,ci95_low,ci95_high,n,n_pairs,n_queries,n_candidates,paired_anchor_count,permutations,permutation_seed,null_mean,null_sd,null_p95,one_sided_empirical_p,corpus_chrf,bootstrap_replicates,bootstrap_seed,candidate_bank_fixed,status,comparison_status
geometry,dataset_romanized_formal,dataset_romanized_formal,stock_pt,,embedding_baseline,mean,,,,centered_linear_cka,CKA,0.5174590682184356,,,,,,128,,,,100,20261024,0.2836824299715952,0.009089396098098598,0.29798941744375923,0.009900990099009901,,,,,complete,
geometry,dataset_romanized_formal,dataset_romanized_formal,stock_pt,,embedding_baseline,mean,,,,length_residualized_centered_linear_cka,CKA,0.49832197009441087,,,,,,128,,,,100,20261025,0.2920859139284698,0.008395444528650034,0.30440995383097114,0.009900990099009901,,,,,complete,
geometry,dataset_romanized_formal,dataset_romanized_formal,stock_pt,,decoder_00,mean,,,,centered_linear_cka,CKA,0.32377113331731183,,,,,,128,,,,100,20261024,0.06625686812659858,0.00921161202366427,0.07924657990698625,0.009900990099009901,,,,,complete,
geometry,dataset_romanized_formal,dataset_romanized_formal,stock_pt,,decoder_00,mean,,,,length_residualized_centered_linear_cka,CKA,0.2227737416588073,,,,,,128,,,,100,20261025,0.06709285811252252,0.010648778110355434,0.08876693855669998,0.009900990099009901,,,,,complete,
geometry,dataset_romanized_formal,dataset_romanized_formal,stock_pt,,decoder_01,mean,,,,centered_linear_cka,CKA,0.4454268054887711,,,,,,128,,,,100,20261024,0.1716019423583091,0.008614615768121711,0.18453403044331562,0.009900990099009901,,,,,complete,
geometry,dataset_romanized_formal,dataset_romanized_formal,stock_pt,,decoder_01,mean,,,,length_residualized_centered_linear_cka,CKA,0.3324725360258777,,,,,,128,,,,100,20261025,0.18434118279926928,0.009388311584127068,0.2007977605037545,0.009900990099009901,,,,,complete,
geometry,dataset_romanized_formal,dataset_romanized_formal,stock_pt,,decoder_02,mean,,,,centered_linear_cka,CKA,0.5774190824967492,,,,,,128,,,,100,20261024,0.28841693000528895,0.008777836997807317,0.30628110472026093,0.009900990099009901,,,,,complete,
geometry,dataset_romanized_formal,dataset_romanized_formal,stock_pt,,decoder_02,mean,,,,length_residualized_centered_linear_cka,CKA,0.519440330316273,,,,,,128,,,,100,20261025,0.29811837705884525,0.008535546055941569,0.31182770240231605,0.009900990099009901,,,,,complete,
geometry,dataset_romanized_formal,dataset_romanized_formal,stock_pt,,decoder_03,mean,,,,centered_linear_cka,CKA,0.5773523777700958,,,,,,128,,,,100,20261024,0.22703445050193694,0.010326541825354085,0.24570695591602573,0.009900990099009901,,,,,complete,
geometry,dataset_romanized_formal,dataset_romanized_formal,stock_pt,,decoder_03,mean,,,,length_residualized_centered_linear_cka,CKA,0.47804421818395354,,,,,,128,,,,100,20261025,0.24761377289954617,0.008244162702314905,0.2609671884930577,0.009900990099009901,,,,,complete,
geometry,dataset_romanized_formal,dataset_romanized_formal,stock_pt,,decoder_04,mean,,,,centered_linear_cka,CKA,0.5698101359222166,,,,,,128,,,,100,20261024,0.23726927493591468,0.008871892624601342,0.2510055381429478,0.009900990099009901,,,,,complete,
geometry,dataset_romanized_formal,dataset_romanized_formal,stock_pt,,decoder_04,mean,,,,length_residualized_centered_linear_cka,CKA,0.4740770193884908,,,,,,128,,,,100,20261025,0.2539496545866775,0.009468138751508738,0.27149276909257464,0.009900990099009901,,,,,complete,
geometry,dataset_romanized_formal,dataset_romanized_formal,stock_pt,,decoder_05,mean,,,,centered_linear_cka,CKA,0.43248712527935806,,,,,,128,,,,100,20261024,0.1463925409870913,0.008564944891771089,0.16287456984636725,0.009900990099009901,,,,,complete,
geometry,dataset_romanized_formal,dataset_romanized_formal,stock_pt,,decoder_05,mean,,,,length_residualized_centered_linear_cka,CKA,0.3854986943734712,,,,,,128,,,,100,20261025,0.16704973703558307,0.010476965613815784,0.1862083851375906,0.009900990099009901,,,,,complete,
geometry,dataset_romanized_formal,dataset_romanized_formal,stock_pt,,decoder_06,mean,,,,centered_linear_cka,CKA,0.45606153590200565,,,,,,128,,,,100,20261024,0.18370021912640186,0.007944981849094125,0.19733135806673374,0.009900990099009901,,,,,complete,
geometry,dataset_romanized_formal,dataset_romanized_formal,stock_pt,,decoder_06,mean,,,,length_residualized_centered_linear_cka,CKA,0.4176115540560372,,,,,,128,,,,100,20261025,0.20804099067262827,0.009183347078326978,0.22607691942668692,0.009900990099009901,,,,,complete,
geometry,dataset_romanized_formal,dataset_romanized_formal,stock_pt,,decoder_07,mean,,,,centered_linear_cka,CKA,0.4683063398656541,,,,,,128,,,,100,20261024,0.18767705619633626,0.007601016119159344,0.20204699855246117,0.009900990099009901,,,,,complete,
geometry,dataset_romanized_formal,dataset_romanized_formal,stock_pt,,decoder_07,mean,,,,length_residualized_centered_linear_cka,CKA,0.4344597187422449,,,,,,128,,,,100,20261025,0.2167319797715815,0.008328626667004312,0.2325169949226692,0.009900990099009901,,,,,complete,
geometry,dataset_romanized_formal,dataset_romanized_formal,stock_pt,,decoder_08,mean,,,,centered_linear_cka,CKA,0.46857734134982,,,,,,128,,,,100,20261024,0.19652941365349658,0.007468017628200706,0.20880845916528512,0.009900990099009901,,,,,complete,
geometry,dataset_romanized_formal,dataset_romanized_formal,stock_pt,,decoder_08,mean,,,,length_residualized_centered_linear_cka,CKA,0.4469530060512983,,,,,,128,,,,100,20261025,0.22773785193254306,0.008000219502204467,0.24304493501116842,0.009900990099009901,,,,,complete,
geometry,dataset_romanized_formal,dataset_romanized_formal,stock_pt,,decoder_09,mean,,,,centered_linear_cka,CKA,0.47466729817764924,,,,,,128,,,,100,20261024,0.21101579044202265,0.007327858106931603,0.22344980822858182,0.009900990099009901,,,,,complete,
geometry,dataset_romanized_formal,dataset_romanized_formal,stock_pt,,decoder_09,mean,,,,length_residualized_centered_linear_cka,CKA,0.46433244262523565,,,,,,128,,,,100,20261025,0.24189655233740864,0.007911231330028004,0.25686982731109476,0.009900990099009901,,,,,complete,
geometry,dataset_romanized_formal,dataset_romanized_formal,stock_pt,,decoder_10,mean,,,,centered_linear_cka,CKA,0.44649565764488824,,,,,,128,,,,100,20261024,0.1965380791855943,0.0071851382469465645,0.2087476983706435,0.009900990099009901,,,,,complete,
geometry,dataset_romanized_formal,dataset_romanized_formal,stock_pt,,decoder_10,mean,,,,length_residualized_centered_linear_cka,CKA,0.44555358788962757,,,,,,128,,,,100,20261025,0.22506816899152293,0.008154407243942723,0.23933832053697934,0.009900990099009901,,,,,complete,
geometry,dataset_romanized_formal,dataset_romanized_formal,stock_pt,,decoder_11,mean,,,,centered_linear_cka,CKA,0.4556015376268811,,,,,,128,,,,100,20261024,0.1959584514256638,0.00707478841657697,0.2069817560519579,0.009900990099009901,,,,,complete,
geometry,dataset_romanized_formal,dataset_romanized_formal,stock_pt,,decoder_11,mean,,,,length_residualized_centered_linear_cka,CKA,0.451017096282934,,,,,,128,,,,100,20261025,0.22010119088484006,0.00813147024079328,0.23582074384756097,0.009900990099009901,,,,,complete,
geometry,dataset_romanized_formal,dataset_romanized_formal,stock_pt,,decoder_12,mean,,,,centered_linear_cka,CKA,0.43280772037869775,,,,,,128,,,,100,20261024,0.18046010020213876,0.007158695991210703,0.1919269626026892,0.009900990099009901,,,,,complete,
geometry,dataset_romanized_formal,dataset_romanized_formal,stock_pt,,decoder_12,mean,,,,length_residualized_centered_linear_cka,CKA,0.4192943432248289,,,,,,128,,,,100,20261025,0.20200017067268733,0.008042462168284784,0.21721184662871648,0.009900990099009901,,,,,complete,
geometry,dataset_romanized_formal,dataset_romanized_formal,stock_pt,,decoder_13,mean,,,,centered_linear_cka,CKA,0.4306666266497911,,,,,,128,,,,100,20261024,0.18014586043797007,0.0072841325011273215,0.1915130315587182,0.009900990099009901,,,,,complete,
geometry,dataset_romanized_formal,dataset_romanized_formal,stock_pt,,decoder_13,mean,,,,length_residualized_centered_linear_cka,CKA,0.41312754980446986,,,,,,128,,,,100,20261025,0.19888932433207462,0.007737358994814703,0.21215812452086485,0.009900990099009901,,,,,complete,
geometry,dataset_romanized_formal,dataset_romanized_formal,stock_pt,,decoder_14,mean,,,,centered_linear_cka,CKA,0.42730666786086136,,,,,,128,,,,100,20261024,0.1898841961750568,0.0071631512196084065,0.20156826338943462,0.009900990099009901,,,,,complete,
geometry,dataset_romanized_formal,dataset_romanized_formal,stock_pt,,decoder_14,mean,,,,length_residualized_centered_linear_cka,CKA,0.41609000557950865,,,,,,128,,,,100,20261025,0.20600947493393182,0.008327583311699886,0.22027283715017157,0.009900990099009901,,,,,complete,
geometry,dataset_romanized_formal,dataset_romanized_formal,stock_pt,,decoder_15,mean,,,,centered_linear_cka,CKA,0.42064159132929924,,,,,,128,,,,100,20261024,0.18843021379086344,0.0074797922684844585,0.20017843044859526,0.009900990099009901,,,,,complete,
geometry,dataset_romanized_formal,dataset_romanized_formal,stock_pt,,decoder_15,mean,,,,length_residualized_centered_linear_cka,CKA,0.4034468121514851,,,,,,128,,,,100,20261025,0.2079084018247914,0.008294234733950403,0.22231356098890617,0.009900990099009901,,,,,complete,
geometry,dataset_romanized_formal,dataset_romanized_formal,stock_pt,,decoder_16,mean,,,,centered_linear_cka,CKA,0.4045980069859756,,,,,,128,,,,100,20261024,0.18006859840773473,0.008112632266053008,0.19486679528701284,0.009900990099009901,,,,,complete,
geometry,dataset_romanized_formal,dataset_romanized_formal,stock_pt,,decoder_16,mean,,,,length_residualized_centered_linear_cka,CKA,0.3932180536470961,,,,,,128,,,,100,20261025,0.19775293767712868,0.008118422939006876,0.21238768065313032,0.009900990099009901,,,,,complete,
geometry,dataset_romanized_formal,dataset_romanized_formal,stock_pt,,decoder_17,mean,,,,centered_linear_cka,CKA,0.42520710620142604,,,,,,128,,,,100,20261024,0.14773497157312118,0.008082468074622571,0.15970430084908782,0.009900990099009901,,,,,complete,
geometry,dataset_romanized_formal,dataset_romanized_formal,stock_pt,,decoder_17,mean,,,,length_residualized_centered_linear_cka,CKA,0.4093593759938966,,,,,,128,,,,100,20261025,0.1721585178040258,0.00877558804182077,0.18748079281120125,0.009900990099009901,,,,,complete,
geometry,dataset_romanized_formal,dataset_romanized_formal,stock_pt,,decoder_18,mean,,,,centered_linear_cka,CKA,0.45104315811342893,,,,,,128,,,,100,20261024,0.156203404668339,0.008189472424416649,0.16993933406938458,0.009900990099009901,,,,,complete,
geometry,dataset_romanized_formal,dataset_romanized_formal,stock_pt,,decoder_18,mean,,,,length_residualized_centered_linear_cka,CKA,0.41431906369349975,,,,,,128,,,,100,20261025,0.17289013473773604,0.008845260337256026,0.18720425653314102,0.009900990099009901,,,,,complete,
geometry,dataset_romanized_formal,dataset_romanized_formal,stock_pt,,decoder_19,mean,,,,centered_linear_cka,CKA,0.432888237774072,,,,,,128,,,,100,20261024,0.15881487955306403,0.008027030426448773,0.17255098134003097,0.009900990099009901,,,,,complete,
geometry,dataset_romanized_formal,dataset_romanized_formal,stock_pt,,decoder_19,mean,,,,length_residualized_centered_linear_cka,CKA,0.40039551811374996,,,,,,128,,,,100,20261025,0.18624014543937306,0.00876685094640773,0.19835558677902945,0.009900990099009901,,,,,complete,
geometry,dataset_romanized_formal,dataset_romanized_formal,stock_pt,,decoder_20,mean,,,,centered_linear_cka,CKA,0.3552876270572572,,,,,,128,,,,100,20261024,0.10144009789404305,0.007562807535399021,0.11566655891190611,0.009900990099009901,,,,,complete,
geometry,dataset_romanized_formal,dataset_romanized_formal,stock_pt,,decoder_20,mean,,,,length_residualized_centered_linear_cka,CKA,0.31130874075423465,,,,,,128,,,,100,20261025,0.12129113334926803,0.00915616930458653,0.13606926153293802,0.009900990099009901,,,,,complete,
geometry,dataset_romanized_formal,dataset_romanized_formal,stock_pt,,decoder_21,mean,,,,centered_linear_cka,CKA,0.3561081917470911,,,,,,128,,,,100,20261024,0.10657168102465539,0.007842474805287854,0.12306956786742032,0.009900990099009901,,,,,complete,
geometry,dataset_romanized_formal,dataset_romanized_formal,stock_pt,,decoder_21,mean,,,,length_residualized_centered_linear_cka,CKA,0.30907731534956884,,,,,,128,,,,100,20261025,0.1246031845228884,0.00931409544688273,0.14022540371715297,0.009900990099009901,,,,,complete,
geometry,dataset_romanized_formal,dataset_romanized_formal,stock_pt,,decoder_22,mean,,,,centered_linear_cka,CKA,0.3402475310916656,,,,,,128,,,,100,20261024,0.10937742471380439,0.007931583601310278,0.12429802055532126,0.009900990099009901,,,,,complete,
geometry,dataset_romanized_formal,dataset_romanized_formal,stock_pt,,decoder_22,mean,,,,length_residualized_centered_linear_cka,CKA,0.3024461614838834,,,,,,128,,,,100,20261025,0.13089666174696965,0.009123283368436043,0.1466282308126729,0.009900990099009901,,,,,complete,
geometry,dataset_romanized_formal,dataset_romanized_formal,stock_pt,,decoder_23,mean,,,,centered_linear_cka,CKA,0.3510709172632515,,,,,,128,,,,100,20261024,0.12344818664618817,0.007800457162269304,0.13702218695765217,0.009900990099009901,,,,,complete,
geometry,dataset_romanized_formal,dataset_romanized_formal,stock_pt,,decoder_23,mean,,,,length_residualized_centered_linear_cka,CKA,0.3125421122606367,,,,,,128,,,,100,20261025,0.1499675475691679,0.008965715230397785,0.16321458670865713,0.009900990099009901,,,,,complete,
geometry,dataset_romanized_formal,dataset_romanized_formal,stock_pt,,decoder_24,mean,,,,centered_linear_cka,CKA,0.30755199254676613,,,,,,128,,,,100,20261024,0.12156460560242573,0.00786708087985842,0.13546986188088037,0.009900990099009901,,,,,complete,
geometry,dataset_romanized_formal,dataset_romanized_formal,stock_pt,,decoder_24,mean,,,,length_residualized_centered_linear_cka,CKA,0.27745092746606453,,,,,,128,,,,100,20261025,0.14592507409682468,0.008580411666784797,0.16005688462133166,0.009900990099009901,,,,,complete,
geometry,dataset_romanized_formal,dataset_romanized_formal,stock_pt,,decoder_25,mean,,,,centered_linear_cka,CKA,0.2947850073680247,,,,,,128,,,,100,20261024,0.10680969303399337,0.007501497146474835,0.11948463873614104,0.009900990099009901,,,,,complete,
geometry,dataset_romanized_formal,dataset_romanized_formal,stock_pt,,decoder_25,mean,,,,length_residualized_centered_linear_cka,CKA,0.2585489995567502,,,,,,128,,,,100,20261025,0.12710771398603515,0.0082544151753082,0.14104126791513105,0.009900990099009901,,,,,complete,
geometry,dataset_romanized_formal,dataset_romanized_formal,stock_pt,,decoder_26,mean,,,,centered_linear_cka,CKA,0.3418861575023864,,,,,,128,,,,100,20261024,0.118706337918847,0.006768010828617325,0.12962634299021297,0.009900990099009901,,,,,complete,
geometry,dataset_romanized_formal,dataset_romanized_formal,stock_pt,,decoder_26,mean,,,,length_residualized_centered_linear_cka,CKA,0.2948126419669555,,,,,,128,,,,100,20261025,0.14329794451415262,0.008359313888056474,0.1606403022319994,0.009900990099009901,,,,,complete,
geometry,dataset_romanized_formal,dataset_romanized_formal,stock_pt,,decoder_27,mean,,,,centered_linear_cka,CKA,0.3554694357464366,,,,,,128,,,,100,20261024,0.12280712527967193,0.0069546764690899526,0.13603853309297648,0.009900990099009901,,,,,complete,
geometry,dataset_romanized_formal,dataset_romanized_formal,stock_pt,,decoder_27,mean,,,,length_residualized_centered_linear_cka,CKA,0.3068350250863473,,,,,,128,,,,100,20261025,0.14732042072757418,0.008575959898314507,0.1620987631139762,0.009900990099009901,,,,,complete,
geometry,dataset_romanized_formal,dataset_romanized_formal,stock_pt,,decoder_28,mean,,,,centered_linear_cka,CKA,0.34994307664324353,,,,,,128,,,,100,20261024,0.10083658156825742,0.006364440084104957,0.11118746362281831,0.009900990099009901,,,,,complete,
geometry,dataset_romanized_formal,dataset_romanized_formal,stock_pt,,decoder_28,mean,,,,length_residualized_centered_linear_cka,CKA,0.28369631607841816,,,,,,128,,,,100,20261025,0.12461922875312498,0.009552740999948257,0.1434606179057874,0.009900990099009901,,,,,complete,
geometry,dataset_romanized_formal,dataset_romanized_formal,stock_pt,,decoder_29,mean,,,,centered_linear_cka,CKA,0.324612946554216,,,,,,128,,,,100,20261024,0.026757843392403325,0.009280328012772586,0.049149327250448155,0.009900990099009901,,,,,complete,
geometry,dataset_romanized_formal,dataset_romanized_formal,stock_pt,,decoder_29,mean,,,,length_residualized_centered_linear_cka,CKA,0.22407785380852488,,,,,,128,,,,100,20261025,0.032815450085537524,0.010779700777322952,0.05890294833178665,0.009900990099009901,,,,,complete,
geometry,dataset_romanized_formal,dataset_romanized_formal,cpt_pt,,embedding_baseline,mean,,,,centered_linear_cka,CKA,0.5174590682184356,,,,,,128,,,,100,20261024,0.2836824299715952,0.009089396098098598,0.29798941744375923,0.009900990099009901,,,,,complete,
geometry,dataset_romanized_formal,dataset_romanized_formal,cpt_pt,,embedding_baseline,mean,,,,length_residualized_centered_linear_cka,CKA,0.49832197009441087,,,,,,128,,,,100,20261025,0.2920859139284698,0.008395444528650034,0.30440995383097114,0.009900990099009901,,,,,complete,
geometry,dataset_romanized_formal,dataset_romanized_formal,cpt_pt,,decoder_00,mean,,,,centered_linear_cka,CKA,0.32104704526717504,,,,,,128,,,,100,20261024,0.06545263190918699,0.009274089989253593,0.07843616845567865,0.009900990099009901,,,,,complete,
geometry,dataset_romanized_formal,dataset_romanized_formal,cpt_pt,,decoder_00,mean,,,,length_residualized_centered_linear_cka,CKA,0.2206328071078204,,,,,,128,,,,100,20261025,0.06614295723927069,0.010622177958342811,0.08659721712005075,0.009900990099009901,,,,,complete,
geometry,dataset_romanized_formal,dataset_romanized_formal,cpt_pt,,decoder_01,mean,,,,centered_linear_cka,CKA,0.4446781705825943,,,,,,128,,,,100,20261024,0.17286641310395542,0.008635957904619603,0.18604126880041869,0.009900990099009901,,,,,complete,
geometry,dataset_romanized_formal,dataset_romanized_formal,cpt_pt,,decoder_01,mean,,,,length_residualized_centered_linear_cka,CKA,0.33121625238325797,,,,,,128,,,,100,20261025,0.18547426002741058,0.009222231789580726,0.20118811675753373,0.009900990099009901,,,,,complete,
geometry,dataset_romanized_formal,dataset_romanized_formal,cpt_pt,,decoder_02,mean,,,,centered_linear_cka,CKA,0.5802316121477782,,,,,,128,,,,100,20261024,0.291217594683385,0.008722009345008585,0.3095601126247502,0.009900990099009901,,,,,complete,
geometry,dataset_romanized_formal,dataset_romanized_formal,cpt_pt,,decoder_02,mean,,,,length_residualized_centered_linear_cka,CKA,0.5236195074124379,,,,,,128,,,,100,20261025,0.3009410591510514,0.00856156160965161,0.31436819769646185,0.009900990099009901,,,,,complete,
geometry,dataset_romanized_formal,dataset_romanized_formal,cpt_pt,,decoder_03,mean,,,,centered_linear_cka,CKA,0.5793482273980738,,,,,,128,,,,100,20261024,0.23032679806957837,0.010334787042434897,0.24910809586673519,0.009900990099009901,,,,,complete,
geometry,dataset_romanized_formal,dataset_romanized_formal,cpt_pt,,decoder_03,mean,,,,length_residualized_centered_linear_cka,CKA,0.4816569709976916,,,,,,128,,,,100,20261025,0.2508251858627779,0.008250779292378914,0.265122150861374,0.009900990099009901,,,,,complete,
geometry,dataset_romanized_formal,dataset_romanized_formal,cpt_pt,,decoder_04,mean,,,,centered_linear_cka,CKA,0.5668201214939753,,,,,,128,,,,100,20261024,0.23419557967441565,0.008833578491037353,0.2501770899252835,0.009900990099009901,,,,,complete,
geometry,dataset_romanized_formal,dataset_romanized_formal,cpt_pt,,decoder_04,mean,,,,length_residualized_centered_linear_cka,CKA,0.47357821951326357,,,,,,128,,,,100,20261025,0.2517147876416797,0.009359593318213679,0.2694244360876562,0.009900990099009901,,,,,complete,
geometry,dataset_romanized_formal,dataset_romanized_formal,cpt_pt,,decoder_05,mean,,,,centered_linear_cka,CKA,0.47380386450845846,,,,,,128,,,,100,20261024,0.16261122799573371,0.009008801980190752,0.18195595868391468,0.009900990099009901,,,,,complete,
geometry,dataset_romanized_formal,dataset_romanized_formal,cpt_pt,,decoder_05,mean,,,,length_residualized_centered_linear_cka,CKA,0.4177751292855422,,,,,,128,,,,100,20261025,0.18501784607113111,0.009980894524692084,0.20345633638266264,0.009900990099009901,,,,,complete,
geometry,dataset_romanized_formal,dataset_romanized_formal,cpt_pt,,decoder_06,mean,,,,centered_linear_cka,CKA,0.48025386707402606,,,,,,128,,,,100,20261024,0.1917092182448359,0.008277977567370797,0.205890290479164,0.009900990099009901,,,,,complete,
geometry,dataset_romanized_formal,dataset_romanized_formal,cpt_pt,,decoder_06,mean,,,,length_residualized_centered_linear_cka,CKA,0.4387268868774444,,,,,,128,,,,100,20261025,0.21829908344203108,0.008758883489315842,0.23492611573718644,0.009900990099009901,,,,,complete,
geometry,dataset_romanized_formal,dataset_romanized_formal,cpt_pt,,decoder_07,mean,,,,centered_linear_cka,CKA,0.49424659295916773,,,,,,128,,,,100,20261024,0.19774798673519545,0.007713256863726438,0.2115646671231421,0.009900990099009901,,,,,complete,
geometry,dataset_romanized_formal,dataset_romanized_formal,cpt_pt,,decoder_07,mean,,,,length_residualized_centered_linear_cka,CKA,0.45986534217006136,,,,,,128,,,,100,20261025,0.2296500906993866,0.0077998744924459495,0.2446759890499333,0.009900990099009901,,,,,complete,
geometry,dataset_romanized_formal,dataset_romanized_formal,cpt_pt,,decoder_08,mean,,,,centered_linear_cka,CKA,0.49074446117319265,,,,,,128,,,,100,20261024,0.2103603698031509,0.007526795871639043,0.22297626442792137,0.009900990099009901,,,,,complete,
geometry,dataset_romanized_formal,dataset_romanized_formal,cpt_pt,,decoder_08,mean,,,,length_residualized_centered_linear_cka,CKA,0.46742875443685794,,,,,,128,,,,100,20261025,0.24195126346279125,0.0077006174737633305,0.2560363607079726,0.009900990099009901,,,,,complete,
geometry,dataset_romanized_formal,dataset_romanized_formal,cpt_pt,,decoder_09,mean,,,,centered_linear_cka,CKA,0.5011236645351667,,,,,,128,,,,100,20261024,0.2250430736196342,0.007311783288673416,0.23914522100373217,0.009900990099009901,,,,,complete,
geometry,dataset_romanized_formal,dataset_romanized_formal,cpt_pt,,decoder_09,mean,,,,length_residualized_centered_linear_cka,CKA,0.4874904090643013,,,,,,128,,,,100,20261025,0.255204235276458,0.007831237596047605,0.26908227580778843,0.009900990099009901,,,,,complete,
geometry,dataset_romanized_formal,dataset_romanized_formal,cpt_pt,,decoder_10,mean,,,,centered_linear_cka,CKA,0.48792687734922163,,,,,,128,,,,100,20261024,0.2132199217902275,0.007261770801439407,0.2256816970814221,0.009900990099009901,,,,,complete,
geometry,dataset_romanized_formal,dataset_romanized_formal,cpt_pt,,decoder_10,mean,,,,length_residualized_centered_linear_cka,CKA,0.47869437585769614,,,,,,128,,,,100,20261025,0.2394626549292033,0.00802936618311243,0.2523465977803432,0.009900990099009901,,,,,complete,
geometry,dataset_romanized_formal,dataset_romanized_formal,cpt_pt,,decoder_11,mean,,,,centered_linear_cka,CKA,0.4977138147156893,,,,,,128,,,,100,20261024,0.20916106645744134,0.0070381134991409555,0.22020304105657743,0.009900990099009901,,,,,complete,
geometry,dataset_romanized_formal,dataset_romanized_formal,cpt_pt,,decoder_11,mean,,,,length_residualized_centered_linear_cka,CKA,0.48435506551541,,,,,,128,,,,100,20261025,0.23177834556022478,0.007930631562494695,0.24563277489836136,0.009900990099009901,,,,,complete,
geometry,dataset_romanized_formal,dataset_romanized_formal,cpt_pt,,decoder_12,mean,,,,centered_linear_cka,CKA,0.46704572657704996,,,,,,128,,,,100,20261024,0.19064744063422523,0.007345065673718423,0.20138792584344087,0.009900990099009901,,,,,complete,
geometry,dataset_romanized_formal,dataset_romanized_formal,cpt_pt,,decoder_12,mean,,,,length_residualized_centered_linear_cka,CKA,0.44866033612672424,,,,,,128,,,,100,20261025,0.21311034375313176,0.007979684513362196,0.2288498387317376,0.009900990099009901,,,,,complete,
geometry,dataset_romanized_formal,dataset_romanized_formal,cpt_pt,,decoder_13,mean,,,,centered_linear_cka,CKA,0.4630536321618665,,,,,,128,,,,100,20261024,0.1896911234399919,0.007564429763401848,0.20399790176361549,0.009900990099009901,,,,,complete,
geometry,dataset_romanized_formal,dataset_romanized_formal,cpt_pt,,decoder_13,mean,,,,length_residualized_centered_linear_cka,CKA,0.44058247223057645,,,,,,128,,,,100,20261025,0.20882569868576062,0.007861217654186937,0.2219009192906751,0.009900990099009901,,,,,complete,
geometry,dataset_romanized_formal,dataset_romanized_formal,cpt_pt,,decoder_14,mean,,,,centered_linear_cka,CKA,0.46300221164992855,,,,,,128,,,,100,20261024,0.1962695112347733,0.007263421738864602,0.20822391473724933,0.009900990099009901,,,,,complete,
geometry,dataset_romanized_formal,dataset_romanized_formal,cpt_pt,,decoder_14,mean,,,,length_residualized_centered_linear_cka,CKA,0.4454521115893313,,,,,,128,,,,100,20261025,0.21309961225626536,0.008374023784782742,0.22746078381739038,0.009900990099009901,,,,,complete,
geometry,dataset_romanized_formal,dataset_romanized_formal,cpt_pt,,decoder_15,mean,,,,centered_linear_cka,CKA,0.45712238179760867,,,,,,128,,,,100,20261024,0.19257750275968616,0.00759646097638476,0.20601975819147328,0.009900990099009901,,,,,complete,
geometry,dataset_romanized_formal,dataset_romanized_formal,cpt_pt,,decoder_15,mean,,,,length_residualized_centered_linear_cka,CKA,0.4347861037402548,,,,,,128,,,,100,20261025,0.21370800639357282,0.008355988385016028,0.22669494274875734,0.009900990099009901,,,,,complete,
geometry,dataset_romanized_formal,dataset_romanized_formal,cpt_pt,,decoder_16,mean,,,,centered_linear_cka,CKA,0.45964868082388777,,,,,,128,,,,100,20261024,0.19255917619220075,0.0076331103442838395,0.20550400094461363,0.009900990099009901,,,,,complete,
geometry,dataset_romanized_formal,dataset_romanized_formal,cpt_pt,,decoder_16,mean,,,,length_residualized_centered_linear_cka,CKA,0.4360174035389393,,,,,,128,,,,100,20261025,0.21056108979294133,0.00812315466651576,0.2249037230589706,0.009900990099009901,,,,,complete,
geometry,dataset_romanized_formal,dataset_romanized_formal,cpt_pt,,decoder_17,mean,,,,centered_linear_cka,CKA,0.49574127831398535,,,,,,128,,,,100,20261024,0.17041944685567972,0.008014491546197974,0.183941706863931,0.009900990099009901,,,,,complete,
geometry,dataset_romanized_formal,dataset_romanized_formal,cpt_pt,,decoder_17,mean,,,,length_residualized_centered_linear_cka,CKA,0.46281415220949557,,,,,,128,,,,100,20261025,0.19161386760564303,0.009004110039744929,0.206287275987446,0.009900990099009901,,,,,complete,
geometry,dataset_romanized_formal,dataset_romanized_formal,cpt_pt,,decoder_18,mean,,,,centered_linear_cka,CKA,0.509168693781386,,,,,,128,,,,100,20261024,0.1677571718802333,0.00795160878266018,0.1837896924762335,0.009900990099009901,,,,,complete,
geometry,dataset_romanized_formal,dataset_romanized_formal,cpt_pt,,decoder_18,mean,,,,length_residualized_centered_linear_cka,CKA,0.4626337561998365,,,,,,128,,,,100,20261025,0.18376093214830697,0.009176599239215629,0.19819357631903534,0.009900990099009901,,,,,complete,
geometry,dataset_romanized_formal,dataset_romanized_formal,cpt_pt,,decoder_19,mean,,,,centered_linear_cka,CKA,0.49994849596499147,,,,,,128,,,,100,20261024,0.17932704181834264,0.008041840769457345,0.19332219439324175,0.009900990099009901,,,,,complete,
geometry,dataset_romanized_formal,dataset_romanized_formal,cpt_pt,,decoder_19,mean,,,,length_residualized_centered_linear_cka,CKA,0.44174063314650164,,,,,,128,,,,100,20261025,0.19804787833652596,0.008497762405524167,0.21079438358195746,0.009900990099009901,,,,,complete,
geometry,dataset_romanized_formal,dataset_romanized_formal,cpt_pt,,decoder_20,mean,,,,centered_linear_cka,CKA,0.48766899554867926,,,,,,128,,,,100,20261024,0.1357574173403293,0.007341222948308644,0.14943565953581994,0.009900990099009901,,,,,complete,
geometry,dataset_romanized_formal,dataset_romanized_formal,cpt_pt,,decoder_20,mean,,,,length_residualized_centered_linear_cka,CKA,0.4364320891733971,,,,,,128,,,,100,20261025,0.15531389840699736,0.009031716215238057,0.17209094316542084,0.009900990099009901,,,,,complete,
geometry,dataset_romanized_formal,dataset_romanized_formal,cpt_pt,,decoder_21,mean,,,,centered_linear_cka,CKA,0.5003421584156674,,,,,,128,,,,100,20261024,0.15450634637059246,0.007563249804265903,0.16702262894644965,0.009900990099009901,,,,,complete,
geometry,dataset_romanized_formal,dataset_romanized_formal,cpt_pt,,decoder_21,mean,,,,length_residualized_centered_linear_cka,CKA,0.45005290455948127,,,,,,128,,,,100,20261025,0.17649231791229533,0.009000594276093178,0.19709173192940488,0.009900990099009901,,,,,complete,
geometry,dataset_romanized_formal,dataset_romanized_formal,cpt_pt,,decoder_22,mean,,,,centered_linear_cka,CKA,0.49824387243235696,,,,,,128,,,,100,20261024,0.1581970893433844,0.007397025605835261,0.17197672615345522,0.009900990099009901,,,,,complete,
geometry,dataset_romanized_formal,dataset_romanized_formal,cpt_pt,,decoder_22,mean,,,,length_residualized_centered_linear_cka,CKA,0.45447282504950115,,,,,,128,,,,100,20261025,0.1824048581083989,0.009156195264331812,0.20048132446099948,0.009900990099009901,,,,,complete,
geometry,dataset_romanized_formal,dataset_romanized_formal,cpt_pt,,decoder_23,mean,,,,centered_linear_cka,CKA,0.5010575603192181,,,,,,128,,,,100,20261024,0.1689848073125938,0.007240592313362021,0.18317786070164938,0.009900990099009901,,,,,complete,
geometry,dataset_romanized_formal,dataset_romanized_formal,cpt_pt,,decoder_23,mean,,,,length_residualized_centered_linear_cka,CKA,0.450718485063759,,,,,,128,,,,100,20261025,0.19611448206738444,0.009262700716783246,0.21368791360059403,0.009900990099009901,,,,,complete,
geometry,dataset_romanized_formal,dataset_romanized_formal,cpt_pt,,decoder_24,mean,,,,centered_linear_cka,CKA,0.4739695931481952,,,,,,128,,,,100,20261024,0.17430819764904967,0.007349065954767258,0.18664139074043556,0.009900990099009901,,,,,complete,
geometry,dataset_romanized_formal,dataset_romanized_formal,cpt_pt,,decoder_24,mean,,,,length_residualized_centered_linear_cka,CKA,0.43772315157917374,,,,,,128,,,,100,20261025,0.2047874016363116,0.00897219493022212,0.2222509496078553,0.009900990099009901,,,,,complete,
geometry,dataset_romanized_formal,dataset_romanized_formal,cpt_pt,,decoder_25,mean,,,,centered_linear_cka,CKA,0.46331138154389706,,,,,,128,,,,100,20261024,0.16063367670482007,0.007478728145858474,0.17394616027900095,0.009900990099009901,,,,,complete,
geometry,dataset_romanized_formal,dataset_romanized_formal,cpt_pt,,decoder_25,mean,,,,length_residualized_centered_linear_cka,CKA,0.42260087562417176,,,,,,128,,,,100,20261025,0.18845696310424098,0.008737492297342324,0.2045550813158969,0.009900990099009901,,,,,complete,
geometry,dataset_romanized_formal,dataset_romanized_formal,cpt_pt,,decoder_26,mean,,,,centered_linear_cka,CKA,0.5092731207451396,,,,,,128,,,,100,20261024,0.16571930224109213,0.007266494110291279,0.17979754449077412,0.009900990099009901,,,,,complete,
geometry,dataset_romanized_formal,dataset_romanized_formal,cpt_pt,,decoder_26,mean,,,,length_residualized_centered_linear_cka,CKA,0.45704589108597177,,,,,,128,,,,100,20261025,0.19854601378626363,0.008568136208613587,0.2147868893981157,0.009900990099009901,,,,,complete,
geometry,dataset_romanized_formal,dataset_romanized_formal,cpt_pt,,decoder_27,mean,,,,centered_linear_cka,CKA,0.4981773856875955,,,,,,128,,,,100,20261024,0.1620569278599031,0.007371693722810868,0.17581485734663518,0.009900990099009901,,,,,complete,
geometry,dataset_romanized_formal,dataset_romanized_formal,cpt_pt,,decoder_27,mean,,,,length_residualized_centered_linear_cka,CKA,0.4364662535225978,,,,,,128,,,,100,20261025,0.19000331609159024,0.008694686937190776,0.20709375698817023,0.009900990099009901,,,,,complete,
geometry,dataset_romanized_formal,dataset_romanized_formal,cpt_pt,,decoder_28,mean,,,,centered_linear_cka,CKA,0.4989853552730424,,,,,,128,,,,100,20261024,0.14010334645947975,0.007102030917718334,0.15136200756941068,0.009900990099009901,,,,,complete,
geometry,dataset_romanized_formal,dataset_romanized_formal,cpt_pt,,decoder_28,mean,,,,length_residualized_centered_linear_cka,CKA,0.4262308514524291,,,,,,128,,,,100,20261025,0.1685385638717504,0.009324692550679334,0.18601625620712342,0.009900990099009901,,,,,complete,
geometry,dataset_romanized_formal,dataset_romanized_formal,cpt_pt,,decoder_29,mean,,,,centered_linear_cka,CKA,0.39596816596693196,,,,,,128,,,,100,20261024,0.022755461624750742,0.008373744239112916,0.042723632194888,0.009900990099009901,,,,,complete,
geometry,dataset_romanized_formal,dataset_romanized_formal,cpt_pt,,decoder_29,mean,,,,length_residualized_centered_linear_cka,CKA,0.2806082649733137,,,,,,128,,,,100,20261025,0.02726834022936965,0.01079276184933421,0.04017616959737437,0.009900990099009901,,,,,complete,
geometry,dataset_romanized_formal,dataset_romanized_formal,stock_it,,embedding_baseline,mean,,,,centered_linear_cka,CKA,0.5431679791248811,,,,,,128,,,,100,20261024,0.33232948293576214,0.008644200850333359,0.3476543307128171,0.009900990099009901,,,,,complete,
geometry,dataset_romanized_formal,dataset_romanized_formal,stock_it,,embedding_baseline,mean,,,,length_residualized_centered_linear_cka,CKA,0.525140965085668,,,,,,128,,,,100,20261025,0.33615038779751005,0.007704497035421686,0.35007567736702677,0.009900990099009901,,,,,complete,
geometry,dataset_romanized_formal,dataset_romanized_formal,stock_it,,decoder_00,mean,,,,centered_linear_cka,CKA,0.35085023813877986,,,,,,128,,,,100,20261024,0.08521559448305757,0.009211538969734596,0.10155093792454337,0.009900990099009901,,,,,complete,
geometry,dataset_romanized_formal,dataset_romanized_formal,stock_it,,decoder_00,mean,,,,length_residualized_centered_linear_cka,CKA,0.27304775440413165,,,,,,128,,,,100,20261025,0.08676785987795445,0.010188433872103475,0.10572330459296804,0.009900990099009901,,,,,complete,
geometry,dataset_romanized_formal,dataset_romanized_formal,stock_it,,decoder_01,mean,,,,centered_linear_cka,CKA,0.44574909123582196,,,,,,128,,,,100,20261024,0.18147931003165424,0.008151264403310236,0.1922802342918842,0.009900990099009901,,,,,complete,
geometry,dataset_romanized_formal,dataset_romanized_formal,stock_it,,decoder_01,mean,,,,length_residualized_centered_linear_cka,CKA,0.36100278388336055,,,,,,128,,,,100,20261025,0.19764116455582598,0.008843738018786644,0.21168286713520287,0.009900990099009901,,,,,complete,
geometry,dataset_romanized_formal,dataset_romanized_formal,stock_it,,decoder_02,mean,,,,centered_linear_cka,CKA,0.5610995751142966,,,,,,128,,,,100,20261024,0.2736443866810359,0.008700457626715521,0.28974994769155366,0.009900990099009901,,,,,complete,
geometry,dataset_romanized_formal,dataset_romanized_formal,stock_it,,decoder_02,mean,,,,length_residualized_centered_linear_cka,CKA,0.5115735034502409,,,,,,128,,,,100,20261025,0.28382926278701104,0.008260824189644973,0.2991911428396157,0.009900990099009901,,,,,complete,
geometry,dataset_romanized_formal,dataset_romanized_formal,stock_it,,decoder_03,mean,,,,centered_linear_cka,CKA,0.5713327646759248,,,,,,128,,,,100,20261024,0.24555605473075115,0.008802078994571099,0.25969728039749923,0.009900990099009901,,,,,complete,
geometry,dataset_romanized_formal,dataset_romanized_formal,stock_it,,decoder_03,mean,,,,length_residualized_centered_linear_cka,CKA,0.478321192192176,,,,,,128,,,,100,20261025,0.2667722996590657,0.00833094457181553,0.2803747342555529,0.009900990099009901,,,,,complete,
geometry,dataset_romanized_formal,dataset_romanized_formal,stock_it,,decoder_04,mean,,,,centered_linear_cka,CKA,0.5614022976785645,,,,,,128,,,,100,20261024,0.25433769788253896,0.007877954445278198,0.2650210983079252,0.009900990099009901,,,,,complete,
geometry,dataset_romanized_formal,dataset_romanized_formal,stock_it,,decoder_04,mean,,,,length_residualized_centered_linear_cka,CKA,0.46999959478483266,,,,,,128,,,,100,20261025,0.2722196154409991,0.008146012886746441,0.28551107696781575,0.009900990099009901,,,,,complete,
geometry,dataset_romanized_formal,dataset_romanized_formal,stock_it,,decoder_05,mean,,,,centered_linear_cka,CKA,0.4610747551933192,,,,,,128,,,,100,20261024,0.20751302328062063,0.008674634168913252,0.22202661235493806,0.009900990099009901,,,,,complete,
geometry,dataset_romanized_formal,dataset_romanized_formal,stock_it,,decoder_05,mean,,,,length_residualized_centered_linear_cka,CKA,0.3852728224722664,,,,,,128,,,,100,20261025,0.22172483310922989,0.009249702777780233,0.2383037346094373,0.009900990099009901,,,,,complete,
geometry,dataset_romanized_formal,dataset_romanized_formal,stock_it,,decoder_06,mean,,,,centered_linear_cka,CKA,0.4672881874233808,,,,,,128,,,,100,20261024,0.22738925295641654,0.008718457293760218,0.24327430327627184,0.009900990099009901,,,,,complete,
geometry,dataset_romanized_formal,dataset_romanized_formal,stock_it,,decoder_06,mean,,,,length_residualized_centered_linear_cka,CKA,0.4021327192113293,,,,,,128,,,,100,20261025,0.24523661310089412,0.008678240424879666,0.25899151137946946,0.009900990099009901,,,,,complete,
geometry,dataset_romanized_formal,dataset_romanized_formal,stock_it,,decoder_07,mean,,,,centered_linear_cka,CKA,0.4698796455382904,,,,,,128,,,,100,20261024,0.23182748066066425,0.00863147709586033,0.24609627175867851,0.009900990099009901,,,,,complete,
geometry,dataset_romanized_formal,dataset_romanized_formal,stock_it,,decoder_07,mean,,,,length_residualized_centered_linear_cka,CKA,0.4146769861469987,,,,,,128,,,,100,20261025,0.253882122695378,0.007892884180891124,0.26765175628021454,0.009900990099009901,,,,,complete,
geometry,dataset_romanized_formal,dataset_romanized_formal,stock_it,,decoder_08,mean,,,,centered_linear_cka,CKA,0.4614162991415068,,,,,,128,,,,100,20261024,0.23251532024176577,0.008627876753837995,0.2511312385265124,0.009900990099009901,,,,,complete,
geometry,dataset_romanized_formal,dataset_romanized_formal,stock_it,,decoder_08,mean,,,,length_residualized_centered_linear_cka,CKA,0.4201315923931241,,,,,,128,,,,100,20261025,0.25700287755294576,0.007456955592058891,0.26923068593961674,0.009900990099009901,,,,,complete,
geometry,dataset_romanized_formal,dataset_romanized_formal,stock_it,,decoder_09,mean,,,,centered_linear_cka,CKA,0.46284992642431216,,,,,,128,,,,100,20261024,0.23518491366411134,0.008367524784167843,0.25085530323865346,0.009900990099009901,,,,,complete,
geometry,dataset_romanized_formal,dataset_romanized_formal,stock_it,,decoder_09,mean,,,,length_residualized_centered_linear_cka,CKA,0.4305847215736322,,,,,,128,,,,100,20261025,0.25574448676389105,0.007467735965515101,0.26804464133042244,0.009900990099009901,,,,,complete,
geometry,dataset_romanized_formal,dataset_romanized_formal,stock_it,,decoder_10,mean,,,,centered_linear_cka,CKA,0.4448267843185221,,,,,,128,,,,100,20261024,0.23163847780098293,0.008615805099453712,0.24732248319147465,0.009900990099009901,,,,,complete,
geometry,dataset_romanized_formal,dataset_romanized_formal,stock_it,,decoder_10,mean,,,,length_residualized_centered_linear_cka,CKA,0.4146607697867558,,,,,,128,,,,100,20261025,0.24724923897788748,0.008058604801940324,0.26246360975543054,0.009900990099009901,,,,,complete,
geometry,dataset_romanized_formal,dataset_romanized_formal,stock_it,,decoder_11,mean,,,,centered_linear_cka,CKA,0.3726998041107679,,,,,,128,,,,100,20261024,0.18971397051487038,0.009767754022168104,0.2060113138607741,0.009900990099009901,,,,,complete,
geometry,dataset_romanized_formal,dataset_romanized_formal,stock_it,,decoder_11,mean,,,,length_residualized_centered_linear_cka,CKA,0.3369506772915946,,,,,,128,,,,100,20261025,0.19636024034318889,0.008969564047182932,0.2106518281611,0.009900990099009901,,,,,complete,
geometry,dataset_romanized_formal,dataset_romanized_formal,stock_it,,decoder_12,mean,,,,centered_linear_cka,CKA,0.33679138281999393,,,,,,128,,,,100,20261024,0.16720829183137723,0.010225068840530196,0.18655977215196495,0.009900990099009901,,,,,complete,
geometry,dataset_romanized_formal,dataset_romanized_formal,stock_it,,decoder_12,mean,,,,length_residualized_centered_linear_cka,CKA,0.30170911881993434,,,,,,128,,,,100,20261025,0.17249743570188802,0.008851072330748373,0.18659972858681206,0.009900990099009901,,,,,complete,
geometry,dataset_romanized_formal,dataset_romanized_formal,stock_it,,decoder_13,mean,,,,centered_linear_cka,CKA,0.3195041174645169,,,,,,128,,,,100,20261024,0.16907257359528305,0.010416383320114136,0.18932760899465728,0.009900990099009901,,,,,complete,
geometry,dataset_romanized_formal,dataset_romanized_formal,stock_it,,decoder_13,mean,,,,length_residualized_centered_linear_cka,CKA,0.2871953997159691,,,,,,128,,,,100,20261025,0.17379429198627566,0.009182192693038922,0.1896404852237272,0.009900990099009901,,,,,complete,
geometry,dataset_romanized_formal,dataset_romanized_formal,stock_it,,decoder_14,mean,,,,centered_linear_cka,CKA,0.31937358493799356,,,,,,128,,,,100,20261024,0.17889735177283497,0.010434121127885344,0.19717131019238135,0.009900990099009901,,,,,complete,
geometry,dataset_romanized_formal,dataset_romanized_formal,stock_it,,decoder_14,mean,,,,length_residualized_centered_linear_cka,CKA,0.291870567425585,,,,,,128,,,,100,20261025,0.18173427945812443,0.00864247991548553,0.19733216524988265,0.009900990099009901,,,,,complete,
geometry,dataset_romanized_formal,dataset_romanized_formal,stock_it,,decoder_15,mean,,,,centered_linear_cka,CKA,0.3046392883034298,,,,,,128,,,,100,20261024,0.1611450292486834,0.01084338432743844,0.18100255099661586,0.009900990099009901,,,,,complete,
geometry,dataset_romanized_formal,dataset_romanized_formal,stock_it,,decoder_15,mean,,,,length_residualized_centered_linear_cka,CKA,0.27210855070086964,,,,,,128,,,,100,20261025,0.16336169403689627,0.009161133840311038,0.1791418168786632,0.009900990099009901,,,,,complete,
geometry,dataset_romanized_formal,dataset_romanized_formal,stock_it,,decoder_16,mean,,,,centered_linear_cka,CKA,0.35529564233601046,,,,,,128,,,,100,20261024,0.1971918919955547,0.010316919943084866,0.21767111499042302,0.009900990099009901,,,,,complete,
geometry,dataset_romanized_formal,dataset_romanized_formal,stock_it,,decoder_16,mean,,,,length_residualized_centered_linear_cka,CKA,0.31634375089350303,,,,,,128,,,,100,20261025,0.1991746105634527,0.008706357841734375,0.2144266504461503,0.009900990099009901,,,,,complete,
geometry,dataset_romanized_formal,dataset_romanized_formal,stock_it,,decoder_17,mean,,,,centered_linear_cka,CKA,0.38201590842528216,,,,,,128,,,,100,20261024,0.20854583172176253,0.009594198280247334,0.22448632451699047,0.009900990099009901,,,,,complete,
geometry,dataset_romanized_formal,dataset_romanized_formal,stock_it,,decoder_17,mean,,,,length_residualized_centered_linear_cka,CKA,0.32735922792881056,,,,,,128,,,,100,20261025,0.21299135661086652,0.008089408515221446,0.2272714697283581,0.009900990099009901,,,,,complete,
geometry,dataset_romanized_formal,dataset_romanized_formal,stock_it,,decoder_18,mean,,,,centered_linear_cka,CKA,0.3805189472519381,,,,,,128,,,,100,20261024,0.21067378137441303,0.009305261144929175,0.22553501923976724,0.009900990099009901,,,,,complete,
geometry,dataset_romanized_formal,dataset_romanized_formal,stock_it,,decoder_18,mean,,,,length_residualized_centered_linear_cka,CKA,0.32938229971079247,,,,,,128,,,,100,20261025,0.21545554092296537,0.00805204695738121,0.2293962342700562,0.009900990099009901,,,,,complete,
geometry,dataset_romanized_formal,dataset_romanized_formal,stock_it,,decoder_19,mean,,,,centered_linear_cka,CKA,0.36571157261110404,,,,,,128,,,,100,20261024,0.1925848362256213,0.008999299494692952,0.20946492382908835,0.009900990099009901,,,,,complete,
geometry,dataset_romanized_formal,dataset_romanized_formal,stock_it,,decoder_19,mean,,,,length_residualized_centered_linear_cka,CKA,0.30897726269353964,,,,,,128,,,,100,20261025,0.19558114307735927,0.007888647740795882,0.21093980823578629,0.009900990099009901,,,,,complete,
geometry,dataset_romanized_formal,dataset_romanized_formal,stock_it,,decoder_20,mean,,,,centered_linear_cka,CKA,0.371988754561916,,,,,,128,,,,100,20261024,0.20156230875978057,0.009752268072832991,0.22012138844538345,0.009900990099009901,,,,,complete,
geometry,dataset_romanized_formal,dataset_romanized_formal,stock_it,,decoder_20,mean,,,,length_residualized_centered_linear_cka,CKA,0.3107610571491444,,,,,,128,,,,100,20261025,0.20536894248005078,0.007984849646140163,0.22057670633120627,0.009900990099009901,,,,,complete,
geometry,dataset_romanized_formal,dataset_romanized_formal,stock_it,,decoder_21,mean,,,,centered_linear_cka,CKA,0.38578249877198567,,,,,,128,,,,100,20261024,0.2089654831441427,0.009490376301968782,0.22579528118703449,0.009900990099009901,,,,,complete,
geometry,dataset_romanized_formal,dataset_romanized_formal,stock_it,,decoder_21,mean,,,,length_residualized_centered_linear_cka,CKA,0.31956900496640306,,,,,,128,,,,100,20261025,0.2129847488440825,0.00790625646752323,0.22688320344493368,0.009900990099009901,,,,,complete,
geometry,dataset_romanized_formal,dataset_romanized_formal,stock_it,,decoder_22,mean,,,,centered_linear_cka,CKA,0.40463020404151634,,,,,,128,,,,100,20261024,0.21802074573054747,0.00933496923457706,0.23425461054947122,0.009900990099009901,,,,,complete,
geometry,dataset_romanized_formal,dataset_romanized_formal,stock_it,,decoder_22,mean,,,,length_residualized_centered_linear_cka,CKA,0.33727648973339364,,,,,,128,,,,100,20261025,0.22413555477765307,0.007891485042163316,0.23759055932768625,0.009900990099009901,,,,,complete,
geometry,dataset_romanized_formal,dataset_romanized_formal,stock_it,,decoder_23,mean,,,,centered_linear_cka,CKA,0.24056780641909484,,,,,,128,,,,100,20261024,0.14700255286829733,0.010929682280860923,0.16849968689759756,0.009900990099009901,,,,,complete,
geometry,dataset_romanized_formal,dataset_romanized_formal,stock_it,,decoder_23,mean,,,,length_residualized_centered_linear_cka,CKA,0.2043993715578081,,,,,,128,,,,100,20261025,0.14466962092584487,0.010835269367072135,0.16019799309161534,0.009900990099009901,,,,,complete,
geometry,dataset_romanized_formal,dataset_romanized_formal,stock_it,,decoder_24,mean,,,,centered_linear_cka,CKA,0.22449438466613345,,,,,,128,,,,100,20261024,0.14169154261909328,0.011075901010021016,0.1664380838567764,0.009900990099009901,,,,,complete,
geometry,dataset_romanized_formal,dataset_romanized_formal,stock_it,,decoder_24,mean,,,,length_residualized_centered_linear_cka,CKA,0.1905260286870837,,,,,,128,,,,100,20261025,0.14007993803510976,0.011410683038057125,0.15588149221912523,0.019801980198019802,,,,,complete,
geometry,dataset_romanized_formal,dataset_romanized_formal,stock_it,,decoder_25,mean,,,,centered_linear_cka,CKA,0.2663609333671606,,,,,,128,,,,100,20261024,0.16357869648217196,0.011218877374496965,0.18499724210252116,0.009900990099009901,,,,,complete,
geometry,dataset_romanized_formal,dataset_romanized_formal,stock_it,,decoder_25,mean,,,,length_residualized_centered_linear_cka,CKA,0.2238022239037478,,,,,,128,,,,100,20261025,0.16236560198828923,0.010757254569376215,0.17637658375745877,0.009900990099009901,,,,,complete,
geometry,dataset_romanized_formal,dataset_romanized_formal,stock_it,,decoder_26,mean,,,,centered_linear_cka,CKA,0.23427742737229493,,,,,,128,,,,100,20261024,0.1416667632330477,0.01037857072635151,0.16229344179000918,0.009900990099009901,,,,,complete,
geometry,dataset_romanized_formal,dataset_romanized_formal,stock_it,,decoder_26,mean,,,,length_residualized_centered_linear_cka,CKA,0.19825661575378783,,,,,,128,,,,100,20261025,0.14010037284249954,0.010013693713385554,0.15943006637733895,0.009900990099009901,,,,,complete,
geometry,dataset_romanized_formal,dataset_romanized_formal,stock_it,,decoder_27,mean,,,,centered_linear_cka,CKA,0.26295098444042103,,,,,,128,,,,100,20261024,0.161896495641161,0.00982033132513143,0.18162037793179217,0.009900990099009901,,,,,complete,
geometry,dataset_romanized_formal,dataset_romanized_formal,stock_it,,decoder_27,mean,,,,length_residualized_centered_linear_cka,CKA,0.2241238212570786,,,,,,128,,,,100,20261025,0.16136373547961988,0.009703184360113202,0.17892485663532953,0.009900990099009901,,,,,complete,
geometry,dataset_romanized_formal,dataset_romanized_formal,stock_it,,decoder_28,mean,,,,centered_linear_cka,CKA,0.18247002633869794,,,,,,128,,,,100,20261024,0.12158477071168786,0.009471408594989862,0.13753889279928358,0.009900990099009901,,,,,complete,
geometry,dataset_romanized_formal,dataset_romanized_formal,stock_it,,decoder_28,mean,,,,length_residualized_centered_linear_cka,CKA,0.158382070796918,,,,,,128,,,,100,20261025,0.11922645389784767,0.008762194731342205,0.13583601879691573,0.009900990099009901,,,,,complete,
geometry,dataset_romanized_formal,dataset_romanized_formal,stock_it,,decoder_29,mean,,,,centered_linear_cka,CKA,0.13830572699043123,,,,,,128,,,,100,20261024,0.0593770923356984,0.009054074614686661,0.07864353149727289,0.009900990099009901,,,,,complete,
geometry,dataset_romanized_formal,dataset_romanized_formal,stock_it,,decoder_29,mean,,,,length_residualized_centered_linear_cka,CKA,0.12481827829245147,,,,,,128,,,,100,20261025,0.05694885769927583,0.008533033517950544,0.07471150939258173,0.009900990099009901,,,,,complete,
geometry,parallel_english_sinhala_control,parallel_english_sinhala_control,stock_pt,,embedding_baseline,mean,,,,centered_linear_cka,CKA,0.7017244986781471,,,,,,100,,,,100,20261024,0.3937973232418017,0.00826491649766336,0.40734468182173394,0.009900990099009901,,,,,complete,
geometry,parallel_english_sinhala_control,parallel_english_sinhala_control,stock_pt,,embedding_baseline,mean,,,,length_residualized_centered_linear_cka,CKA,0.6941932625283986,,,,,,100,,,,100,20261025,0.39345700598349104,0.008548651139891497,0.4077498612264913,0.009900990099009901,,,,,complete,
geometry,parallel_english_sinhala_control,parallel_english_sinhala_control,stock_pt,,decoder_00,mean,,,,centered_linear_cka,CKA,0.49561382247756647,,,,,,100,,,,100,20261024,0.10176625968538663,0.012121275007256772,0.1276145986851578,0.009900990099009901,,,,,complete,
geometry,parallel_english_sinhala_control,parallel_english_sinhala_control,stock_pt,,decoder_00,mean,,,,length_residualized_centered_linear_cka,CKA,0.508172062113357,,,,,,100,,,,100,20261025,0.10390672973838758,0.013505618337456152,0.13248760222684772,0.009900990099009901,,,,,complete,
geometry,parallel_english_sinhala_control,parallel_english_sinhala_control,stock_pt,,decoder_01,mean,,,,centered_linear_cka,CKA,0.5210836440723903,,,,,,100,,,,100,20261024,0.22642268750412145,0.011395405881018169,0.2472423904370888,0.009900990099009901,,,,,complete,
geometry,parallel_english_sinhala_control,parallel_english_sinhala_control,stock_pt,,decoder_01,mean,,,,length_residualized_centered_linear_cka,CKA,0.5225734501382607,,,,,,100,,,,100,20261025,0.22906348179117686,0.010418790549010437,0.24855160013254346,0.009900990099009901,,,,,complete,
geometry,parallel_english_sinhala_control,parallel_english_sinhala_control,stock_pt,,decoder_02,mean,,,,centered_linear_cka,CKA,0.6708930226090822,,,,,,100,,,,100,20261024,0.3967314631067189,0.009518655206613843,0.4105384332110048,0.009900990099009901,,,,,complete,
geometry,parallel_english_sinhala_control,parallel_english_sinhala_control,stock_pt,,decoder_02,mean,,,,length_residualized_centered_linear_cka,CKA,0.6694698173647563,,,,,,100,,,,100,20261025,0.3977845777165628,0.009361663639404424,0.4127138465228569,0.009900990099009901,,,,,complete,
geometry,parallel_english_sinhala_control,parallel_english_sinhala_control,stock_pt,,decoder_03,mean,,,,centered_linear_cka,CKA,0.7266158073195951,,,,,,100,,,,100,20261024,0.34135451876752404,0.009484989637199707,0.35711568047314973,0.009900990099009901,,,,,complete,
geometry,parallel_english_sinhala_control,parallel_english_sinhala_control,stock_pt,,decoder_03,mean,,,,length_residualized_centered_linear_cka,CKA,0.7229698491875698,,,,,,100,,,,100,20261025,0.342515997335238,0.010377148561040111,0.3584226632390097,0.009900990099009901,,,,,complete,
geometry,parallel_english_sinhala_control,parallel_english_sinhala_control,stock_pt,,decoder_04,mean,,,,centered_linear_cka,CKA,0.7549313035033224,,,,,,100,,,,100,20261024,0.3176705720180643,0.009546538577002717,0.33207710680772007,0.009900990099009901,,,,,complete,
geometry,parallel_english_sinhala_control,parallel_english_sinhala_control,stock_pt,,decoder_04,mean,,,,length_residualized_centered_linear_cka,CKA,0.7505991358729606,,,,,,100,,,,100,20261025,0.3188183445475381,0.010884466722801687,0.33723646698414733,0.009900990099009901,,,,,complete,
geometry,parallel_english_sinhala_control,parallel_english_sinhala_control,stock_pt,,decoder_05,mean,,,,centered_linear_cka,CKA,0.7329454727855552,,,,,,100,,,,100,20261024,0.29054604660714484,0.010004458375885223,0.3082720425273455,0.009900990099009901,,,,,complete,
geometry,parallel_english_sinhala_control,parallel_english_sinhala_control,stock_pt,,decoder_05,mean,,,,length_residualized_centered_linear_cka,CKA,0.7316502987683233,,,,,,100,,,,100,20261025,0.29321500296298025,0.011488698417418156,0.31445480786461605,0.009900990099009901,,,,,complete,
geometry,parallel_english_sinhala_control,parallel_english_sinhala_control,stock_pt,,decoder_06,mean,,,,centered_linear_cka,CKA,0.7854774616808948,,,,,,100,,,,100,20261024,0.3091849726843679,0.010203087418067728,0.3298468431563594,0.009900990099009901,,,,,complete,
geometry,parallel_english_sinhala_control,parallel_english_sinhala_control,stock_pt,,decoder_06,mean,,,,length_residualized_centered_linear_cka,CKA,0.7842574501883551,,,,,,100,,,,100,20261025,0.30889163620362514,0.011518333478284458,0.3263862241466036,0.009900990099009901,,,,,complete,
geometry,parallel_english_sinhala_control,parallel_english_sinhala_control,stock_pt,,decoder_07,mean,,,,centered_linear_cka,CKA,0.7580800824132268,,,,,,100,,,,100,20261024,0.29352605012307775,0.010437256590209878,0.31606350205591655,0.009900990099009901,,,,,complete,
geometry,parallel_english_sinhala_control,parallel_english_sinhala_control,stock_pt,,decoder_07,mean,,,,length_residualized_centered_linear_cka,CKA,0.7567422795529523,,,,,,100,,,,100,20261025,0.29259911100029795,0.011060707058997634,0.31243868182187456,0.009900990099009901,,,,,complete,
geometry,parallel_english_sinhala_control,parallel_english_sinhala_control,stock_pt,,decoder_08,mean,,,,centered_linear_cka,CKA,0.8008112217857611,,,,,,100,,,,100,20261024,0.287405092145692,0.010366997169388083,0.3081570503540648,0.009900990099009901,,,,,complete,
geometry,parallel_english_sinhala_control,parallel_english_sinhala_control,stock_pt,,decoder_08,mean,,,,length_residualized_centered_linear_cka,CKA,0.7971765659403668,,,,,,100,,,,100,20261025,0.2859378344274153,0.011005005541431577,0.30613439502501,0.009900990099009901,,,,,complete,
geometry,parallel_english_sinhala_control,parallel_english_sinhala_control,stock_pt,,decoder_09,mean,,,,centered_linear_cka,CKA,0.8254009784564199,,,,,,100,,,,100,20261024,0.28032248138979665,0.010367227700035377,0.3000625003980464,0.009900990099009901,,,,,complete,
geometry,parallel_english_sinhala_control,parallel_english_sinhala_control,stock_pt,,decoder_09,mean,,,,length_residualized_centered_linear_cka,CKA,0.8226185989463792,,,,,,100,,,,100,20261025,0.27773945707746844,0.011521233499843882,0.2961862756783382,0.009900990099009901,,,,,complete,
geometry,parallel_english_sinhala_control,parallel_english_sinhala_control,stock_pt,,decoder_10,mean,,,,centered_linear_cka,CKA,0.8410559658627507,,,,,,100,,,,100,20261024,0.2920260632877624,0.009876891569990835,0.3112238859247362,0.009900990099009901,,,,,complete,
geometry,parallel_english_sinhala_control,parallel_english_sinhala_control,stock_pt,,decoder_10,mean,,,,length_residualized_centered_linear_cka,CKA,0.835917000635698,,,,,,100,,,,100,20261025,0.29010756250959097,0.011536494210703732,0.3085839794292438,0.009900990099009901,,,,,complete,
geometry,parallel_english_sinhala_control,parallel_english_sinhala_control,stock_pt,,decoder_11,mean,,,,centered_linear_cka,CKA,0.8473627212888742,,,,,,100,,,,100,20261024,0.26283082982852546,0.01011827319899755,0.28099676067565194,0.009900990099009901,,,,,complete,
geometry,parallel_english_sinhala_control,parallel_english_sinhala_control,stock_pt,,decoder_11,mean,,,,length_residualized_centered_linear_cka,CKA,0.8420159840326104,,,,,,100,,,,100,20261025,0.26180823945819337,0.012405127506124616,0.2811964723098368,0.009900990099009901,,,,,complete,
geometry,parallel_english_sinhala_control,parallel_english_sinhala_control,stock_pt,,decoder_12,mean,,,,centered_linear_cka,CKA,0.8367548807498113,,,,,,100,,,,100,20261024,0.2437926499991514,0.010934852640598992,0.2636790264743177,0.009900990099009901,,,,,complete,
geometry,parallel_english_sinhala_control,parallel_english_sinhala_control,stock_pt,,decoder_12,mean,,,,length_residualized_centered_linear_cka,CKA,0.8325017840315766,,,,,,100,,,,100,20261025,0.24259274424535948,0.012829000119788518,0.26388236157739037,0.009900990099009901,,,,,complete,
geometry,parallel_english_sinhala_control,parallel_english_sinhala_control,stock_pt,,decoder_13,mean,,,,centered_linear_cka,CKA,0.829800897785535,,,,,,100,,,,100,20261024,0.24867713593311244,0.01084832257435892,0.2697725857312854,0.009900990099009901,,,,,complete,
geometry,parallel_english_sinhala_control,parallel_english_sinhala_control,stock_pt,,decoder_13,mean,,,,length_residualized_centered_linear_cka,CKA,0.8260023404036554,,,,,,100,,,,100,20261025,0.24747233148243145,0.012551333674594647,0.26876009515097177,0.009900990099009901,,,,,complete,
geometry,parallel_english_sinhala_control,parallel_english_sinhala_control,stock_pt,,decoder_14,mean,,,,centered_linear_cka,CKA,0.830732881918234,,,,,,100,,,,100,20261024,0.26690999427361,0.010654587595294215,0.2885005513111518,0.009900990099009901,,,,,complete,
geometry,parallel_english_sinhala_control,parallel_english_sinhala_control,stock_pt,,decoder_14,mean,,,,length_residualized_centered_linear_cka,CKA,0.8276600974485034,,,,,,100,,,,100,20261025,0.26529657223259234,0.012189624808141957,0.28566289139054823,0.009900990099009901,,,,,complete,
geometry,parallel_english_sinhala_control,parallel_english_sinhala_control,stock_pt,,decoder_15,mean,,,,centered_linear_cka,CKA,0.806824795242098,,,,,,100,,,,100,20261024,0.26145885488682685,0.01161559414898503,0.28292074327455025,0.009900990099009901,,,,,complete,
geometry,parallel_english_sinhala_control,parallel_english_sinhala_control,stock_pt,,decoder_15,mean,,,,length_residualized_centered_linear_cka,CKA,0.8063730574813407,,,,,,100,,,,100,20261025,0.25770172337167,0.011728376478055653,0.27929039701738867,0.009900990099009901,,,,,complete,
geometry,parallel_english_sinhala_control,parallel_english_sinhala_control,stock_pt,,decoder_16,mean,,,,centered_linear_cka,CKA,0.8201966179345559,,,,,,100,,,,100,20261024,0.26178252663521767,0.010219628574438942,0.283396879394965,0.009900990099009901,,,,,complete,
geometry,parallel_english_sinhala_control,parallel_english_sinhala_control,stock_pt,,decoder_16,mean,,,,length_residualized_centered_linear_cka,CKA,0.8160257388986627,,,,,,100,,,,100,20261025,0.26037843816030387,0.012391485624259667,0.2825714215051445,0.009900990099009901,,,,,complete,
geometry,parallel_english_sinhala_control,parallel_english_sinhala_control,stock_pt,,decoder_17,mean,,,,centered_linear_cka,CKA,0.8094003229272366,,,,,,100,,,,100,20261024,0.27515443813917545,0.010360809159767385,0.29359682941989107,0.009900990099009901,,,,,complete,
geometry,parallel_english_sinhala_control,parallel_english_sinhala_control,stock_pt,,decoder_17,mean,,,,length_residualized_centered_linear_cka,CKA,0.8052972625486894,,,,,,100,,,,100,20261025,0.2746546222634506,0.011976616616395729,0.2967748804048747,0.009900990099009901,,,,,complete,
geometry,parallel_english_sinhala_control,parallel_english_sinhala_control,stock_pt,,decoder_18,mean,,,,centered_linear_cka,CKA,0.7978636558710783,,,,,,100,,,,100,20261024,0.2657322171274688,0.01063177921188586,0.28561087051448536,0.009900990099009901,,,,,complete,
geometry,parallel_english_sinhala_control,parallel_english_sinhala_control,stock_pt,,decoder_18,mean,,,,length_residualized_centered_linear_cka,CKA,0.795446115566273,,,,,,100,,,,100,20261025,0.2641032128015866,0.01206673614089957,0.28485328164818924,0.009900990099009901,,,,,complete,
geometry,parallel_english_sinhala_control,parallel_english_sinhala_control,stock_pt,,decoder_19,mean,,,,centered_linear_cka,CKA,0.7891530779081132,,,,,,100,,,,100,20261024,0.2871406405139732,0.009888471493683748,0.304319179711071,0.009900990099009901,,,,,complete,
geometry,parallel_english_sinhala_control,parallel_english_sinhala_control,stock_pt,,decoder_19,mean,,,,length_residualized_centered_linear_cka,CKA,0.7864847335269265,,,,,,100,,,,100,20261025,0.28618713076146024,0.011340036958949347,0.3053476153420535,0.009900990099009901,,,,,complete,
geometry,parallel_english_sinhala_control,parallel_english_sinhala_control,stock_pt,,decoder_20,mean,,,,centered_linear_cka,CKA,0.8013927662049494,,,,,,100,,,,100,20261024,0.3245843769713712,0.00901139084566409,0.3409218143805104,0.009900990099009901,,,,,complete,
geometry,parallel_english_sinhala_control,parallel_english_sinhala_control,stock_pt,,decoder_20,mean,,,,length_residualized_centered_linear_cka,CKA,0.7966925466818552,,,,,,100,,,,100,20261025,0.32383807320724745,0.01059716084082209,0.3420832964768001,0.009900990099009901,,,,,complete,
geometry,parallel_english_sinhala_control,parallel_english_sinhala_control,stock_pt,,decoder_21,mean,,,,centered_linear_cka,CKA,0.760046152949686,,,,,,100,,,,100,20261024,0.3411835841662619,0.008724997371414326,0.35484297170913937,0.009900990099009901,,,,,complete,
geometry,parallel_english_sinhala_control,parallel_english_sinhala_control,stock_pt,,decoder_21,mean,,,,length_residualized_centered_linear_cka,CKA,0.7540362269134973,,,,,,100,,,,100,20261025,0.34027396066277044,0.009959642628117545,0.35790558885366613,0.009900990099009901,,,,,complete,
geometry,parallel_english_sinhala_control,parallel_english_sinhala_control,stock_pt,,decoder_22,mean,,,,centered_linear_cka,CKA,0.755328473842058,,,,,,100,,,,100,20261024,0.37283009758352215,0.008287426093514978,0.38603509471082154,0.009900990099009901,,,,,complete,
geometry,parallel_english_sinhala_control,parallel_english_sinhala_control,stock_pt,,decoder_22,mean,,,,length_residualized_centered_linear_cka,CKA,0.75228062797151,,,,,,100,,,,100,20261025,0.37254597179315047,0.009255174123495115,0.3867100836317144,0.009900990099009901,,,,,complete,
geometry,parallel_english_sinhala_control,parallel_english_sinhala_control,stock_pt,,decoder_23,mean,,,,centered_linear_cka,CKA,0.7272508027732579,,,,,,100,,,,100,20261024,0.38061098109731284,0.008056177402143703,0.39283376564474176,0.009900990099009901,,,,,complete,
geometry,parallel_english_sinhala_control,parallel_english_sinhala_control,stock_pt,,decoder_23,mean,,,,length_residualized_centered_linear_cka,CKA,0.7262023290668008,,,,,,100,,,,100,20261025,0.3812798470323225,0.00914405968765175,0.39565779809041535,0.009900990099009901,,,,,complete,
geometry,parallel_english_sinhala_control,parallel_english_sinhala_control,stock_pt,,decoder_24,mean,,,,centered_linear_cka,CKA,0.7309601248450965,,,,,,100,,,,100,20261024,0.3907400439653316,0.008244281706575672,0.40325238195534313,0.009900990099009901,,,,,complete,
geometry,parallel_english_sinhala_control,parallel_english_sinhala_control,stock_pt,,decoder_24,mean,,,,length_residualized_centered_linear_cka,CKA,0.7300041006561969,,,,,,100,,,,100,20261025,0.39323662252200026,0.009007106942546647,0.40800900906501064,0.009900990099009901,,,,,complete,
geometry,parallel_english_sinhala_control,parallel_english_sinhala_control,stock_pt,,decoder_25,mean,,,,centered_linear_cka,CKA,0.7232141847700688,,,,,,100,,,,100,20261024,0.40413088099090205,0.007805226042888635,0.4158202599616365,0.009900990099009901,,,,,complete,
geometry,parallel_english_sinhala_control,parallel_english_sinhala_control,stock_pt,,decoder_25,mean,,,,length_residualized_centered_linear_cka,CKA,0.7277853454408657,,,,,,100,,,,100,20261025,0.40862966306848386,0.008835993181091848,0.4242386361606284,0.009900990099009901,,,,,complete,
geometry,parallel_english_sinhala_control,parallel_english_sinhala_control,stock_pt,,decoder_26,mean,,,,centered_linear_cka,CKA,0.7695129205800812,,,,,,100,,,,100,20261024,0.44149060032792425,0.0076147228032335595,0.45339784001498573,0.009900990099009901,,,,,complete,
geometry,parallel_english_sinhala_control,parallel_english_sinhala_control,stock_pt,,decoder_26,mean,,,,length_residualized_centered_linear_cka,CKA,0.7666405067124196,,,,,,100,,,,100,20261025,0.44320004275588276,0.008704104109906262,0.45784445732672513,0.009900990099009901,,,,,complete,
geometry,parallel_english_sinhala_control,parallel_english_sinhala_control,stock_pt,,decoder_27,mean,,,,centered_linear_cka,CKA,0.7470007310597273,,,,,,100,,,,100,20261024,0.41101336256758947,0.008081713738473821,0.4250059771398172,0.009900990099009901,,,,,complete,
geometry,parallel_english_sinhala_control,parallel_english_sinhala_control,stock_pt,,decoder_27,mean,,,,length_residualized_centered_linear_cka,CKA,0.7470370598236648,,,,,,100,,,,100,20261025,0.4129574394949255,0.009180980760795907,0.4277741971458046,0.009900990099009901,,,,,complete,
geometry,parallel_english_sinhala_control,parallel_english_sinhala_control,stock_pt,,decoder_28,mean,,,,centered_linear_cka,CKA,0.7221346634821312,,,,,,100,,,,100,20261024,0.40049027084510436,0.009186758014369079,0.41543218294936757,0.009900990099009901,,,,,complete,
geometry,parallel_english_sinhala_control,parallel_english_sinhala_control,stock_pt,,decoder_28,mean,,,,length_residualized_centered_linear_cka,CKA,0.720307475345499,,,,,,100,,,,100,20261025,0.40631180978484616,0.009775538976936102,0.4243700314325553,0.009900990099009901,,,,,complete,
geometry,parallel_english_sinhala_control,parallel_english_sinhala_control,stock_pt,,decoder_29,mean,,,,centered_linear_cka,CKA,0.3398815942184468,,,,,,100,,,,100,20261024,0.04748323031942501,0.009981413037518417,0.06511118578120523,0.009900990099009901,,,,,complete,
geometry,parallel_english_sinhala_control,parallel_english_sinhala_control,stock_pt,,decoder_29,mean,,,,length_residualized_centered_linear_cka,CKA,0.3717894660231002,,,,,,100,,,,100,20261025,0.04916254818372781,0.014841584508881567,0.07842193604992062,0.009900990099009901,,,,,complete,
geometry,parallel_english_sinhala_control,parallel_english_sinhala_control,cpt_pt,,embedding_baseline,mean,,,,centered_linear_cka,CKA,0.7017244986781471,,,,,,100,,,,100,20261024,0.3937973232418017,0.00826491649766336,0.40734468182173394,0.009900990099009901,,,,,complete,
geometry,parallel_english_sinhala_control,parallel_english_sinhala_control,cpt_pt,,embedding_baseline,mean,,,,length_residualized_centered_linear_cka,CKA,0.6941932625283986,,,,,,100,,,,100,20261025,0.39345700598349104,0.008548651139891497,0.4077498612264913,0.009900990099009901,,,,,complete,
geometry,parallel_english_sinhala_control,parallel_english_sinhala_control,cpt_pt,,decoder_00,mean,,,,centered_linear_cka,CKA,0.49351141345283744,,,,,,100,,,,100,20261024,0.10143595177037183,0.012125412548993514,0.12719965694280758,0.009900990099009901,,,,,complete,
geometry,parallel_english_sinhala_control,parallel_english_sinhala_control,cpt_pt,,decoder_00,mean,,,,length_residualized_centered_linear_cka,CKA,0.5066406638010303,,,,,,100,,,,100,20261025,0.10380805721237954,0.013614539123839656,0.1320685203109414,0.009900990099009901,,,,,complete,
geometry,parallel_english_sinhala_control,parallel_english_sinhala_control,cpt_pt,,decoder_01,mean,,,,centered_linear_cka,CKA,0.5164307782732684,,,,,,100,,,,100,20261024,0.22393328334394233,0.011399049697346375,0.24413093342364295,0.009900990099009901,,,,,complete,
geometry,parallel_english_sinhala_control,parallel_english_sinhala_control,cpt_pt,,decoder_01,mean,,,,length_residualized_centered_linear_cka,CKA,0.5183270242244304,,,,,,100,,,,100,20261025,0.22665173012857948,0.01051047199773468,0.2451258811149086,0.009900990099009901,,,,,complete,
geometry,parallel_english_sinhala_control,parallel_english_sinhala_control,cpt_pt,,decoder_02,mean,,,,centered_linear_cka,CKA,0.6729271815498571,,,,,,100,,,,100,20261024,0.39848615775637064,0.00950553420609808,0.4122635853092292,0.009900990099009901,,,,,complete,
geometry,parallel_english_sinhala_control,parallel_english_sinhala_control,cpt_pt,,decoder_02,mean,,,,length_residualized_centered_linear_cka,CKA,0.6706403668564828,,,,,,100,,,,100,20261025,0.39898643087357066,0.00935814948247609,0.41406352638067967,0.009900990099009901,,,,,complete,
geometry,parallel_english_sinhala_control,parallel_english_sinhala_control,cpt_pt,,decoder_03,mean,,,,centered_linear_cka,CKA,0.7307011607602858,,,,,,100,,,,100,20261024,0.34402027086644715,0.009437301631668126,0.359925942946922,0.009900990099009901,,,,,complete,
geometry,parallel_english_sinhala_control,parallel_english_sinhala_control,cpt_pt,,decoder_03,mean,,,,length_residualized_centered_linear_cka,CKA,0.7263586830580271,,,,,,100,,,,100,20261025,0.3444228295162073,0.010294953565390307,0.3607839556903885,0.009900990099009901,,,,,complete,
geometry,parallel_english_sinhala_control,parallel_english_sinhala_control,cpt_pt,,decoder_04,mean,,,,centered_linear_cka,CKA,0.7586969557215141,,,,,,100,,,,100,20261024,0.318048729895804,0.009517077227247551,0.33387946893891823,0.009900990099009901,,,,,complete,
geometry,parallel_english_sinhala_control,parallel_english_sinhala_control,cpt_pt,,decoder_04,mean,,,,length_residualized_centered_linear_cka,CKA,0.7534703466727305,,,,,,100,,,,100,20261025,0.31854808174593474,0.010807894459374254,0.33698553850484086,0.009900990099009901,,,,,complete,
geometry,parallel_english_sinhala_control,parallel_english_sinhala_control,cpt_pt,,decoder_05,mean,,,,centered_linear_cka,CKA,0.7413704018003023,,,,,,100,,,,100,20261024,0.2896051019567725,0.009954271629315213,0.3070765745550591,0.009900990099009901,,,,,complete,
geometry,parallel_english_sinhala_control,parallel_english_sinhala_control,cpt_pt,,decoder_05,mean,,,,length_residualized_centered_linear_cka,CKA,0.7378264684284297,,,,,,100,,,,100,20261025,0.291413374673718,0.011515930423666148,0.31279460598180897,0.009900990099009901,,,,,complete,
geometry,parallel_english_sinhala_control,parallel_english_sinhala_control,cpt_pt,,decoder_06,mean,,,,centered_linear_cka,CKA,0.7920778898720349,,,,,,100,,,,100,20261024,0.3092034267004729,0.010290461614153569,0.32938832672559176,0.009900990099009901,,,,,complete,
geometry,parallel_english_sinhala_control,parallel_english_sinhala_control,cpt_pt,,decoder_06,mean,,,,length_residualized_centered_linear_cka,CKA,0.79003648307304,,,,,,100,,,,100,20261025,0.309174713397461,0.01161445707042836,0.3262599408981642,0.009900990099009901,,,,,complete,
geometry,parallel_english_sinhala_control,parallel_english_sinhala_control,cpt_pt,,decoder_07,mean,,,,centered_linear_cka,CKA,0.7722856489502294,,,,,,100,,,,100,20261024,0.2928101698965979,0.010314722066394472,0.3137311431900164,0.009900990099009901,,,,,complete,
geometry,parallel_english_sinhala_control,parallel_english_sinhala_control,cpt_pt,,decoder_07,mean,,,,length_residualized_centered_linear_cka,CKA,0.7711457471185287,,,,,,100,,,,100,20261025,0.29249084494743605,0.011234887496101659,0.3113538156301561,0.009900990099009901,,,,,complete,
geometry,parallel_english_sinhala_control,parallel_english_sinhala_control,cpt_pt,,decoder_08,mean,,,,centered_linear_cka,CKA,0.8103681940121685,,,,,,100,,,,100,20261024,0.2853913780236425,0.010225939457746469,0.30541259674272153,0.009900990099009901,,,,,complete,
geometry,parallel_english_sinhala_control,parallel_english_sinhala_control,cpt_pt,,decoder_08,mean,,,,length_residualized_centered_linear_cka,CKA,0.8070662783371857,,,,,,100,,,,100,20261025,0.2844974462708359,0.011081050919409492,0.30381679788457383,0.009900990099009901,,,,,complete,
geometry,parallel_english_sinhala_control,parallel_english_sinhala_control,cpt_pt,,decoder_09,mean,,,,centered_linear_cka,CKA,0.8329069566057714,,,,,,100,,,,100,20261024,0.2764214384325643,0.010190399648735306,0.2953686664743536,0.009900990099009901,,,,,complete,
geometry,parallel_english_sinhala_control,parallel_english_sinhala_control,cpt_pt,,decoder_09,mean,,,,length_residualized_centered_linear_cka,CKA,0.8300637873447553,,,,,,100,,,,100,20261025,0.27425472798987566,0.01158890836697262,0.2931339791145112,0.009900990099009901,,,,,complete,
geometry,parallel_english_sinhala_control,parallel_english_sinhala_control,cpt_pt,,decoder_10,mean,,,,centered_linear_cka,CKA,0.8452565867800911,,,,,,100,,,,100,20261024,0.28472461585281544,0.009726748707555246,0.30245174873685615,0.009900990099009901,,,,,complete,
geometry,parallel_english_sinhala_control,parallel_english_sinhala_control,cpt_pt,,decoder_10,mean,,,,length_residualized_centered_linear_cka,CKA,0.8398030400364169,,,,,,100,,,,100,20261025,0.2833353494422947,0.011528114648165055,0.3010764229221243,0.009900990099009901,,,,,complete,
geometry,parallel_english_sinhala_control,parallel_english_sinhala_control,cpt_pt,,decoder_11,mean,,,,centered_linear_cka,CKA,0.8462841843504552,,,,,,100,,,,100,20261024,0.2580891072941229,0.009952613989382474,0.2737055087925094,0.009900990099009901,,,,,complete,
geometry,parallel_english_sinhala_control,parallel_english_sinhala_control,cpt_pt,,decoder_11,mean,,,,length_residualized_centered_linear_cka,CKA,0.8405848707499812,,,,,,100,,,,100,20261025,0.25785448705223696,0.012436055708145736,0.2764031123591384,0.009900990099009901,,,,,complete,
geometry,parallel_english_sinhala_control,parallel_english_sinhala_control,cpt_pt,,decoder_12,mean,,,,centered_linear_cka,CKA,0.8359624146264082,,,,,,100,,,,100,20261024,0.24183960230208426,0.0106029719790634,0.2608541699380361,0.009900990099009901,,,,,complete,
geometry,parallel_english_sinhala_control,parallel_english_sinhala_control,cpt_pt,,decoder_12,mean,,,,length_residualized_centered_linear_cka,CKA,0.8313746938409584,,,,,,100,,,,100,20261025,0.24130617251611988,0.012852070132237197,0.26241955944509243,0.009900990099009901,,,,,complete,
geometry,parallel_english_sinhala_control,parallel_english_sinhala_control,cpt_pt,,decoder_13,mean,,,,centered_linear_cka,CKA,0.8309000780661103,,,,,,100,,,,100,20261024,0.24792440161368315,0.010585089492253038,0.26703415235924294,0.009900990099009901,,,,,complete,
geometry,parallel_english_sinhala_control,parallel_english_sinhala_control,cpt_pt,,decoder_13,mean,,,,length_residualized_centered_linear_cka,CKA,0.8262747579409034,,,,,,100,,,,100,20261025,0.24722861232842722,0.012603688987944775,0.2684300282879593,0.009900990099009901,,,,,complete,
geometry,parallel_english_sinhala_control,parallel_english_sinhala_control,cpt_pt,,decoder_14,mean,,,,centered_linear_cka,CKA,0.8329368089351343,,,,,,100,,,,100,20261024,0.26641097836859406,0.010514675464365445,0.286912025330453,0.009900990099009901,,,,,complete,
geometry,parallel_english_sinhala_control,parallel_english_sinhala_control,cpt_pt,,decoder_14,mean,,,,length_residualized_centered_linear_cka,CKA,0.8301240956751416,,,,,,100,,,,100,20261025,0.2654316593086417,0.012081804072297895,0.28529143179082533,0.009900990099009901,,,,,complete,
geometry,parallel_english_sinhala_control,parallel_english_sinhala_control,cpt_pt,,decoder_15,mean,,,,centered_linear_cka,CKA,0.8070758784995383,,,,,,100,,,,100,20261024,0.2619578002037388,0.011489124600398422,0.28416245915409316,0.009900990099009901,,,,,complete,
geometry,parallel_english_sinhala_control,parallel_english_sinhala_control,cpt_pt,,decoder_15,mean,,,,length_residualized_centered_linear_cka,CKA,0.8064437686261061,,,,,,100,,,,100,20261025,0.2584873267424967,0.011601521675251464,0.2780285507170094,0.009900990099009901,,,,,complete,
geometry,parallel_english_sinhala_control,parallel_english_sinhala_control,cpt_pt,,decoder_16,mean,,,,centered_linear_cka,CKA,0.8355876356312908,,,,,,100,,,,100,20261024,0.2623254363546398,0.010268168188894918,0.2843060195303106,0.009900990099009901,,,,,complete,
geometry,parallel_english_sinhala_control,parallel_english_sinhala_control,cpt_pt,,decoder_16,mean,,,,length_residualized_centered_linear_cka,CKA,0.8323746558370431,,,,,,100,,,,100,20261025,0.26129806864172556,0.012222056294256774,0.28164278566092643,0.009900990099009901,,,,,complete,
geometry,parallel_english_sinhala_control,parallel_english_sinhala_control,cpt_pt,,decoder_17,mean,,,,centered_linear_cka,CKA,0.8273706207659378,,,,,,100,,,,100,20261024,0.27466917500127325,0.010493878040643648,0.29524147840249615,0.009900990099009901,,,,,complete,
geometry,parallel_english_sinhala_control,parallel_english_sinhala_control,cpt_pt,,decoder_17,mean,,,,length_residualized_centered_linear_cka,CKA,0.8254863052040694,,,,,,100,,,,100,20261025,0.27472396170992636,0.012056180964798456,0.29658185735819254,0.009900990099009901,,,,,complete,
geometry,parallel_english_sinhala_control,parallel_english_sinhala_control,cpt_pt,,decoder_18,mean,,,,centered_linear_cka,CKA,0.8147481462666305,,,,,,100,,,,100,20261024,0.26281952144710885,0.010745508747646963,0.2835469372550699,0.009900990099009901,,,,,complete,
geometry,parallel_english_sinhala_control,parallel_english_sinhala_control,cpt_pt,,decoder_18,mean,,,,length_residualized_centered_linear_cka,CKA,0.814359938289101,,,,,,100,,,,100,20261025,0.261625592175772,0.012438505463533006,0.28451869717583794,0.009900990099009901,,,,,complete,
geometry,parallel_english_sinhala_control,parallel_english_sinhala_control,cpt_pt,,decoder_19,mean,,,,centered_linear_cka,CKA,0.8111461973318431,,,,,,100,,,,100,20261024,0.28889033129803365,0.00982303665162647,0.3076386471201096,0.009900990099009901,,,,,complete,
geometry,parallel_english_sinhala_control,parallel_english_sinhala_control,cpt_pt,,decoder_19,mean,,,,length_residualized_centered_linear_cka,CKA,0.8093282242451034,,,,,,100,,,,100,20261025,0.2881471167719794,0.011292891730025375,0.30674439309216783,0.009900990099009901,,,,,complete,
geometry,parallel_english_sinhala_control,parallel_english_sinhala_control,cpt_pt,,decoder_20,mean,,,,centered_linear_cka,CKA,0.8198299033597559,,,,,,100,,,,100,20261024,0.32551286414760905,0.008980327614851695,0.34313243093823576,0.009900990099009901,,,,,complete,
geometry,parallel_english_sinhala_control,parallel_english_sinhala_control,cpt_pt,,decoder_20,mean,,,,length_residualized_centered_linear_cka,CKA,0.8155833480541586,,,,,,100,,,,100,20261025,0.3248630370210983,0.010503103556374516,0.3416081914176324,0.009900990099009901,,,,,complete,
geometry,parallel_english_sinhala_control,parallel_english_sinhala_control,cpt_pt,,decoder_21,mean,,,,centered_linear_cka,CKA,0.787202188868424,,,,,,100,,,,100,20261024,0.3437276148144741,0.008667687625091819,0.35741994016339884,0.009900990099009901,,,,,complete,
geometry,parallel_english_sinhala_control,parallel_english_sinhala_control,cpt_pt,,decoder_21,mean,,,,length_residualized_centered_linear_cka,CKA,0.7818389691001977,,,,,,100,,,,100,20261025,0.34282173201035787,0.009873056747480917,0.35817491223474396,0.009900990099009901,,,,,complete,
geometry,parallel_english_sinhala_control,parallel_english_sinhala_control,cpt_pt,,decoder_22,mean,,,,centered_linear_cka,CKA,0.7742136990643562,,,,,,100,,,,100,20261024,0.37200198970140536,0.008181190226829158,0.38454257346882526,0.009900990099009901,,,,,complete,
geometry,parallel_english_sinhala_control,parallel_english_sinhala_control,cpt_pt,,decoder_22,mean,,,,length_residualized_centered_linear_cka,CKA,0.7717732226532922,,,,,,100,,,,100,20261025,0.37199930825163413,0.00926604121760998,0.38639697293197556,0.009900990099009901,,,,,complete,
geometry,parallel_english_sinhala_control,parallel_english_sinhala_control,cpt_pt,,decoder_23,mean,,,,centered_linear_cka,CKA,0.7346877019900653,,,,,,100,,,,100,20261024,0.37710619008246665,0.007864802928376638,0.38758514706096636,0.009900990099009901,,,,,complete,
geometry,parallel_english_sinhala_control,parallel_english_sinhala_control,cpt_pt,,decoder_23,mean,,,,length_residualized_centered_linear_cka,CKA,0.7343137032146371,,,,,,100,,,,100,20261025,0.37822116780162873,0.009132212604980136,0.3938197782132987,0.009900990099009901,,,,,complete,
geometry,parallel_english_sinhala_control,parallel_english_sinhala_control,cpt_pt,,decoder_24,mean,,,,centered_linear_cka,CKA,0.7201400391288604,,,,,,100,,,,100,20261024,0.3780565925685366,0.008125354652393252,0.3898015065257063,0.009900990099009901,,,,,complete,
geometry,parallel_english_sinhala_control,parallel_english_sinhala_control,cpt_pt,,decoder_24,mean,,,,length_residualized_centered_linear_cka,CKA,0.7190086102169054,,,,,,100,,,,100,20261025,0.38019199883070876,0.0090757496438697,0.3955469593531419,0.009900990099009901,,,,,complete,
geometry,parallel_english_sinhala_control,parallel_english_sinhala_control,cpt_pt,,decoder_25,mean,,,,centered_linear_cka,CKA,0.7154523336034493,,,,,,100,,,,100,20261024,0.3931823610230098,0.007711504975535692,0.40429018354368396,0.009900990099009901,,,,,complete,
geometry,parallel_english_sinhala_control,parallel_english_sinhala_control,cpt_pt,,decoder_25,mean,,,,length_residualized_centered_linear_cka,CKA,0.7190633862973562,,,,,,100,,,,100,20261025,0.3968945012607212,0.00898916697183839,0.4127524457124994,0.009900990099009901,,,,,complete,
geometry,parallel_english_sinhala_control,parallel_english_sinhala_control,cpt_pt,,decoder_26,mean,,,,centered_linear_cka,CKA,0.7627873285018001,,,,,,100,,,,100,20261024,0.43262464470758727,0.007485184203921714,0.44511434361680097,0.009900990099009901,,,,,complete,
geometry,parallel_english_sinhala_control,parallel_english_sinhala_control,cpt_pt,,decoder_26,mean,,,,length_residualized_centered_linear_cka,CKA,0.7599292462401476,,,,,,100,,,,100,20261025,0.4340363891582972,0.008962578614402259,0.4499590354292716,0.009900990099009901,,,,,complete,
geometry,parallel_english_sinhala_control,parallel_english_sinhala_control,cpt_pt,,decoder_27,mean,,,,centered_linear_cka,CKA,0.7404189984545191,,,,,,100,,,,100,20261024,0.39610882225358446,0.007858715048039215,0.41217467415961523,0.009900990099009901,,,,,complete,
geometry,parallel_english_sinhala_control,parallel_english_sinhala_control,cpt_pt,,decoder_27,mean,,,,length_residualized_centered_linear_cka,CKA,0.7400668039637133,,,,,,100,,,,100,20261025,0.3980373635533453,0.009403711171979917,0.4148963558719203,0.009900990099009901,,,,,complete,
geometry,parallel_english_sinhala_control,parallel_english_sinhala_control,cpt_pt,,decoder_28,mean,,,,centered_linear_cka,CKA,0.7048935494924882,,,,,,100,,,,100,20261024,0.38703072747878237,0.009164182342913565,0.4031844913175029,0.009900990099009901,,,,,complete,
geometry,parallel_english_sinhala_control,parallel_english_sinhala_control,cpt_pt,,decoder_28,mean,,,,length_residualized_centered_linear_cka,CKA,0.7018905839987005,,,,,,100,,,,100,20261025,0.3910031455526367,0.00995791832202663,0.40799547905336125,0.009900990099009901,,,,,complete,
geometry,parallel_english_sinhala_control,parallel_english_sinhala_control,cpt_pt,,decoder_29,mean,,,,centered_linear_cka,CKA,0.3263802446603669,,,,,,100,,,,100,20261024,0.04694788558124438,0.010869194513237505,0.06965231253395646,0.009900990099009901,,,,,complete,
geometry,parallel_english_sinhala_control,parallel_english_sinhala_control,cpt_pt,,decoder_29,mean,,,,length_residualized_centered_linear_cka,CKA,0.3395464011257822,,,,,,100,,,,100,20261025,0.047058360139341594,0.014164013441011723,0.08127996494663559,0.009900990099009901,,,,,complete,
geometry,parallel_english_sinhala_control,parallel_english_sinhala_control,stock_it,,embedding_baseline,mean,,,,centered_linear_cka,CKA,0.7173453052408328,,,,,,100,,,,100,20261024,0.4649922280790954,0.008204913029320778,0.4778745856322441,0.009900990099009901,,,,,complete,
geometry,parallel_english_sinhala_control,parallel_english_sinhala_control,stock_it,,embedding_baseline,mean,,,,length_residualized_centered_linear_cka,CKA,0.7121763913080337,,,,,,100,,,,100,20261025,0.4650661047768008,0.008008773888843695,0.47953376395620084,0.009900990099009901,,,,,complete,
geometry,parallel_english_sinhala_control,parallel_english_sinhala_control,stock_it,,decoder_00,mean,,,,centered_linear_cka,CKA,0.4805181435173768,,,,,,100,,,,100,20261024,0.11564283930586776,0.012079070175575581,0.1404424467679362,0.009900990099009901,,,,,complete,
geometry,parallel_english_sinhala_control,parallel_english_sinhala_control,stock_it,,decoder_00,mean,,,,length_residualized_centered_linear_cka,CKA,0.4885622867999568,,,,,,100,,,,100,20261025,0.11533896972464744,0.013317805770660645,0.1374900497219435,0.009900990099009901,,,,,complete,
geometry,parallel_english_sinhala_control,parallel_english_sinhala_control,stock_it,,decoder_01,mean,,,,centered_linear_cka,CKA,0.5006476299706851,,,,,,100,,,,100,20261024,0.18926601302800108,0.012742227377752128,0.2130931657047179,0.009900990099009901,,,,,complete,
geometry,parallel_english_sinhala_control,parallel_english_sinhala_control,stock_it,,decoder_01,mean,,,,length_residualized_centered_linear_cka,CKA,0.5047329983321768,,,,,,100,,,,100,20261025,0.19224884667780892,0.012440394679806111,0.2131151772983367,0.009900990099009901,,,,,complete,
geometry,parallel_english_sinhala_control,parallel_english_sinhala_control,stock_it,,decoder_02,mean,,,,centered_linear_cka,CKA,0.6586808349272967,,,,,,100,,,,100,20261024,0.35936951933455796,0.009291133366062835,0.3732123357673968,0.009900990099009901,,,,,complete,
geometry,parallel_english_sinhala_control,parallel_english_sinhala_control,stock_it,,decoder_02,mean,,,,length_residualized_centered_linear_cka,CKA,0.6553650559126944,,,,,,100,,,,100,20261025,0.36097124654773644,0.00996671310964634,0.3803324268237005,0.009900990099009901,,,,,complete,
geometry,parallel_english_sinhala_control,parallel_english_sinhala_control,stock_it,,decoder_03,mean,,,,centered_linear_cka,CKA,0.7334224528589689,,,,,,100,,,,100,20261024,0.3124499268967549,0.010100853394611283,0.3307809500962843,0.009900990099009901,,,,,complete,
geometry,parallel_english_sinhala_control,parallel_english_sinhala_control,stock_it,,decoder_03,mean,,,,length_residualized_centered_linear_cka,CKA,0.7310313470864528,,,,,,100,,,,100,20261025,0.3145443009688362,0.010495259244712903,0.33069423125829617,0.009900990099009901,,,,,complete,
geometry,parallel_english_sinhala_control,parallel_english_sinhala_control,stock_it,,decoder_04,mean,,,,centered_linear_cka,CKA,0.7637157314223345,,,,,,100,,,,100,20261024,0.30977081446394883,0.009101422356268679,0.3263532634749331,0.009900990099009901,,,,,complete,
geometry,parallel_english_sinhala_control,parallel_english_sinhala_control,stock_it,,decoder_04,mean,,,,length_residualized_centered_linear_cka,CKA,0.761183466451751,,,,,,100,,,,100,20261025,0.3115907933171622,0.011244229999627759,0.3322917160344067,0.009900990099009901,,,,,complete,
geometry,parallel_english_sinhala_control,parallel_english_sinhala_control,stock_it,,decoder_05,mean,,,,centered_linear_cka,CKA,0.7529744319444537,,,,,,100,,,,100,20261024,0.28061194705451603,0.009458220688644131,0.2998647863590882,0.009900990099009901,,,,,complete,
geometry,parallel_english_sinhala_control,parallel_english_sinhala_control,stock_it,,decoder_05,mean,,,,length_residualized_centered_linear_cka,CKA,0.751059608609604,,,,,,100,,,,100,20261025,0.28256260216524454,0.012137535316037111,0.30286450312338986,0.009900990099009901,,,,,complete,
geometry,parallel_english_sinhala_control,parallel_english_sinhala_control,stock_it,,decoder_06,mean,,,,centered_linear_cka,CKA,0.7964917887612589,,,,,,100,,,,100,20261024,0.29596044901748797,0.00985672421707301,0.3137936507095386,0.009900990099009901,,,,,complete,
geometry,parallel_english_sinhala_control,parallel_english_sinhala_control,stock_it,,decoder_06,mean,,,,length_residualized_centered_linear_cka,CKA,0.7934737731407228,,,,,,100,,,,100,20261025,0.2967193764505801,0.011831604180469775,0.3184014117439738,0.009900990099009901,,,,,complete,
geometry,parallel_english_sinhala_control,parallel_english_sinhala_control,stock_it,,decoder_07,mean,,,,centered_linear_cka,CKA,0.7944853060503457,,,,,,100,,,,100,20261024,0.29692894155812216,0.010199336420528213,0.3144304601091092,0.009900990099009901,,,,,complete,
geometry,parallel_english_sinhala_control,parallel_english_sinhala_control,stock_it,,decoder_07,mean,,,,length_residualized_centered_linear_cka,CKA,0.7883910242667718,,,,,,100,,,,100,20261025,0.29761114395169413,0.012180358990108052,0.3187416989687087,0.009900990099009901,,,,,complete,
geometry,parallel_english_sinhala_control,parallel_english_sinhala_control,stock_it,,decoder_08,mean,,,,centered_linear_cka,CKA,0.8133107183650816,,,,,,100,,,,100,20261024,0.2982196086533539,0.010031536411838037,0.3157489564842463,0.009900990099009901,,,,,complete,
geometry,parallel_english_sinhala_control,parallel_english_sinhala_control,stock_it,,decoder_08,mean,,,,length_residualized_centered_linear_cka,CKA,0.8072329422207635,,,,,,100,,,,100,20261025,0.2986807667743943,0.011705877794695225,0.3181237278190464,0.009900990099009901,,,,,complete,
geometry,parallel_english_sinhala_control,parallel_english_sinhala_control,stock_it,,decoder_09,mean,,,,centered_linear_cka,CKA,0.8249710634507003,,,,,,100,,,,100,20261024,0.2763413450683472,0.010248375477500902,0.29555818799549166,0.009900990099009901,,,,,complete,
geometry,parallel_english_sinhala_control,parallel_english_sinhala_control,stock_it,,decoder_09,mean,,,,length_residualized_centered_linear_cka,CKA,0.8193388277823912,,,,,,100,,,,100,20261025,0.2778792462862167,0.012862080061858542,0.297961513694565,0.009900990099009901,,,,,complete,
geometry,parallel_english_sinhala_control,parallel_english_sinhala_control,stock_it,,decoder_10,mean,,,,centered_linear_cka,CKA,0.824518122101883,,,,,,100,,,,100,20261024,0.2708254070125031,0.0101733773146089,0.28735415071427645,0.009900990099009901,,,,,complete,
geometry,parallel_english_sinhala_control,parallel_english_sinhala_control,stock_it,,decoder_10,mean,,,,length_residualized_centered_linear_cka,CKA,0.8193719268185088,,,,,,100,,,,100,20261025,0.2719433297438264,0.01255671631236754,0.29204563909870074,0.009900990099009901,,,,,complete,
geometry,parallel_english_sinhala_control,parallel_english_sinhala_control,stock_it,,decoder_11,mean,,,,centered_linear_cka,CKA,0.8058708185608298,,,,,,100,,,,100,20261024,0.23894484266983848,0.010024013067538765,0.25569370951508996,0.009900990099009901,,,,,complete,
geometry,parallel_english_sinhala_control,parallel_english_sinhala_control,stock_it,,decoder_11,mean,,,,length_residualized_centered_linear_cka,CKA,0.7992463168061669,,,,,,100,,,,100,20261025,0.24003685897732338,0.01308756460677124,0.2609075009514398,0.009900990099009901,,,,,complete,
geometry,parallel_english_sinhala_control,parallel_english_sinhala_control,stock_it,,decoder_12,mean,,,,centered_linear_cka,CKA,0.7849550964292323,,,,,,100,,,,100,20261024,0.22100060990084266,0.01054996932751594,0.2400814406424776,0.009900990099009901,,,,,complete,
geometry,parallel_english_sinhala_control,parallel_english_sinhala_control,stock_it,,decoder_12,mean,,,,length_residualized_centered_linear_cka,CKA,0.7809117849299465,,,,,,100,,,,100,20261025,0.22066685443658643,0.012714060187497088,0.2452680117266294,0.009900990099009901,,,,,complete,
geometry,parallel_english_sinhala_control,parallel_english_sinhala_control,stock_it,,decoder_13,mean,,,,centered_linear_cka,CKA,0.781541976296272,,,,,,100,,,,100,20261024,0.22892236949551362,0.010820483390170367,0.24920338966887146,0.009900990099009901,,,,,complete,
geometry,parallel_english_sinhala_control,parallel_english_sinhala_control,stock_it,,decoder_13,mean,,,,length_residualized_centered_linear_cka,CKA,0.7775458970306859,,,,,,100,,,,100,20261025,0.22846293594789516,0.01231766604356148,0.2506059671089613,0.009900990099009901,,,,,complete,
geometry,parallel_english_sinhala_control,parallel_english_sinhala_control,stock_it,,decoder_14,mean,,,,centered_linear_cka,CKA,0.7836330202395042,,,,,,100,,,,100,20261024,0.2513988848363077,0.011543201420321867,0.27316977421949223,0.009900990099009901,,,,,complete,
geometry,parallel_english_sinhala_control,parallel_english_sinhala_control,stock_it,,decoder_14,mean,,,,length_residualized_centered_linear_cka,CKA,0.7827224156134643,,,,,,100,,,,100,20261025,0.24993720559579363,0.011574008913425981,0.2715879950320768,0.009900990099009901,,,,,complete,
geometry,parallel_english_sinhala_control,parallel_english_sinhala_control,stock_it,,decoder_15,mean,,,,centered_linear_cka,CKA,0.7085047182430401,,,,,,100,,,,100,20261024,0.23847150782360618,0.012125342806015908,0.260832636252162,0.009900990099009901,,,,,complete,
geometry,parallel_english_sinhala_control,parallel_english_sinhala_control,stock_it,,decoder_15,mean,,,,length_residualized_centered_linear_cka,CKA,0.709775609334364,,,,,,100,,,,100,20261025,0.2348013276267433,0.012010266919420308,0.25447277431136384,0.009900990099009901,,,,,complete,
geometry,parallel_english_sinhala_control,parallel_english_sinhala_control,stock_it,,decoder_16,mean,,,,centered_linear_cka,CKA,0.7765630917864303,,,,,,100,,,,100,20261024,0.27394771905034043,0.01088589986267954,0.2932679587413441,0.009900990099009901,,,,,complete,
geometry,parallel_english_sinhala_control,parallel_english_sinhala_control,stock_it,,decoder_16,mean,,,,length_residualized_centered_linear_cka,CKA,0.7781516134314633,,,,,,100,,,,100,20261025,0.27224085088068295,0.011590539890208891,0.2940317801386352,0.009900990099009901,,,,,complete,
geometry,parallel_english_sinhala_control,parallel_english_sinhala_control,stock_it,,decoder_17,mean,,,,centered_linear_cka,CKA,0.8004470112988781,,,,,,100,,,,100,20261024,0.30407273484924274,0.010778788038104234,0.3244095731288809,0.009900990099009901,,,,,complete,
geometry,parallel_english_sinhala_control,parallel_english_sinhala_control,stock_it,,decoder_17,mean,,,,length_residualized_centered_linear_cka,CKA,0.8011021580513397,,,,,,100,,,,100,20261025,0.3051292705801181,0.010626684279969116,0.32486236775409905,0.009900990099009901,,,,,complete,
geometry,parallel_english_sinhala_control,parallel_english_sinhala_control,stock_it,,decoder_18,mean,,,,centered_linear_cka,CKA,0.807086109024431,,,,,,100,,,,100,20261024,0.32033017056797347,0.010791966456113493,0.34065416031106893,0.009900990099009901,,,,,complete,
geometry,parallel_english_sinhala_control,parallel_english_sinhala_control,stock_it,,decoder_18,mean,,,,length_residualized_centered_linear_cka,CKA,0.806557072377437,,,,,,100,,,,100,20261025,0.3210091676274183,0.01060963446158083,0.3384007150698908,0.009900990099009901,,,,,complete,
geometry,parallel_english_sinhala_control,parallel_english_sinhala_control,stock_it,,decoder_19,mean,,,,centered_linear_cka,CKA,0.7821604550223663,,,,,,100,,,,100,20261024,0.3216880759335744,0.010239461254659677,0.34411331452244714,0.009900990099009901,,,,,complete,
geometry,parallel_english_sinhala_control,parallel_english_sinhala_control,stock_it,,decoder_19,mean,,,,length_residualized_centered_linear_cka,CKA,0.782586908257864,,,,,,100,,,,100,20261025,0.32242999196966404,0.010329446045880123,0.3405223620094699,0.009900990099009901,,,,,complete,
geometry,parallel_english_sinhala_control,parallel_english_sinhala_control,stock_it,,decoder_20,mean,,,,centered_linear_cka,CKA,0.7578488855576814,,,,,,100,,,,100,20261024,0.3391999744533913,0.010026260889371558,0.35878364466231616,0.009900990099009901,,,,,complete,
geometry,parallel_english_sinhala_control,parallel_english_sinhala_control,stock_it,,decoder_20,mean,,,,length_residualized_centered_linear_cka,CKA,0.7606085835030042,,,,,,100,,,,100,20261025,0.3409042142222565,0.009871381137406892,0.35788362571668586,0.009900990099009901,,,,,complete,
geometry,parallel_english_sinhala_control,parallel_english_sinhala_control,stock_it,,decoder_21,mean,,,,centered_linear_cka,CKA,0.74548378888661,,,,,,100,,,,100,20261024,0.3497372870475023,0.00978348497028351,0.36904562875445235,0.009900990099009901,,,,,complete,
geometry,parallel_english_sinhala_control,parallel_english_sinhala_control,stock_it,,decoder_21,mean,,,,length_residualized_centered_linear_cka,CKA,0.7453268665288746,,,,,,100,,,,100,20261025,0.35044881214755824,0.009778909846455939,0.36644636933065905,0.009900990099009901,,,,,complete,
geometry,parallel_english_sinhala_control,parallel_english_sinhala_control,stock_it,,decoder_22,mean,,,,centered_linear_cka,CKA,0.7609556648221486,,,,,,100,,,,100,20261024,0.3853036518274516,0.00922348880639961,0.4017466735498505,0.009900990099009901,,,,,complete,
geometry,parallel_english_sinhala_control,parallel_english_sinhala_control,stock_it,,decoder_22,mean,,,,length_residualized_centered_linear_cka,CKA,0.7603212944365236,,,,,,100,,,,100,20261025,0.3871829782961239,0.009264332311293843,0.40299790601336344,0.009900990099009901,,,,,complete,
geometry,parallel_english_sinhala_control,parallel_english_sinhala_control,stock_it,,decoder_23,mean,,,,centered_linear_cka,CKA,0.646953122142436,,,,,,100,,,,100,20261024,0.3724207254907968,0.009269230326497157,0.3884000523745527,0.009900990099009901,,,,,complete,
geometry,parallel_english_sinhala_control,parallel_english_sinhala_control,stock_it,,decoder_23,mean,,,,length_residualized_centered_linear_cka,CKA,0.6567046034530912,,,,,,100,,,,100,20261025,0.37901403382267845,0.008496111854953185,0.39448498082685746,0.009900990099009901,,,,,complete,
geometry,parallel_english_sinhala_control,parallel_english_sinhala_control,stock_it,,decoder_24,mean,,,,centered_linear_cka,CKA,0.6413850733874493,,,,,,100,,,,100,20261024,0.3899035089909006,0.008607668524735696,0.40531820459732765,0.009900990099009901,,,,,complete,
geometry,parallel_english_sinhala_control,parallel_english_sinhala_control,stock_it,,decoder_24,mean,,,,length_residualized_centered_linear_cka,CKA,0.6540014899351521,,,,,,100,,,,100,20261025,0.39842455052115183,0.008477594658965306,0.4126070933307577,0.009900990099009901,,,,,complete,
geometry,parallel_english_sinhala_control,parallel_english_sinhala_control,stock_it,,decoder_25,mean,,,,centered_linear_cka,CKA,0.666170286241688,,,,,,100,,,,100,20261024,0.44131976604413353,0.007898649297848098,0.456340295475774,0.009900990099009901,,,,,complete,
geometry,parallel_english_sinhala_control,parallel_english_sinhala_control,stock_it,,decoder_25,mean,,,,length_residualized_centered_linear_cka,CKA,0.6831794660517769,,,,,,100,,,,100,20261025,0.45258728818604665,0.007639322265872896,0.4651725043142143,0.009900990099009901,,,,,complete,
geometry,parallel_english_sinhala_control,parallel_english_sinhala_control,stock_it,,decoder_26,mean,,,,centered_linear_cka,CKA,0.6036919234058347,,,,,,100,,,,100,20261024,0.41639739725163616,0.0087926830640653,0.4347851288992482,0.009900990099009901,,,,,complete,
geometry,parallel_english_sinhala_control,parallel_english_sinhala_control,stock_it,,decoder_26,mean,,,,length_residualized_centered_linear_cka,CKA,0.608754123734981,,,,,,100,,,,100,20261025,0.41975012743734447,0.008588267290631904,0.4337734945795989,0.009900990099009901,,,,,complete,
geometry,parallel_english_sinhala_control,parallel_english_sinhala_control,stock_it,,decoder_27,mean,,,,centered_linear_cka,CKA,0.6174892269054224,,,,,,100,,,,100,20261024,0.42058352135871346,0.009187342311706535,0.44183051950925484,0.009900990099009901,,,,,complete,
geometry,parallel_english_sinhala_control,parallel_english_sinhala_control,stock_it,,decoder_27,mean,,,,length_residualized_centered_linear_cka,CKA,0.6207676263990566,,,,,,100,,,,100,20261025,0.4220122220073275,0.008743995154382503,0.4362100350835534,0.009900990099009901,,,,,complete,
geometry,parallel_english_sinhala_control,parallel_english_sinhala_control,stock_it,,decoder_28,mean,,,,centered_linear_cka,CKA,0.5587638099548872,,,,,,100,,,,100,20261024,0.3692646963507804,0.011108655579269218,0.39263621799703174,0.009900990099009901,,,,,complete,
geometry,parallel_english_sinhala_control,parallel_english_sinhala_control,stock_it,,decoder_28,mean,,,,length_residualized_centered_linear_cka,CKA,0.5642655814660363,,,,,,100,,,,100,20261025,0.37166817359502924,0.009927466512246167,0.3881757088257447,0.009900990099009901,,,,,complete,
geometry,parallel_english_sinhala_control,parallel_english_sinhala_control,stock_it,,decoder_29,mean,,,,centered_linear_cka,CKA,0.10588898448502698,,,,,,100,,,,100,20261024,0.07756537878630072,0.014466171015996194,0.10441795484078925,0.04950495049504951,,,,,complete,
geometry,parallel_english_sinhala_control,parallel_english_sinhala_control,stock_it,,decoder_29,mean,,,,length_residualized_centered_linear_cka,CKA,0.1150819979598184,,,,,,100,,,,100,20261025,0.07655323313716231,0.0120630030675461,0.10138166430962939,0.0297029702970297,,,,,complete,
retrieval_primary,dataset_romanized_formal,dataset_romanized_formal,stock_pt,Latin Dhivehi → Thaana,decoder_09,,raw_identity,42,,R@1,percent,17.1875,centered_identity,-29.1015625,-33.203125,-25.0,,,512,512,0,,,,,,,,2000,20261023,False,complete,complete
retrieval_primary,dataset_romanized_formal,dataset_romanized_formal,stock_pt,Latin Dhivehi → Thaana,decoder_09,,raw_identity,42,,R@5,percent,29.6875,centered_identity,-35.15625,-39.6484375,-30.859375,,,512,512,0,,,,,,,,2000,20261023,False,complete,complete
retrieval_primary,dataset_romanized_formal,dataset_romanized_formal,stock_pt,Latin Dhivehi → Thaana,decoder_09,,raw_identity,42,,MRR,fraction,0.24293503014741524,centered_identity,-0.31257101692614303,-0.34782196295707524,-0.27701861824574875,,,512,512,0,,,,,,,,2000,20261023,False,complete,complete
retrieval_primary,dataset_romanized_formal,dataset_romanized_formal,stock_pt,Latin Dhivehi → Thaana,decoder_09,,raw_identity,42,,FOSCTTM,fraction,0.1560971135029354,centered_identity,0.11260090508806261,0.09738860307607632,0.12924317361790605,,,512,512,0,,,,,,,,2000,20261023,False,complete,complete
retrieval_primary,dataset_romanized_formal,dataset_romanized_formal,stock_pt,Latin Dhivehi → Thaana,decoder_09,,centered_identity,42,,R@1,percent,46.2890625,centered_identity,0.0,,,,,512,512,0,,,,,,,,,,False,complete,complete
retrieval_primary,dataset_romanized_formal,dataset_romanized_formal,stock_pt,Latin Dhivehi → Thaana,decoder_09,,centered_identity,42,,R@5,percent,64.84375,centered_identity,0.0,,,,,512,512,0,,,,,,,,,,False,complete,complete
retrieval_primary,dataset_romanized_formal,dataset_romanized_formal,stock_pt,Latin Dhivehi → Thaana,decoder_09,,centered_identity,42,,MRR,fraction,0.5555060470735583,centered_identity,0.0,,,,,512,512,0,,,,,,,,,,False,complete,complete
retrieval_primary,dataset_romanized_formal,dataset_romanized_formal,stock_pt,Latin Dhivehi → Thaana,decoder_09,,centered_identity,42,,FOSCTTM,fraction,0.0434962084148728,centered_identity,0.0,,,,,512,512,0,,,,,,,,,,False,complete,complete
retrieval_primary,dataset_romanized_formal,dataset_romanized_formal,stock_pt,Latin Dhivehi → Thaana,decoder_09,,anchor_procrustes,42,,R@1,percent,10.546875,centered_identity,-35.7421875,-40.4296875,-30.859375,,,512,512,64,,,,,,,,2000,20261023,False,complete,complete
retrieval_primary,dataset_romanized_formal,dataset_romanized_formal,stock_pt,Latin Dhivehi → Thaana,decoder_09,,anchor_procrustes,42,,R@5,percent,25.9765625,centered_identity,-38.8671875,-43.5546875,-34.1796875,,,512,512,64,,,,,,,,2000,20261023,False,complete,complete
retrieval_primary,dataset_romanized_formal,dataset_romanized_formal,stock_pt,Latin Dhivehi → Thaana,decoder_09,,anchor_procrustes,42,,MRR,fraction,0.18933475184606977,centered_identity,-0.3661712952274886,-0.4040906412258848,-0.32734665859381346,,,512,512,64,,,,,,,,2000,20261023,False,complete,complete
retrieval_primary,dataset_romanized_formal,dataset_romanized_formal,stock_pt,Latin Dhivehi → Thaana,decoder_09,,anchor_procrustes,42,,FOSCTTM,fraction,0.12594789628180036,centered_identity,0.0824516878669276,0.06946053999510762,0.09627788267490214,,,512,512,64,,,,,,,,2000,20261023,False,complete,complete
retrieval_primary,dataset_romanized_formal,dataset_romanized_formal,stock_pt,Latin Dhivehi → Thaana,decoder_09,,anchor_identity_regularized,42,,R@1,percent,47.4609375,centered_identity,1.171875,-2.34375,4.4921875,,,512,512,64,,,,,,,,2000,20261023,False,complete,complete
retrieval_primary,dataset_romanized_formal,dataset_romanized_formal,stock_pt,Latin Dhivehi → Thaana,decoder_09,,anchor_identity_regularized,42,,R@5,percent,63.8671875,centered_identity,-0.9765625,-4.1015625,1.953125,,,512,512,64,,,,,,,,2000,20261023,False,complete,complete
retrieval_primary,dataset_romanized_formal,dataset_romanized_formal,stock_pt,Latin Dhivehi → Thaana,decoder_09,,anchor_identity_regularized,42,,MRR,fraction,0.5525207220544393,centered_identity,-0.002985325019118917,-0.027860110665253686,0.02310832651477873,,,512,512,64,,,,,,,,2000,20261023,False,complete,complete
retrieval_primary,dataset_romanized_formal,dataset_romanized_formal,stock_pt,Latin Dhivehi → Thaana,decoder_09,,anchor_identity_regularized,42,,FOSCTTM,fraction,0.04129082069471624,centered_identity,-0.002205387720156555,-0.0069678021037181985,0.0028175070327788616,,,512,512,64,,,,,,,,2000,20261023,False,complete,complete
retrieval_primary,dataset_romanized_formal,dataset_romanized_formal,stock_pt,Latin Dhivehi → Thaana,decoder_09,,anchor_shuffled_identity_regularized,42,,R@1,percent,37.5,centered_identity,-8.7890625,-12.6953125,-4.8828125,,,512,512,64,,,,,,,,2000,20261023,False,complete,complete
retrieval_primary,dataset_romanized_formal,dataset_romanized_formal,stock_pt,Latin Dhivehi → Thaana,decoder_09,,anchor_shuffled_identity_regularized,42,,R@5,percent,52.34375,centered_identity,-12.5,-16.40625,-8.3984375,,,512,512,64,,,,,,,,2000,20261023,False,complete,complete
retrieval_primary,dataset_romanized_formal,dataset_romanized_formal,stock_pt,Latin Dhivehi → Thaana,decoder_09,,anchor_shuffled_identity_regularized,42,,MRR,fraction,0.4567541080175357,centered_identity,-0.09875193905602256,-0.13076074203453153,-0.06791735751852007,,,512,512,64,,,,,,,,2000,20261023,False,complete,complete
retrieval_primary,dataset_romanized_formal,dataset_romanized_formal,stock_pt,Latin Dhivehi → Thaana,decoder_09,,anchor_shuffled_identity_regularized,42,,FOSCTTM,fraction,0.07607632093933464,centered_identity,0.032580112524461836,0.020902259662426613,0.04474357112279843,,,512,512,64,,,,,,,,2000,20261023,False,complete,complete
retrieval_primary,dataset_romanized_formal,dataset_romanized_formal,stock_pt,Latin Dhivehi → Thaana,decoder_09,,official_wp,42,,R@1,percent,0.0,,,,,,,512,512,0,,,,,,,,,,False,complete,complete
retrieval_primary,dataset_romanized_formal,dataset_romanized_formal,stock_pt,Latin Dhivehi → Thaana,decoder_09,,official_wp,42,,R@5,percent,0.5859375,,,,,,,512,512,0,,,,,,,,,,False,complete,complete
retrieval_primary,dataset_romanized_formal,dataset_romanized_formal,stock_pt,Latin Dhivehi → Thaana,decoder_09,,official_wp,42,,MRR,fraction,0.008448492010241653,,,,,,,512,512,0,,,,,,,,,,False,complete,complete
retrieval_primary,dataset_romanized_formal,dataset_romanized_formal,stock_pt,Latin Dhivehi → Thaana,decoder_09,,official_wp,42,,FOSCTTM,fraction,0.5338796477495107,,,,,,,512,512,0,,,,,,,,,,False,complete,complete
retrieval_primary,dataset_romanized_formal,dataset_romanized_formal,stock_pt,Latin Dhivehi → Thaana,decoder_09,,official_wp,1337,,R@1,percent,0.390625,,,,,,,512,512,0,,,,,,,,,,False,complete,complete
retrieval_primary,dataset_romanized_formal,dataset_romanized_formal,stock_pt,Latin Dhivehi → Thaana,decoder_09,,official_wp,1337,,R@5,percent,2.5390625,,,,,,,512,512,0,,,,,,,,,,False,complete,complete
retrieval_primary,dataset_romanized_formal,dataset_romanized_formal,stock_pt,Latin Dhivehi → Thaana,decoder_09,,official_wp,1337,,MRR,fraction,0.024807424660683787,,,,,,,512,512,0,,,,,,,,,,False,complete,complete
retrieval_primary,dataset_romanized_formal,dataset_romanized_formal,stock_pt,Latin Dhivehi → Thaana,decoder_09,,official_wp,1337,,FOSCTTM,fraction,0.35215875733855184,,,,,,,512,512,0,,,,,,,,,,False,complete,complete
retrieval_primary,dataset_romanized_formal,dataset_romanized_formal,stock_pt,Latin Dhivehi → Thaana,decoder_09,,official_wp,20261010,,R@1,percent,0.390625,,,,,,,512,512,0,,,,,,,,,,False,complete,complete
retrieval_primary,dataset_romanized_formal,dataset_romanized_formal,stock_pt,Latin Dhivehi → Thaana,decoder_09,,official_wp,20261010,,R@5,percent,1.7578125,,,,,,,512,512,0,,,,,,,,,,False,complete,complete
retrieval_primary,dataset_romanized_formal,dataset_romanized_formal,stock_pt,Latin Dhivehi → Thaana,decoder_09,,official_wp,20261010,,MRR,fraction,0.022169270452231042,,,,,,,512,512,0,,,,,,,,,,False,complete,complete
retrieval_primary,dataset_romanized_formal,dataset_romanized_formal,stock_pt,Latin Dhivehi → Thaana,decoder_09,,official_wp,20261010,,FOSCTTM,fraction,0.3643017673679061,,,,,,,512,512,0,,,,,,,,,,False,complete,complete
retrieval_primary,dataset_romanized_formal,dataset_romanized_formal,stock_pt,Latin Dhivehi → Thaana,decoder_09,,official_wp,mean,,R@1,percent,0.26041666666666663,centered_identity,-46.028645833333336,-50.392252604166664,-41.66503906250001,,,512,512,0,,,,,,,,2000,20261023,False,complete,complete
retrieval_primary,dataset_romanized_formal,dataset_romanized_formal,stock_pt,Latin Dhivehi → Thaana,decoder_09,,official_wp,mean,,R@5,percent,1.6276041666666667,centered_identity,-63.216145833333336,-67.51302083333333,-59.11458333333333,,,512,512,0,,,,,,,,2000,20261023,False,complete,complete
retrieval_primary,dataset_romanized_formal,dataset_romanized_formal,stock_pt,Latin Dhivehi → Thaana,decoder_09,,official_wp,mean,,MRR,fraction,0.018475062374385492,centered_identity,-0.5370309846991729,-0.5767955400543685,-0.4995643744147217,,,512,512,0,,,,,,,,2000,20261023,False,complete,complete
retrieval_primary,dataset_romanized_formal,dataset_romanized_formal,stock_pt,Latin Dhivehi → Thaana,decoder_09,,official_wp,mean,,FOSCTTM,fraction,0.4167800574853229,centered_identity,0.3732838490704501,0.3559270909776582,0.39146718163935096,,,512,512,0,,,,,,,,2000,20261023,False,complete,complete
retrieval_primary,dataset_romanized_formal,dataset_romanized_formal,stock_pt,Thaana → Latin Dhivehi,decoder_09,,raw_identity,42,,R@1,percent,12.5,centered_identity,-30.859375,-35.15625,-26.7578125,,,512,512,0,,,,,,,,2000,20261023,False,complete,complete
retrieval_primary,dataset_romanized_formal,dataset_romanized_formal,stock_pt,Thaana → Latin Dhivehi,decoder_09,,raw_identity,42,,R@5,percent,23.046875,centered_identity,-39.2578125,-43.75,-34.765625,,,512,512,0,,,,,,,,2000,20261023,False,complete,complete
retrieval_primary,dataset_romanized_formal,dataset_romanized_formal,stock_pt,Thaana → Latin Dhivehi,decoder_09,,raw_identity,42,,MRR,fraction,0.18389564654213636,centered_identity,-0.3391632152805639,-0.37463093634692457,-0.3036630284886797,,,512,512,0,,,,,,,,2000,20261023,False,complete,complete
retrieval_primary,dataset_romanized_formal,dataset_romanized_formal,stock_pt,Thaana → Latin Dhivehi,decoder_09,,raw_identity,42,,FOSCTTM,fraction,0.2498929794520548,centered_identity,0.197850415851272,0.17692617875489236,0.21854981424290604,,,512,512,0,,,,,,,,2000,20261023,False,complete,complete
retrieval_primary,dataset_romanized_formal,dataset_romanized_formal,stock_pt,Thaana → Latin Dhivehi,decoder_09,,centered_identity,42,,R@1,percent,43.359375,centered_identity,0.0,,,,,512,512,0,,,,,,,,,,False,complete,complete
retrieval_primary,dataset_romanized_formal,dataset_romanized_formal,stock_pt,Thaana → Latin Dhivehi,decoder_09,,centered_identity,42,,R@5,percent,62.3046875,centered_identity,0.0,,,,,512,512,0,,,,,,,,,,False,complete,complete
retrieval_primary,dataset_romanized_formal,dataset_romanized_formal,stock_pt,Thaana → Latin Dhivehi,decoder_09,,centered_identity,42,,MRR,fraction,0.5230588618227002,centered_identity,0.0,,,,,512,512,0,,,,,,,,,,False,complete,complete
retrieval_primary,dataset_romanized_formal,dataset_romanized_formal,stock_pt,Thaana → Latin Dhivehi,decoder_09,,centered_identity,42,,FOSCTTM,fraction,0.05204256360078278,centered_identity,0.0,,,,,512,512,0,,,,,,,,,,False,complete,complete
retrieval_primary,dataset_romanized_formal,dataset_romanized_formal,stock_pt,Thaana → Latin Dhivehi,decoder_09,,anchor_procrustes,42,,R@1,percent,11.71875,centered_identity,-31.640625,-36.1328125,-27.34375,,,512,512,64,,,,,,,,2000,20261023,False,complete,complete
retrieval_primary,dataset_romanized_formal,dataset_romanized_formal,stock_pt,Thaana → Latin Dhivehi,decoder_09,,anchor_procrustes,42,,R@5,percent,29.296875,centered_identity,-33.0078125,-37.6953125,-28.125,,,512,512,64,,,,,,,,2000,20261023,False,complete,complete
retrieval_primary,dataset_romanized_formal,dataset_romanized_formal,stock_pt,Thaana → Latin Dhivehi,decoder_09,,anchor_procrustes,42,,MRR,fraction,0.2135575829019387,centered_identity,-0.3095012789207616,-0.34611212542712644,-0.27238832155356085,,,512,512,64,,,,,,,,2000,20261023,False,complete,complete
retrieval_primary,dataset_romanized_formal,dataset_romanized_formal,stock_pt,Thaana → Latin Dhivehi,decoder_09,,anchor_procrustes,42,,FOSCTTM,fraction,0.11854054549902152,centered_identity,0.06649798189823874,0.05317277703033268,0.0803848535347358,,,512,512,64,,,,,,,,2000,20261023,False,complete,complete
retrieval_primary,dataset_romanized_formal,dataset_romanized_formal,stock_pt,Thaana → Latin Dhivehi,decoder_09,,anchor_identity_regularized,42,,R@1,percent,48.2421875,centered_identity,4.8828125,1.953125,7.8125,,,512,512,64,,,,,,,,2000,20261023,False,complete,complete
retrieval_primary,dataset_romanized_formal,dataset_romanized_formal,stock_pt,Thaana → Latin Dhivehi,decoder_09,,anchor_identity_regularized,42,,R@5,percent,66.015625,centered_identity,3.7109375,0.9765625,6.640625,,,512,512,64,,,,,,,,2000,20261023,False,complete,complete
retrieval_primary,dataset_romanized_formal,dataset_romanized_formal,stock_pt,Thaana → Latin Dhivehi,decoder_09,,anchor_identity_regularized,42,,MRR,fraction,0.5679691665776436,centered_identity,0.04491030475494331,0.02386572237719185,0.06571237793665276,,,512,512,64,,,,,,,,2000,20261023,False,complete,complete
retrieval_primary,dataset_romanized_formal,dataset_romanized_formal,stock_pt,Thaana → Latin Dhivehi,decoder_09,,anchor_identity_regularized,42,,FOSCTTM,fraction,0.04238013698630137,centered_identity,-0.009662426614481408,-0.015224341823630135,-0.004432466212084155,,,512,512,64,,,,,,,,2000,20261023,False,complete,complete
retrieval_primary,dataset_romanized_formal,dataset_romanized_formal,stock_pt,Thaana → Latin Dhivehi,decoder_09,,anchor_shuffled_identity_regularized,42,,R@1,percent,37.109375,centered_identity,-6.25,-9.9609375,-2.5390625,,,512,512,64,,,,,,,,2000,20261023,False,complete,complete
retrieval_primary,dataset_romanized_formal,dataset_romanized_formal,stock_pt,Thaana → Latin Dhivehi,decoder_09,,anchor_shuffled_identity_regularized,42,,R@5,percent,55.078125,centered_identity,-7.2265625,-11.3330078125,-2.9296875,,,512,512,64,,,,,,,,2000,20261023,False,complete,complete
retrieval_primary,dataset_romanized_formal,dataset_romanized_formal,stock_pt,Thaana → Latin Dhivehi,decoder_09,,anchor_shuffled_identity_regularized,42,,MRR,fraction,0.45708312466034484,centered_identity,-0.06597573716235546,-0.09693661403330525,-0.036348431990754146,,,512,512,64,,,,,,,,2000,20261023,False,complete,complete
retrieval_primary,dataset_romanized_formal,dataset_romanized_formal,stock_pt,Thaana → Latin Dhivehi,decoder_09,,anchor_shuffled_identity_regularized,42,,FOSCTTM,fraction,0.0688868334148728,centered_identity,0.01684426981409002,0.005586472602739725,0.028327956824853198,,,512,512,64,,,,,,,,2000,20261023,False,complete,complete
retrieval_primary,dataset_romanized_formal,dataset_romanized_formal,stock_pt,Thaana → Latin Dhivehi,decoder_09,,official_wp,42,,R@1,percent,0.0,,,,,,,512,512,0,,,,,,,,,,False,complete,complete
retrieval_primary,dataset_romanized_formal,dataset_romanized_formal,stock_pt,Thaana → Latin Dhivehi,decoder_09,,official_wp,42,,R@5,percent,0.5859375,,,,,,,512,512,0,,,,,,,,,,False,complete,complete
retrieval_primary,dataset_romanized_formal,dataset_romanized_formal,stock_pt,Thaana → Latin Dhivehi,decoder_09,,official_wp,42,,MRR,fraction,0.008860884510518413,,,,,,,512,512,0,,,,,,,,,,False,complete,complete
retrieval_primary,dataset_romanized_formal,dataset_romanized_formal,stock_pt,Thaana → Latin Dhivehi,decoder_09,,official_wp,42,,FOSCTTM,fraction,0.534571459148728,,,,,,,512,512,0,,,,,,,,,,False,complete,complete
retrieval_primary,dataset_romanized_formal,dataset_romanized_formal,stock_pt,Thaana → Latin Dhivehi,decoder_09,,official_wp,1337,,R@1,percent,0.5859375,,,,,,,512,512,0,,,,,,,,,,False,complete,complete
retrieval_primary,dataset_romanized_formal,dataset_romanized_formal,stock_pt,Thaana → Latin Dhivehi,decoder_09,,official_wp,1337,,R@5,percent,2.5390625,,,,,,,512,512,0,,,,,,,,,,False,complete,complete
retrieval_primary,dataset_romanized_formal,dataset_romanized_formal,stock_pt,Thaana → Latin Dhivehi,decoder_09,,official_wp,1337,,MRR,fraction,0.025943721837920212,,,,,,,512,512,0,,,,,,,,,,False,complete,complete
retrieval_primary,dataset_romanized_formal,dataset_romanized_formal,stock_pt,Thaana → Latin Dhivehi,decoder_09,,official_wp,1337,,FOSCTTM,fraction,0.3540201504403131,,,,,,,512,512,0,,,,,,,,,,False,complete,complete
retrieval_primary,dataset_romanized_formal,dataset_romanized_formal,stock_pt,Thaana → Latin Dhivehi,decoder_09,,official_wp,20261010,,R@1,percent,0.5859375,,,,,,,512,512,0,,,,,,,,,,False,complete,complete
retrieval_primary,dataset_romanized_formal,dataset_romanized_formal,stock_pt,Thaana → Latin Dhivehi,decoder_09,,official_wp,20261010,,R@5,percent,2.734375,,,,,,,512,512,0,,,,,,,,,,False,complete,complete
retrieval_primary,dataset_romanized_formal,dataset_romanized_formal,stock_pt,Thaana → Latin Dhivehi,decoder_09,,official_wp,20261010,,MRR,fraction,0.02704070446261522,,,,,,,512,512,0,,,,,,,,,,False,complete,complete
retrieval_primary,dataset_romanized_formal,dataset_romanized_formal,stock_pt,Thaana → Latin Dhivehi,decoder_09,,official_wp,20261010,,FOSCTTM,fraction,0.36640777886497067,,,,,,,512,512,0,,,,,,,,,,False,complete,complete
retrieval_primary,dataset_romanized_formal,dataset_romanized_formal,stock_pt,Thaana → Latin Dhivehi,decoder_09,,official_wp,mean,,R@1,percent,0.390625,centered_identity,-42.96875,-47.267252604166664,-38.606770833333336,,,512,512,0,,,,,,,,2000,20261023,False,complete,complete
retrieval_primary,dataset_romanized_formal,dataset_romanized_formal,stock_pt,Thaana → Latin Dhivehi,decoder_09,,official_wp,mean,,R@5,percent,1.953125,centered_identity,-60.3515625,-64.38802083333334,-56.11979166666667,,,512,512,0,,,,,,,,2000,20261023,False,complete,complete
retrieval_primary,dataset_romanized_formal,dataset_romanized_formal,stock_pt,Thaana → Latin Dhivehi,decoder_09,,official_wp,mean,,MRR,fraction,0.020615103603684615,centered_identity,-0.5024437582190157,-0.5418702814688803,-0.46522379223324056,,,512,512,0,,,,,,,,2000,20261023,False,complete,complete
retrieval_primary,dataset_romanized_formal,dataset_romanized_formal,stock_pt,Thaana → Latin Dhivehi,decoder_09,,official_wp,mean,,FOSCTTM,fraction,0.4183331294846706,centered_identity,0.3662905658838878,0.34819848744292237,0.3848345831804469,,,512,512,0,,,,,,,,2000,20261023,False,complete,complete
retrieval_primary,dataset_romanized_formal,dataset_romanized_formal,stock_pt,Latin Dhivehi → Thaana,decoder_14,,raw_identity,42,,R@1,percent,15.0390625,centered_identity,-21.09375,-25.0,-17.3828125,,,512,512,0,,,,,,,,2000,20261023,False,complete,complete
retrieval_primary,dataset_romanized_formal,dataset_romanized_formal,stock_pt,Latin Dhivehi → Thaana,decoder_14,,raw_identity,42,,R@5,percent,25.1953125,centered_identity,-27.34375,-31.4453125,-23.4375,,,512,512,0,,,,,,,,2000,20261023,False,complete,complete
retrieval_primary,dataset_romanized_formal,dataset_romanized_formal,stock_pt,Latin Dhivehi → Thaana,decoder_14,,raw_identity,42,,MRR,fraction,0.20802483898844434,centered_identity,-0.23402619623822526,-0.26835188956484624,-0.20433688124916757,,,512,512,0,,,,,,,,2000,20261023,False,complete,complete
retrieval_primary,dataset_romanized_formal,dataset_romanized_formal,stock_pt,Latin Dhivehi → Thaana,decoder_14,,raw_identity,42,,FOSCTTM,fraction,0.19058066291585127,centered_identity,0.12199960249510763,0.10538829348091977,0.13888247614970645,,,512,512,0,,,,,,,,2000,20261023,False,complete,complete
retrieval_primary,dataset_romanized_formal,dataset_romanized_formal,stock_pt,Latin Dhivehi → Thaana,decoder_14,,centered_identity,42,,R@1,percent,36.1328125,centered_identity,0.0,,,,,512,512,0,,,,,,,,,,False,complete,complete
retrieval_primary,dataset_romanized_formal,dataset_romanized_formal,stock_pt,Latin Dhivehi → Thaana,decoder_14,,centered_identity,42,,R@5,percent,52.5390625,centered_identity,0.0,,,,,512,512,0,,,,,,,,,,False,complete,complete
retrieval_primary,dataset_romanized_formal,dataset_romanized_formal,stock_pt,Latin Dhivehi → Thaana,decoder_14,,centered_identity,42,,MRR,fraction,0.4420510352266696,centered_identity,0.0,,,,,512,512,0,,,,,,,,,,False,complete,complete
retrieval_primary,dataset_romanized_formal,dataset_romanized_formal,stock_pt,Latin Dhivehi → Thaana,decoder_14,,centered_identity,42,,FOSCTTM,fraction,0.06858106042074363,centered_identity,0.0,,,,,512,512,0,,,,,,,,,,False,complete,complete
retrieval_primary,dataset_romanized_formal,dataset_romanized_formal,stock_pt,Latin Dhivehi → Thaana,decoder_14,,anchor_procrustes,42,,R@1,percent,8.3984375,centered_identity,-27.734375,-31.640625,-23.4375,,,512,512,64,,,,,,,,2000,20261023,False,complete,complete
retrieval_primary,dataset_romanized_formal,dataset_romanized_formal,stock_pt,Latin Dhivehi → Thaana,decoder_14,,anchor_procrustes,42,,R@5,percent,22.265625,centered_identity,-30.2734375,-34.765625,-25.78125,,,512,512,64,,,,,,,,2000,20261023,False,complete,complete
retrieval_primary,dataset_romanized_formal,dataset_romanized_formal,stock_pt,Latin Dhivehi → Thaana,decoder_14,,anchor_procrustes,42,,MRR,fraction,0.16675056606995492,centered_identity,-0.2753004691567147,-0.31139438912288275,-0.23944073037566838,,,512,512,64,,,,,,,,2000,20261023,False,complete,complete
retrieval_primary,dataset_romanized_formal,dataset_romanized_formal,stock_pt,Latin Dhivehi → Thaana,decoder_14,,anchor_procrustes,42,,FOSCTTM,fraction,0.15539383561643835,centered_identity,0.08681277519569472,0.0725163588551859,0.10234613885151664,,,512,512,64,,,,,,,,2000,20261023,False,complete,complete
retrieval_primary,dataset_romanized_formal,dataset_romanized_formal,stock_pt,Latin Dhivehi → Thaana,decoder_14,,anchor_identity_regularized,42,,R@1,percent,35.3515625,centered_identity,-0.78125,-3.515625,1.953125,,,512,512,64,,,,,,,,2000,20261023,False,complete,complete
retrieval_primary,dataset_romanized_formal,dataset_romanized_formal,stock_pt,Latin Dhivehi → Thaana,decoder_14,,anchor_identity_regularized,42,,R@5,percent,50.390625,centered_identity,-2.1484375,-5.46875,1.171875,,,512,512,64,,,,,,,,2000,20261023,False,complete,complete
retrieval_primary,dataset_romanized_formal,dataset_romanized_formal,stock_pt,Latin Dhivehi → Thaana,decoder_14,,anchor_identity_regularized,42,,MRR,fraction,0.4309559495336017,centered_identity,-0.011095085693067842,-0.03320231048583408,0.010255736169851823,,,512,512,64,,,,,,,,2000,20261023,False,complete,complete
retrieval_primary,dataset_romanized_formal,dataset_romanized_formal,stock_pt,Latin Dhivehi → Thaana,decoder_14,,anchor_identity_regularized,42,,FOSCTTM,fraction,0.0793404476516634,centered_identity,0.010759387230919766,0.0026061414505870848,0.019187828705968687,,,512,512,64,,,,,,,,2000,20261023,False,complete,complete
retrieval_primary,dataset_romanized_formal,dataset_romanized_formal,stock_pt,Latin Dhivehi → Thaana,decoder_14,,anchor_shuffled_identity_regularized,42,,R@1,percent,26.5625,centered_identity,-9.5703125,-12.6953125,-6.640625,,,512,512,64,,,,,,,,2000,20261023,False,complete,complete
retrieval_primary,dataset_romanized_formal,dataset_romanized_formal,stock_pt,Latin Dhivehi → Thaana,decoder_14,,anchor_shuffled_identity_regularized,42,,R@5,percent,40.234375,centered_identity,-12.3046875,-16.2109375,-8.7890625,,,512,512,64,,,,,,,,2000,20261023,False,complete,complete
retrieval_primary,dataset_romanized_formal,dataset_romanized_formal,stock_pt,Latin Dhivehi → Thaana,decoder_14,,anchor_shuffled_identity_regularized,42,,MRR,fraction,0.33465500305810925,centered_identity,-0.10739603216856038,-0.13254249100258858,-0.08068680997590308,,,512,512,64,,,,,,,,2000,20261023,False,complete,complete
retrieval_primary,dataset_romanized_formal,dataset_romanized_formal,stock_pt,Latin Dhivehi → Thaana,decoder_14,,anchor_shuffled_identity_regularized,42,,FOSCTTM,fraction,0.11593765288649707,centered_identity,0.047356592465753425,0.03353154430650685,0.06150394447162426,,,512,512,64,,,,,,,,2000,20261023,False,complete,complete
retrieval_primary,dataset_romanized_formal,dataset_romanized_formal,stock_pt,Latin Dhivehi → Thaana,decoder_14,,official_wp,42,,R@1,percent,0.0,,,,,,,512,512,0,,,,,,,,,,False,complete,complete
retrieval_primary,dataset_romanized_formal,dataset_romanized_formal,stock_pt,Latin Dhivehi → Thaana,decoder_14,,official_wp,42,,R@5,percent,0.9765625,,,,,,,512,512,0,,,,,,,,,,False,complete,complete
retrieval_primary,dataset_romanized_formal,dataset_romanized_formal,stock_pt,Latin Dhivehi → Thaana,decoder_14,,official_wp,42,,MRR,fraction,0.01259286299762789,,,,,,,512,512,0,,,,,,,,,,False,complete,complete
retrieval_primary,dataset_romanized_formal,dataset_romanized_formal,stock_pt,Latin Dhivehi → Thaana,decoder_14,,official_wp,42,,FOSCTTM,fraction,0.5069257583170255,,,,,,,512,512,0,,,,,,,,,,False,complete,complete
retrieval_primary,dataset_romanized_formal,dataset_romanized_formal,stock_pt,Latin Dhivehi → Thaana,decoder_14,,official_wp,1337,,R@1,percent,0.1953125,,,,,,,512,512,0,,,,,,,,,,False,complete,complete
retrieval_primary,dataset_romanized_formal,dataset_romanized_formal,stock_pt,Latin Dhivehi → Thaana,decoder_14,,official_wp,1337,,R@5,percent,0.5859375,,,,,,,512,512,0,,,,,,,,,,False,complete,complete
retrieval_primary,dataset_romanized_formal,dataset_romanized_formal,stock_pt,Latin Dhivehi → Thaana,decoder_14,,official_wp,1337,,MRR,fraction,0.013222837173099057,,,,,,,512,512,0,,,,,,,,,,False,complete,complete
retrieval_primary,dataset_romanized_formal,dataset_romanized_formal,stock_pt,Latin Dhivehi → Thaana,decoder_14,,official_wp,1337,,FOSCTTM,fraction,0.44620306384540115,,,,,,,512,512,0,,,,,,,,,,False,complete,complete
retrieval_primary,dataset_romanized_formal,dataset_romanized_formal,stock_pt,Latin Dhivehi → Thaana,decoder_14,,official_wp,20261010,,R@1,percent,0.390625,,,,,,,512,512,0,,,,,,,,,,False,complete,complete
retrieval_primary,dataset_romanized_formal,dataset_romanized_formal,stock_pt,Latin Dhivehi → Thaana,decoder_14,,official_wp,20261010,,R@5,percent,2.1484375,,,,,,,512,512,0,,,,,,,,,,False,complete,complete
retrieval_primary,dataset_romanized_formal,dataset_romanized_formal,stock_pt,Latin Dhivehi → Thaana,decoder_14,,official_wp,20261010,,MRR,fraction,0.01968139250113028,,,,,,,512,512,0,,,,,,,,,,False,complete,complete
retrieval_primary,dataset_romanized_formal,dataset_romanized_formal,stock_pt,Latin Dhivehi → Thaana,decoder_14,,official_wp,20261010,,FOSCTTM,fraction,0.48872462084148727,,,,,,,512,512,0,,,,,,,,,,False,complete,complete
retrieval_primary,dataset_romanized_formal,dataset_romanized_formal,stock_pt,Latin Dhivehi → Thaana,decoder_14,,official_wp,mean,,R@1,percent,0.1953125,centered_identity,-35.9375,-40.1708984375,-31.901041666666668,,,512,512,0,,,,,,,,2000,20261023,False,complete,complete
retrieval_primary,dataset_romanized_formal,dataset_romanized_formal,stock_pt,Latin Dhivehi → Thaana,decoder_14,,official_wp,mean,,R@5,percent,1.2369791666666665,centered_identity,-51.302083333333336,-55.59895833333333,-47.07031250000001,,,512,512,0,,,,,,,,2000,20261023,False,complete,complete
retrieval_primary,dataset_romanized_formal,dataset_romanized_formal,stock_pt,Latin Dhivehi → Thaana,decoder_14,,official_wp,mean,,MRR,fraction,0.015165697557285742,centered_identity,-0.42688533766938386,-0.46818226027924364,-0.3914893911317076,,,512,512,0,,,,,,,,2000,20261023,False,complete,complete
retrieval_primary,dataset_romanized_formal,dataset_romanized_formal,stock_pt,Latin Dhivehi → Thaana,decoder_14,,official_wp,mean,,FOSCTTM,fraction,0.48061781433463796,centered_identity,0.4120367539138943,0.3939971028008806,0.43055468495189164,,,512,512,0,,,,,,,,2000,20261023,False,complete,complete
retrieval_primary,dataset_romanized_formal,dataset_romanized_formal,stock_pt,Thaana → Latin Dhivehi,decoder_14,,raw_identity,42,,R@1,percent,12.890625,centered_identity,-22.4609375,-26.171875,-18.75,,,512,512,0,,,,,,,,2000,20261023,False,complete,complete
retrieval_primary,dataset_romanized_formal,dataset_romanized_formal,stock_pt,Thaana → Latin Dhivehi,decoder_14,,raw_identity,42,,R@5,percent,20.1171875,centered_identity,-31.640625,-35.7421875,-27.5390625,,,512,512,0,,,,,,,,2000,20261023,False,complete,complete
retrieval_primary,dataset_romanized_formal,dataset_romanized_formal,stock_pt,Thaana → Latin Dhivehi,decoder_14,,raw_identity,42,,MRR,fraction,0.1709901079085197,centered_identity,-0.26288606129854264,-0.2942006519331893,-0.23005939898979602,,,512,512,0,,,,,,,,2000,20261023,False,complete,complete
retrieval_primary,dataset_romanized_formal,dataset_romanized_formal,stock_pt,Thaana → Latin Dhivehi,decoder_14,,raw_identity,42,,FOSCTTM,fraction,0.26929427592954985,centered_identity,0.18973596501956946,0.1698695113747554,0.20974527198507825,,,512,512,0,,,,,,,,2000,20261023,False,complete,complete
retrieval_primary,dataset_romanized_formal,dataset_romanized_formal,stock_pt,Thaana → Latin Dhivehi,decoder_14,,centered_identity,42,,R@1,percent,35.3515625,centered_identity,0.0,,,,,512,512,0,,,,,,,,,,False,complete,complete
retrieval_primary,dataset_romanized_formal,dataset_romanized_formal,stock_pt,Thaana → Latin Dhivehi,decoder_14,,centered_identity,42,,R@5,percent,51.7578125,centered_identity,0.0,,,,,512,512,0,,,,,,,,,,False,complete,complete
retrieval_primary,dataset_romanized_formal,dataset_romanized_formal,stock_pt,Thaana → Latin Dhivehi,decoder_14,,centered_identity,42,,MRR,fraction,0.4338761692070623,centered_identity,0.0,,,,,512,512,0,,,,,,,,,,False,complete,complete
retrieval_primary,dataset_romanized_formal,dataset_romanized_formal,stock_pt,Thaana → Latin Dhivehi,decoder_14,,centered_identity,42,,FOSCTTM,fraction,0.07955831090998042,centered_identity,0.0,,,,,512,512,0,,,,,,,,,,False,complete,complete
retrieval_primary,dataset_romanized_formal,dataset_romanized_formal,stock_pt,Thaana → Latin Dhivehi,decoder_14,,anchor_procrustes,42,,R@1,percent,8.3984375,centered_identity,-26.953125,-31.0595703125,-22.8515625,,,512,512,64,,,,,,,,2000,20261023,False,complete,complete
retrieval_primary,dataset_romanized_formal,dataset_romanized_formal,stock_pt,Thaana → Latin Dhivehi,decoder_14,,anchor_procrustes,42,,R@5,percent,25.0,centered_identity,-26.7578125,-31.2548828125,-22.0703125,,,512,512,64,,,,,,,,2000,20261023,False,complete,complete
retrieval_primary,dataset_romanized_formal,dataset_romanized_formal,stock_pt,Thaana → Latin Dhivehi,decoder_14,,anchor_procrustes,42,,MRR,fraction,0.17177958225903717,centered_identity,-0.2620965869480251,-0.299287523874555,-0.22631426251107656,,,512,512,64,,,,,,,,2000,20261023,False,complete,complete
retrieval_primary,dataset_romanized_formal,dataset_romanized_formal,stock_pt,Thaana → Latin Dhivehi,decoder_14,,anchor_procrustes,42,,FOSCTTM,fraction,0.14802852862035223,centered_identity,0.06847021771037182,0.053964346868884544,0.08417643866193737,,,512,512,64,,,,,,,,2000,20261023,False,complete,complete
retrieval_primary,dataset_romanized_formal,dataset_romanized_formal,stock_pt,Thaana → Latin Dhivehi,decoder_14,,anchor_identity_regularized,42,,R@1,percent,37.109375,centered_identity,1.7578125,-0.9765625,4.4921875,,,512,512,64,,,,,,,,2000,20261023,False,complete,complete
retrieval_primary,dataset_romanized_formal,dataset_romanized_formal,stock_pt,Thaana → Latin Dhivehi,decoder_14,,anchor_identity_regularized,42,,R@5,percent,53.7109375,centered_identity,1.953125,-1.3671875,5.2734375,,,512,512,64,,,,,,,,2000,20261023,False,complete,complete
retrieval_primary,dataset_romanized_formal,dataset_romanized_formal,stock_pt,Thaana → Latin Dhivehi,decoder_14,,anchor_identity_regularized,42,,MRR,fraction,0.45354417019766397,centered_identity,0.019668000990601668,-0.0018460073103482937,0.040849497508179164,,,512,512,64,,,,,,,,2000,20261023,False,complete,complete
retrieval_primary,dataset_romanized_formal,dataset_romanized_formal,stock_pt,Thaana → Latin Dhivehi,decoder_14,,anchor_identity_regularized,42,,FOSCTTM,fraction,0.08044123043052837,centered_identity,0.0008829195205479461,-0.006964839927837574,0.008948828889432478,,,512,512,64,,,,,,,,2000,20261023,False,complete,complete
retrieval_primary,dataset_romanized_formal,dataset_romanized_formal,stock_pt,Thaana → Latin Dhivehi,decoder_14,,anchor_shuffled_identity_regularized,42,,R@1,percent,26.7578125,centered_identity,-8.59375,-11.71875,-5.2734375,,,512,512,64,,,,,,,,2000,20261023,False,complete,complete
retrieval_primary,dataset_romanized_formal,dataset_romanized_formal,stock_pt,Thaana → Latin Dhivehi,decoder_14,,anchor_shuffled_identity_regularized,42,,R@5,percent,41.6015625,centered_identity,-10.15625,-13.8671875,-6.4453125,,,512,512,64,,,,,,,,2000,20261023,False,complete,complete
retrieval_primary,dataset_romanized_formal,dataset_romanized_formal,stock_pt,Thaana → Latin Dhivehi,decoder_14,,anchor_shuffled_identity_regularized,42,,MRR,fraction,0.34669562344086613,centered_identity,-0.08718054576619613,-0.11432482853591504,-0.06151921324834068,,,512,512,64,,,,,,,,2000,20261023,False,complete,complete
retrieval_primary,dataset_romanized_formal,dataset_romanized_formal,stock_pt,Thaana → Latin Dhivehi,decoder_14,,anchor_shuffled_identity_regularized,42,,FOSCTTM,fraction,0.11151541095890409,centered_identity,0.03195710004892367,0.017294329439823876,0.04654677180161448,,,512,512,64,,,,,,,,2000,20261023,False,complete,complete
retrieval_primary,dataset_romanized_formal,dataset_romanized_formal,stock_pt,Thaana → Latin Dhivehi,decoder_14,,official_wp,42,,R@1,percent,0.1953125,,,,,,,512,512,0,,,,,,,,,,False,complete,complete
retrieval_primary,dataset_romanized_formal,dataset_romanized_formal,stock_pt,Thaana → Latin Dhivehi,decoder_14,,official_wp,42,,R@5,percent,0.9765625,,,,,,,512,512,0,,,,,,,,,,False,complete,complete
retrieval_primary,dataset_romanized_formal,dataset_romanized_formal,stock_pt,Thaana → Latin Dhivehi,decoder_14,,official_wp,42,,MRR,fraction,0.01305336250432668,,,,,,,512,512,0,,,,,,,,,,False,complete,complete
retrieval_primary,dataset_romanized_formal,dataset_romanized_formal,stock_pt,Thaana → Latin Dhivehi,decoder_14,,official_wp,42,,FOSCTTM,fraction,0.5082061827299413,,,,,,,512,512,0,,,,,,,,,,False,complete,complete
retrieval_primary,dataset_romanized_formal,dataset_romanized_formal,stock_pt,Thaana → Latin Dhivehi,decoder_14,,official_wp,1337,,R@1,percent,0.0,,,,,,,512,512,0,,,,,,,,,,False,complete,complete
retrieval_primary,dataset_romanized_formal,dataset_romanized_formal,stock_pt,Thaana → Latin Dhivehi,decoder_14,,official_wp,1337,,R@5,percent,0.78125,,,,,,,512,512,0,,,,,,,,,,False,complete,complete
retrieval_primary,dataset_romanized_formal,dataset_romanized_formal,stock_pt,Thaana → Latin Dhivehi,decoder_14,,official_wp,1337,,MRR,fraction,0.012274889156023715,,,,,,,512,512,0,,,,,,,,,,False,complete,complete
retrieval_primary,dataset_romanized_formal,dataset_romanized_formal,stock_pt,Thaana → Latin Dhivehi,decoder_14,,official_wp,1337,,FOSCTTM,fraction,0.44233121330724073,,,,,,,512,512,0,,,,,,,,,,False,complete,complete
retrieval_primary,dataset_romanized_formal,dataset_romanized_formal,stock_pt,Thaana → Latin Dhivehi,decoder_14,,official_wp,20261010,,R@1,percent,0.390625,,,,,,,512,512,0,,,,,,,,,,False,complete,complete
retrieval_primary,dataset_romanized_formal,dataset_romanized_formal,stock_pt,Thaana → Latin Dhivehi,decoder_14,,official_wp,20261010,,R@5,percent,1.953125,,,,,,,512,512,0,,,,,,,,,,False,complete,complete
retrieval_primary,dataset_romanized_formal,dataset_romanized_formal,stock_pt,Thaana → Latin Dhivehi,decoder_14,,official_wp,20261010,,MRR,fraction,0.017900328828192813,,,,,,,512,512,0,,,,,,,,,,False,complete,complete
retrieval_primary,dataset_romanized_formal,dataset_romanized_formal,stock_pt,Thaana → Latin Dhivehi,decoder_14,,official_wp,20261010,,FOSCTTM,fraction,0.4883156494618395,,,,,,,512,512,0,,,,,,,,,,False,complete,complete
retrieval_primary,dataset_romanized_formal,dataset_romanized_formal,stock_pt,Thaana → Latin Dhivehi,decoder_14,,official_wp,mean,,R@1,percent,0.1953125,centered_identity,-35.15625,-39.32291666666667,-30.989583333333336,,,512,512,0,,,,,,,,2000,20261023,False,complete,complete
retrieval_primary,dataset_romanized_formal,dataset_romanized_formal,stock_pt,Thaana → Latin Dhivehi,decoder_14,,official_wp,mean,,R@5,percent,1.2369791666666665,centered_identity,-50.52083333333333,-54.689127604166664,-46.2890625,,,512,512,0,,,,,,,,2000,20261023,False,complete,complete
retrieval_primary,dataset_romanized_formal,dataset_romanized_formal,stock_pt,Thaana → Latin Dhivehi,decoder_14,,official_wp,mean,,MRR,fraction,0.014409526829514402,centered_identity,-0.41946664237754794,-0.45885872795818383,-0.3817160252316392,,,512,512,0,,,,,,,,2000,20261023,False,complete,complete
retrieval_primary,dataset_romanized_formal,dataset_romanized_formal,stock_pt,Thaana → Latin Dhivehi,decoder_14,,official_wp,mean,,FOSCTTM,fraction,0.4796176818330072,centered_identity,0.40005937092302674,0.3816315473642368,0.41858969213755703,,,512,512,0,,,,,,,,2000,20261023,False,complete,complete
retrieval_primary,dataset_romanized_formal,dataset_romanized_formal,cpt_pt,Latin Dhivehi → Thaana,decoder_09,,raw_identity,42,,R@1,percent,17.96875,centered_identity,-32.8125,-37.109375,-28.515625,,,512,512,0,,,,,,,,2000,20261023,False,complete,complete
retrieval_primary,dataset_romanized_formal,dataset_romanized_formal,cpt_pt,Latin Dhivehi → Thaana,decoder_09,,raw_identity,42,,R@5,percent,30.6640625,centered_identity,-38.0859375,-42.578125,-33.3984375,,,512,512,0,,,,,,,,2000,20261023,False,complete,complete
retrieval_primary,dataset_romanized_formal,dataset_romanized_formal,cpt_pt,Latin Dhivehi → Thaana,decoder_09,,raw_identity,42,,MRR,fraction,0.2512892315303527,centered_identity,-0.34198745624133847,-0.3781329899248159,-0.30657867103516,,,512,512,0,,,,,,,,2000,20261023,False,complete,complete
retrieval_primary,dataset_romanized_formal,dataset_romanized_formal,cpt_pt,Latin Dhivehi → Thaana,decoder_09,,raw_identity,42,,FOSCTTM,fraction,0.14594545009784735,centered_identity,0.1094858427103718,0.09506816826687867,0.12466450969300387,,,512,512,0,,,,,,,,2000,20261023,False,complete,complete
retrieval_primary,dataset_romanized_formal,dataset_romanized_formal,cpt_pt,Latin Dhivehi → Thaana,decoder_09,,centered_identity,42,,R@1,percent,50.78125,centered_identity,0.0,,,,,512,512,0,,,,,,,,,,False,complete,complete
retrieval_primary,dataset_romanized_formal,dataset_romanized_formal,cpt_pt,Latin Dhivehi → Thaana,decoder_09,,centered_identity,42,,R@5,percent,68.75,centered_identity,0.0,,,,,512,512,0,,,,,,,,,,False,complete,complete
retrieval_primary,dataset_romanized_formal,dataset_romanized_formal,cpt_pt,Latin Dhivehi → Thaana,decoder_09,,centered_identity,42,,MRR,fraction,0.5932766877716912,centered_identity,0.0,,,,,512,512,0,,,,,,,,,,False,complete,complete
retrieval_primary,dataset_romanized_formal,dataset_romanized_formal,cpt_pt,Latin Dhivehi → Thaana,decoder_09,,centered_identity,42,,FOSCTTM,fraction,0.036459607387475536,centered_identity,0.0,,,,,512,512,0,,,,,,,,,,False,complete,complete
retrieval_primary,dataset_romanized_formal,dataset_romanized_formal,cpt_pt,Latin Dhivehi → Thaana,decoder_09,,anchor_procrustes,42,,R@1,percent,11.71875,centered_identity,-39.0625,-43.5546875,-34.5703125,,,512,512,64,,,,,,,,2000,20261023,False,complete,complete
retrieval_primary,dataset_romanized_formal,dataset_romanized_formal,cpt_pt,Latin Dhivehi → Thaana,decoder_09,,anchor_procrustes,42,,R@5,percent,30.859375,centered_identity,-37.890625,-42.7734375,-33.203125,,,512,512,64,,,,,,,,2000,20261023,False,complete,complete
retrieval_primary,dataset_romanized_formal,dataset_romanized_formal,cpt_pt,Latin Dhivehi → Thaana,decoder_09,,anchor_procrustes,42,,MRR,fraction,0.20675972094820044,centered_identity,-0.3865169668234907,-0.4247237275737415,-0.34839873840817004,,,512,512,64,,,,,,,,2000,20261023,False,complete,complete
retrieval_primary,dataset_romanized_formal,dataset_romanized_formal,cpt_pt,Latin Dhivehi → Thaana,decoder_09,,anchor_procrustes,42,,FOSCTTM,fraction,0.11348382460861056,centered_identity,0.07702421722113503,0.06413120336961839,0.09009993043664383,,,512,512,64,,,,,,,,2000,20261023,False,complete,complete
retrieval_primary,dataset_romanized_formal,dataset_romanized_formal,cpt_pt,Latin Dhivehi → Thaana,decoder_09,,anchor_identity_regularized,42,,R@1,percent,51.3671875,centered_identity,0.5859375,-2.9296875,3.90625,,,512,512,64,,,,,,,,2000,20261023,False,complete,complete
retrieval_primary,dataset_romanized_formal,dataset_romanized_formal,cpt_pt,Latin Dhivehi → Thaana,decoder_09,,anchor_identity_regularized,42,,R@5,percent,68.1640625,centered_identity,-0.5859375,-3.515625,2.34375,,,512,512,64,,,,,,,,2000,20261023,False,complete,complete
retrieval_primary,dataset_romanized_formal,dataset_romanized_formal,cpt_pt,Latin Dhivehi → Thaana,decoder_09,,anchor_identity_regularized,42,,MRR,fraction,0.5966601542780743,centered_identity,0.0033834665063831363,-0.02075545581933682,0.027232452297047568,,,512,512,64,,,,,,,,2000,20261023,False,complete,complete
retrieval_primary,dataset_romanized_formal,dataset_romanized_formal,cpt_pt,Latin Dhivehi → Thaana,decoder_09,,anchor_identity_regularized,42,,FOSCTTM,fraction,0.03450266022504892,centered_identity,-0.0019569471624266144,-0.006032518957925636,0.00209502278008806,,,512,512,64,,,,,,,,2000,20261023,False,complete,complete
retrieval_primary,dataset_romanized_formal,dataset_romanized_formal,cpt_pt,Latin Dhivehi → Thaana,decoder_09,,anchor_shuffled_identity_regularized,42,,R@1,percent,42.578125,centered_identity,-8.203125,-12.3046875,-4.1015625,,,512,512,64,,,,,,,,2000,20261023,False,complete,complete
retrieval_primary,dataset_romanized_formal,dataset_romanized_formal,cpt_pt,Latin Dhivehi → Thaana,decoder_09,,anchor_shuffled_identity_regularized,42,,R@5,percent,59.375,centered_identity,-9.375,-13.0859375,-5.6640625,,,512,512,64,,,,,,,,2000,20261023,False,complete,complete
retrieval_primary,dataset_romanized_formal,dataset_romanized_formal,cpt_pt,Latin Dhivehi → Thaana,decoder_09,,anchor_shuffled_identity_regularized,42,,MRR,fraction,0.5125274683334979,centered_identity,-0.0807492194381932,-0.11401166871200608,-0.05061326718191921,,,512,512,64,,,,,,,,2000,20261023,False,complete,complete
retrieval_primary,dataset_romanized_formal,dataset_romanized_formal,cpt_pt,Latin Dhivehi → Thaana,decoder_09,,anchor_shuffled_identity_regularized,42,,FOSCTTM,fraction,0.053303877201565555,centered_identity,0.016844269814090016,0.00905833384295499,0.025008504311399216,,,512,512,64,,,,,,,,2000,20261023,False,complete,complete
retrieval_primary,dataset_romanized_formal,dataset_romanized_formal,cpt_pt,Latin Dhivehi → Thaana,decoder_09,,official_wp,42,,R@1,percent,0.0,,,,,,,512,512,0,,,,,,,,,,False,complete,complete
retrieval_primary,dataset_romanized_formal,dataset_romanized_formal,cpt_pt,Latin Dhivehi → Thaana,decoder_09,,official_wp,42,,R@5,percent,0.78125,,,,,,,512,512,0,,,,,,,,,,False,complete,complete
retrieval_primary,dataset_romanized_formal,dataset_romanized_formal,cpt_pt,Latin Dhivehi → Thaana,decoder_09,,official_wp,42,,MRR,fraction,0.01382415924919956,,,,,,,512,512,0,,,,,,,,,,False,complete,complete
retrieval_primary,dataset_romanized_formal,dataset_romanized_formal,cpt_pt,Latin Dhivehi → Thaana,decoder_09,,official_wp,42,,FOSCTTM,fraction,0.45434426981409004,,,,,,,512,512,0,,,,,,,,,,False,complete,complete
retrieval_primary,dataset_romanized_formal,dataset_romanized_formal,cpt_pt,Latin Dhivehi → Thaana,decoder_09,,official_wp,1337,,R@1,percent,0.5859375,,,,,,,512,512,0,,,,,,,,,,False,complete,complete
retrieval_primary,dataset_romanized_formal,dataset_romanized_formal,cpt_pt,Latin Dhivehi → Thaana,decoder_09,,official_wp,1337,,R@5,percent,2.734375,,,,,,,512,512,0,,,,,,,,,,False,complete,complete
retrieval_primary,dataset_romanized_formal,dataset_romanized_formal,cpt_pt,Latin Dhivehi → Thaana,decoder_09,,official_wp,1337,,MRR,fraction,0.027662625495848706,,,,,,,512,512,0,,,,,,,,,,False,complete,complete
retrieval_primary,dataset_romanized_formal,dataset_romanized_formal,cpt_pt,Latin Dhivehi → Thaana,decoder_09,,official_wp,1337,,FOSCTTM,fraction,0.36891893957925637,,,,,,,512,512,0,,,,,,,,,,False,complete,complete
retrieval_primary,dataset_romanized_formal,dataset_romanized_formal,cpt_pt,Latin Dhivehi → Thaana,decoder_09,,official_wp,20261010,,R@1,percent,0.390625,,,,,,,512,512,0,,,,,,,,,,False,complete,complete
retrieval_primary,dataset_romanized_formal,dataset_romanized_formal,cpt_pt,Latin Dhivehi → Thaana,decoder_09,,official_wp,20261010,,R@5,percent,1.171875,,,,,,,512,512,0,,,,,,,,,,False,complete,complete
retrieval_primary,dataset_romanized_formal,dataset_romanized_formal,cpt_pt,Latin Dhivehi → Thaana,decoder_09,,official_wp,20261010,,MRR,fraction,0.013499580817639054,,,,,,,512,512,0,,,,,,,,,,False,complete,complete
retrieval_primary,dataset_romanized_formal,dataset_romanized_formal,cpt_pt,Latin Dhivehi → Thaana,decoder_09,,official_wp,20261010,,FOSCTTM,fraction,0.5533153436888454,,,,,,,512,512,0,,,,,,,,,,False,complete,complete
retrieval_primary,dataset_romanized_formal,dataset_romanized_formal,cpt_pt,Latin Dhivehi → Thaana,decoder_09,,official_wp,mean,,R@1,percent,0.32552083333333337,centered_identity,-50.455729166666664,-54.817708333333336,-45.96354166666667,,,512,512,0,,,,,,,,2000,20261023,False,complete,complete
retrieval_primary,dataset_romanized_formal,dataset_romanized_formal,cpt_pt,Latin Dhivehi → Thaana,decoder_09,,official_wp,mean,,R@5,percent,1.5625,centered_identity,-67.1875,-71.41927083333334,-63.28125,,,512,512,0,,,,,,,,2000,20261023,False,complete,complete
retrieval_primary,dataset_romanized_formal,dataset_romanized_formal,cpt_pt,Latin Dhivehi → Thaana,decoder_09,,official_wp,mean,,MRR,fraction,0.018328788520895773,centered_identity,-0.5749478992507954,-0.6148246088751046,-0.5381217915273967,,,512,512,0,,,,,,,,2000,20261023,False,complete,complete
retrieval_primary,dataset_romanized_formal,dataset_romanized_formal,cpt_pt,Latin Dhivehi → Thaana,decoder_09,,official_wp,mean,,FOSCTTM,fraction,0.45885951769406397,centered_identity,0.42239991030658836,0.4066048877813112,0.43800344249429224,,,512,512,0,,,,,,,,2000,20261023,False,complete,complete
retrieval_primary,dataset_romanized_formal,dataset_romanized_formal,cpt_pt,Thaana → Latin Dhivehi,decoder_09,,raw_identity,42,,R@1,percent,13.671875,centered_identity,-33.3984375,-37.5,-29.1015625,,,512,512,0,,,,,,,,2000,20261023,False,complete,complete
retrieval_primary,dataset_romanized_formal,dataset_romanized_formal,cpt_pt,Thaana → Latin Dhivehi,decoder_09,,raw_identity,42,,R@5,percent,25.9765625,centered_identity,-38.8671875,-43.359375,-34.5703125,,,512,512,0,,,,,,,,2000,20261023,False,complete,complete
retrieval_primary,dataset_romanized_formal,dataset_romanized_formal,cpt_pt,Thaana → Latin Dhivehi,decoder_09,,raw_identity,42,,MRR,fraction,0.19859824747623267,centered_identity,-0.36155672685068674,-0.39455371442139203,-0.3274762401791616,,,512,512,0,,,,,,,,2000,20261023,False,complete,complete
retrieval_primary,dataset_romanized_formal,dataset_romanized_formal,cpt_pt,Thaana → Latin Dhivehi,decoder_09,,raw_identity,42,,FOSCTTM,fraction,0.233323905332681,centered_identity,0.1898276969178082,0.17024981653620352,0.20961722954378667,,,512,512,0,,,,,,,,2000,20261023,False,complete,complete
retrieval_primary,dataset_romanized_formal,dataset_romanized_formal,cpt_pt,Thaana → Latin Dhivehi,decoder_09,,centered_identity,42,,R@1,percent,47.0703125,centered_identity,0.0,,,,,512,512,0,,,,,,,,,,False,complete,complete
retrieval_primary,dataset_romanized_formal,dataset_romanized_formal,cpt_pt,Thaana → Latin Dhivehi,decoder_09,,centered_identity,42,,R@5,percent,64.84375,centered_identity,0.0,,,,,512,512,0,,,,,,,,,,False,complete,complete
retrieval_primary,dataset_romanized_formal,dataset_romanized_formal,cpt_pt,Thaana → Latin Dhivehi,decoder_09,,centered_identity,42,,MRR,fraction,0.5601549743269194,centered_identity,0.0,,,,,512,512,0,,,,,,,,,,False,complete,complete
retrieval_primary,dataset_romanized_formal,dataset_romanized_formal,cpt_pt,Thaana → Latin Dhivehi,decoder_09,,centered_identity,42,,FOSCTTM,fraction,0.0434962084148728,centered_identity,0.0,,,,,512,512,0,,,,,,,,,,False,complete,complete
retrieval_primary,dataset_romanized_formal,dataset_romanized_formal,cpt_pt,Thaana → Latin Dhivehi,decoder_09,,anchor_procrustes,42,,R@1,percent,15.625,centered_identity,-31.4453125,-36.1328125,-26.7578125,,,512,512,64,,,,,,,,2000,20261023,False,complete,complete
retrieval_primary,dataset_romanized_formal,dataset_romanized_formal,cpt_pt,Thaana → Latin Dhivehi,decoder_09,,anchor_procrustes,42,,R@5,percent,32.03125,centered_identity,-32.8125,-37.3046875,-28.3203125,,,512,512,64,,,,,,,,2000,20261023,False,complete,complete
retrieval_primary,dataset_romanized_formal,dataset_romanized_formal,cpt_pt,Thaana → Latin Dhivehi,decoder_09,,anchor_procrustes,42,,MRR,fraction,0.24378243853936082,centered_identity,-0.31637253578755864,-0.35286927026279213,-0.2787208548169052,,,512,512,64,,,,,,,,2000,20261023,False,complete,complete
retrieval_primary,dataset_romanized_formal,dataset_romanized_formal,cpt_pt,Thaana → Latin Dhivehi,decoder_09,,anchor_procrustes,42,,FOSCTTM,fraction,0.10666126467710371,centered_identity,0.06316505626223091,0.050773605675146764,0.0759977755014677,,,512,512,64,,,,,,,,2000,20261023,False,complete,complete
retrieval_primary,dataset_romanized_formal,dataset_romanized_formal,cpt_pt,Thaana → Latin Dhivehi,decoder_09,,anchor_identity_regularized,42,,R@1,percent,53.125,centered_identity,6.0546875,3.125,9.1796875,,,512,512,64,,,,,,,,2000,20261023,False,complete,complete
retrieval_primary,dataset_romanized_formal,dataset_romanized_formal,cpt_pt,Thaana → Latin Dhivehi,decoder_09,,anchor_identity_regularized,42,,R@5,percent,70.703125,centered_identity,5.859375,2.9296875,8.984375,,,512,512,64,,,,,,,,2000,20261023,False,complete,complete
retrieval_primary,dataset_romanized_formal,dataset_romanized_formal,cpt_pt,Thaana → Latin Dhivehi,decoder_09,,anchor_identity_regularized,42,,MRR,fraction,0.6109180473486966,centered_identity,0.05076307302177708,0.02878728250334646,0.0717321558327962,,,512,512,64,,,,,,,,2000,20261023,False,complete,complete
retrieval_primary,dataset_romanized_formal,dataset_romanized_formal,cpt_pt,Thaana → Latin Dhivehi,decoder_09,,anchor_identity_regularized,42,,FOSCTTM,fraction,0.03612707925636008,centered_identity,-0.007369129158512721,-0.012223657656555774,-0.002520811674412927,,,512,512,64,,,,,,,,2000,20261023,False,complete,complete
retrieval_primary,dataset_romanized_formal,dataset_romanized_formal,cpt_pt,Thaana → Latin Dhivehi,decoder_09,,anchor_shuffled_identity_regularized,42,,R@1,percent,41.015625,centered_identity,-6.0546875,-9.9609375,-2.5390625,,,512,512,64,,,,,,,,2000,20261023,False,complete,complete
retrieval_primary,dataset_romanized_formal,dataset_romanized_formal,cpt_pt,Thaana → Latin Dhivehi,decoder_09,,anchor_shuffled_identity_regularized,42,,R@5,percent,60.9375,centered_identity,-3.90625,-7.8125,0.0,,,512,512,64,,,,,,,,2000,20261023,False,complete,complete
retrieval_primary,dataset_romanized_formal,dataset_romanized_formal,cpt_pt,Thaana → Latin Dhivehi,decoder_09,,anchor_shuffled_identity_regularized,42,,MRR,fraction,0.5004691686653797,centered_identity,-0.05968580566153972,-0.08978348844429664,-0.029072748607898734,,,512,512,64,,,,,,,,2000,20261023,False,complete,complete
retrieval_primary,dataset_romanized_formal,dataset_romanized_formal,cpt_pt,Thaana → Latin Dhivehi,decoder_09,,anchor_shuffled_identity_regularized,42,,FOSCTTM,fraction,0.050253791585127196,centered_identity,0.006757583170254402,-0.0012020700831702554,0.014788424198874753,,,512,512,64,,,,,,,,2000,20261023,False,complete,complete
retrieval_primary,dataset_romanized_formal,dataset_romanized_formal,cpt_pt,Thaana → Latin Dhivehi,decoder_09,,official_wp,42,,R@1,percent,0.1953125,,,,,,,512,512,0,,,,,,,,,,False,complete,complete
retrieval_primary,dataset_romanized_formal,dataset_romanized_formal,cpt_pt,Thaana → Latin Dhivehi,decoder_09,,official_wp,42,,R@5,percent,1.3671875,,,,,,,512,512,0,,,,,,,,,,False,complete,complete
retrieval_primary,dataset_romanized_formal,dataset_romanized_formal,cpt_pt,Thaana → Latin Dhivehi,decoder_09,,official_wp,42,,MRR,fraction,0.016500854163893672,,,,,,,512,512,0,,,,,,,,,,False,complete,complete
retrieval_primary,dataset_romanized_formal,dataset_romanized_formal,cpt_pt,Thaana → Latin Dhivehi,decoder_09,,official_wp,42,,FOSCTTM,fraction,0.4574899094911937,,,,,,,512,512,0,,,,,,,,,,False,complete,complete
retrieval_primary,dataset_romanized_formal,dataset_romanized_formal,cpt_pt,Thaana → Latin Dhivehi,decoder_09,,official_wp,1337,,R@1,percent,0.1953125,,,,,,,512,512,0,,,,,,,,,,False,complete,complete
retrieval_primary,dataset_romanized_formal,dataset_romanized_formal,cpt_pt,Thaana → Latin Dhivehi,decoder_09,,official_wp,1337,,R@5,percent,1.7578125,,,,,,,512,512,0,,,,,,,,,,False,complete,complete
retrieval_primary,dataset_romanized_formal,dataset_romanized_formal,cpt_pt,Thaana → Latin Dhivehi,decoder_09,,official_wp,1337,,MRR,fraction,0.022353317438482442,,,,,,,512,512,0,,,,,,,,,,False,complete,complete
retrieval_primary,dataset_romanized_formal,dataset_romanized_formal,cpt_pt,Thaana → Latin Dhivehi,decoder_09,,official_wp,1337,,FOSCTTM,fraction,0.36832268224070447,,,,,,,512,512,0,,,,,,,,,,False,complete,complete
retrieval_primary,dataset_romanized_formal,dataset_romanized_formal,cpt_pt,Thaana → Latin Dhivehi,decoder_09,,official_wp,20261010,,R@1,percent,0.1953125,,,,,,,512,512,0,,,,,,,,,,False,complete,complete
retrieval_primary,dataset_romanized_formal,dataset_romanized_formal,cpt_pt,Thaana → Latin Dhivehi,decoder_09,,official_wp,20261010,,R@5,percent,1.3671875,,,,,,,512,512,0,,,,,,,,,,False,complete,complete
retrieval_primary,dataset_romanized_formal,dataset_romanized_formal,cpt_pt,Thaana → Latin Dhivehi,decoder_09,,official_wp,20261010,,MRR,fraction,0.012999088571237622,,,,,,,512,512,0,,,,,,,,,,False,complete,complete
retrieval_primary,dataset_romanized_formal,dataset_romanized_formal,cpt_pt,Thaana → Latin Dhivehi,decoder_09,,official_wp,20261010,,FOSCTTM,fraction,0.5505213429549902,,,,,,,512,512,0,,,,,,,,,,False,complete,complete
retrieval_primary,dataset_romanized_formal,dataset_romanized_formal,cpt_pt,Thaana → Latin Dhivehi,decoder_09,,official_wp,mean,,R@1,percent,0.1953125,centered_identity,-46.875,-51.106770833333336,-42.44791666666667,,,512,512,0,,,,,,,,2000,20261023,False,complete,complete
retrieval_primary,dataset_romanized_formal,dataset_romanized_formal,cpt_pt,Thaana → Latin Dhivehi,decoder_09,,official_wp,mean,,R@5,percent,1.4973958333333335,centered_identity,-63.346354166666664,-67.51302083333333,-59.114583333333336,,,512,512,0,,,,,,,,2000,20261023,False,complete,complete
retrieval_primary,dataset_romanized_formal,dataset_romanized_formal,cpt_pt,Thaana → Latin Dhivehi,decoder_09,,official_wp,mean,,MRR,fraction,0.017284420057871244,centered_identity,-0.5428705542690482,-0.5827271406013153,-0.5052364729503592,,,512,512,0,,,,,,,,2000,20261023,False,complete,complete
retrieval_primary,dataset_romanized_formal,dataset_romanized_formal,cpt_pt,Thaana → Latin Dhivehi,decoder_09,,official_wp,mean,,FOSCTTM,fraction,0.45877797822896277,centered_identity,0.41528176981409004,0.3985732186174984,0.43179889437581537,,,512,512,0,,,,,,,,2000,20261023,False,complete,complete
retrieval_primary,dataset_romanized_formal,dataset_romanized_formal,cpt_pt,Latin Dhivehi → Thaana,decoder_14,,raw_identity,42,,R@1,percent,16.2109375,centered_identity,-23.6328125,-27.734375,-19.72167968750003,,,512,512,0,,,,,,,,2000,20261023,False,complete,complete
retrieval_primary,dataset_romanized_formal,dataset_romanized_formal,cpt_pt,Latin Dhivehi → Thaana,decoder_14,,raw_identity,42,,R@5,percent,25.5859375,centered_identity,-33.7890625,-38.0859375,-29.296875,,,512,512,0,,,,,,,,2000,20261023,False,complete,complete
retrieval_primary,dataset_romanized_formal,dataset_romanized_formal,cpt_pt,Latin Dhivehi → Thaana,decoder_14,,raw_identity,42,,MRR,fraction,0.22074426426843408,centered_identity,-0.26905005721967923,-0.30407472665824,-0.2357989058675097,,,512,512,0,,,,,,,,2000,20261023,False,complete,complete
retrieval_primary,dataset_romanized_formal,dataset_romanized_formal,cpt_pt,Latin Dhivehi → Thaana,decoder_14,,raw_identity,42,,FOSCTTM,fraction,0.18112463307240706,centered_identity,0.12202635763209393,0.10618569211717221,0.13872376085494129,,,512,512,0,,,,,,,,2000,20261023,False,complete,complete
retrieval_primary,dataset_romanized_formal,dataset_romanized_formal,cpt_pt,Latin Dhivehi → Thaana,decoder_14,,centered_identity,42,,R@1,percent,39.84375,centered_identity,0.0,,,,,512,512,0,,,,,,,,,,False,complete,complete
retrieval_primary,dataset_romanized_formal,dataset_romanized_formal,cpt_pt,Latin Dhivehi → Thaana,decoder_14,,centered_identity,42,,R@5,percent,59.375,centered_identity,0.0,,,,,512,512,0,,,,,,,,,,False,complete,complete
retrieval_primary,dataset_romanized_formal,dataset_romanized_formal,cpt_pt,Latin Dhivehi → Thaana,decoder_14,,centered_identity,42,,MRR,fraction,0.4897943214881133,centered_identity,0.0,,,,,512,512,0,,,,,,,,,,False,complete,complete
retrieval_primary,dataset_romanized_formal,dataset_romanized_formal,cpt_pt,Latin Dhivehi → Thaana,decoder_14,,centered_identity,42,,FOSCTTM,fraction,0.059098275440313104,centered_identity,0.0,,,,,512,512,0,,,,,,,,,,False,complete,complete
retrieval_primary,dataset_romanized_formal,dataset_romanized_formal,cpt_pt,Latin Dhivehi → Thaana,decoder_14,,anchor_procrustes,42,,R@1,percent,10.7421875,centered_identity,-29.1015625,-33.0078125,-24.99511718750003,,,512,512,64,,,,,,,,2000,20261023,False,complete,complete
retrieval_primary,dataset_romanized_formal,dataset_romanized_formal,cpt_pt,Latin Dhivehi → Thaana,decoder_14,,anchor_procrustes,42,,R@5,percent,26.5625,centered_identity,-32.8125,-37.109375,-28.3203125,,,512,512,64,,,,,,,,2000,20261023,False,complete,complete
retrieval_primary,dataset_romanized_formal,dataset_romanized_formal,cpt_pt,Latin Dhivehi → Thaana,decoder_14,,anchor_procrustes,42,,MRR,fraction,0.19191192194410495,centered_identity,-0.29788239954400836,-0.33473336795053993,-0.26225373807511504,,,512,512,64,,,,,,,,2000,20261023,False,complete,complete
retrieval_primary,dataset_romanized_formal,dataset_romanized_formal,cpt_pt,Latin Dhivehi → Thaana,decoder_14,,anchor_procrustes,42,,FOSCTTM,fraction,0.13889738258317025,centered_identity,0.07979910714285715,0.06624858579990216,0.09444238472358123,,,512,512,64,,,,,,,,2000,20261023,False,complete,complete
retrieval_primary,dataset_romanized_formal,dataset_romanized_formal,cpt_pt,Latin Dhivehi → Thaana,decoder_14,,anchor_identity_regularized,42,,R@1,percent,39.84375,centered_identity,0.0,-2.9296875,2.9296875,,,512,512,64,,,,,,,,2000,20261023,False,complete,complete
retrieval_primary,dataset_romanized_formal,dataset_romanized_formal,cpt_pt,Latin Dhivehi → Thaana,decoder_14,,anchor_identity_regularized,42,,R@5,percent,55.859375,centered_identity,-3.515625,-6.640625,0.0,,,512,512,64,,,,,,,,2000,20261023,False,complete,complete
retrieval_primary,dataset_romanized_formal,dataset_romanized_formal,cpt_pt,Latin Dhivehi → Thaana,decoder_14,,anchor_identity_regularized,42,,MRR,fraction,0.4761995233696708,centered_identity,-0.013594798118442506,-0.03480245027971506,0.008573721243450325,,,512,512,64,,,,,,,,2000,20261023,False,complete,complete
retrieval_primary,dataset_romanized_formal,dataset_romanized_formal,cpt_pt,Latin Dhivehi → Thaana,decoder_14,,anchor_identity_regularized,42,,FOSCTTM,fraction,0.06550039750489237,centered_identity,0.006402122064579257,-0.00043457986790606656,0.013727105247064568,,,512,512,64,,,,,,,,2000,20261023,False,complete,complete
retrieval_primary,dataset_romanized_formal,dataset_romanized_formal,cpt_pt,Latin Dhivehi → Thaana,decoder_14,,anchor_shuffled_identity_regularized,42,,R@1,percent,30.078125,centered_identity,-9.765625,-13.28125,-6.25,,,512,512,64,,,,,,,,2000,20261023,False,complete,complete
retrieval_primary,dataset_romanized_formal,dataset_romanized_formal,cpt_pt,Latin Dhivehi → Thaana,decoder_14,,anchor_shuffled_identity_regularized,42,,R@5,percent,45.3125,centered_identity,-14.0625,-17.96875,-10.3515625,,,512,512,64,,,,,,,,2000,20261023,False,complete,complete
retrieval_primary,dataset_romanized_formal,dataset_romanized_formal,cpt_pt,Latin Dhivehi → Thaana,decoder_14,,anchor_shuffled_identity_regularized,42,,MRR,fraction,0.37806549452890603,centered_identity,-0.11172882695920727,-0.14136858798665117,-0.08242805583127145,,,512,512,64,,,,,,,,2000,20261023,False,complete,complete
retrieval_primary,dataset_romanized_formal,dataset_romanized_formal,cpt_pt,Latin Dhivehi → Thaana,decoder_14,,anchor_shuffled_identity_regularized,42,,FOSCTTM,fraction,0.09110506360078277,centered_identity,0.032006788160469674,0.020900730797455972,0.04313052302470645,,,512,512,64,,,,,,,,2000,20261023,False,complete,complete
retrieval_primary,dataset_romanized_formal,dataset_romanized_formal,cpt_pt,Latin Dhivehi → Thaana,decoder_14,,official_wp,42,,R@1,percent,0.0,,,,,,,512,512,0,,,,,,,,,,False,complete,complete
retrieval_primary,dataset_romanized_formal,dataset_romanized_formal,cpt_pt,Latin Dhivehi → Thaana,decoder_14,,official_wp,42,,R@5,percent,0.390625,,,,,,,512,512,0,,,,,,,,,,False,complete,complete
retrieval_primary,dataset_romanized_formal,dataset_romanized_formal,cpt_pt,Latin Dhivehi → Thaana,decoder_14,,official_wp,42,,MRR,fraction,0.008295132439667128,,,,,,,512,512,0,,,,,,,,,,False,complete,complete
retrieval_primary,dataset_romanized_formal,dataset_romanized_formal,cpt_pt,Latin Dhivehi → Thaana,decoder_14,,official_wp,42,,FOSCTTM,fraction,0.5447460555283757,,,,,,,512,512,0,,,,,,,,,,False,complete,complete
retrieval_primary,dataset_romanized_formal,dataset_romanized_formal,cpt_pt,Latin Dhivehi → Thaana,decoder_14,,official_wp,1337,,R@1,percent,0.0,,,,,,,512,512,0,,,,,,,,,,False,complete,complete
retrieval_primary,dataset_romanized_formal,dataset_romanized_formal,cpt_pt,Latin Dhivehi → Thaana,decoder_14,,official_wp,1337,,R@5,percent,0.9765625,,,,,,,512,512,0,,,,,,,,,,False,complete,complete
retrieval_primary,dataset_romanized_formal,dataset_romanized_formal,cpt_pt,Latin Dhivehi → Thaana,decoder_14,,official_wp,1337,,MRR,fraction,0.012384776882957312,,,,,,,512,512,0,,,,,,,,,,False,complete,complete
retrieval_primary,dataset_romanized_formal,dataset_romanized_formal,cpt_pt,Latin Dhivehi → Thaana,decoder_14,,official_wp,1337,,FOSCTTM,fraction,0.4833391939823875,,,,,,,512,512,0,,,,,,,,,,False,complete,complete
retrieval_primary,dataset_romanized_formal,dataset_romanized_formal,cpt_pt,Latin Dhivehi → Thaana,decoder_14,,official_wp,20261010,,R@1,percent,0.1953125,,,,,,,512,512,0,,,,,,,,,,False,complete,complete
retrieval_primary,dataset_romanized_formal,dataset_romanized_formal,cpt_pt,Latin Dhivehi → Thaana,decoder_14,,official_wp,20261010,,R@5,percent,0.390625,,,,,,,512,512,0,,,,,,,,,,False,complete,complete
retrieval_primary,dataset_romanized_formal,dataset_romanized_formal,cpt_pt,Latin Dhivehi → Thaana,decoder_14,,official_wp,20261010,,MRR,fraction,0.009808385808006906,,,,,,,512,512,0,,,,,,,,,,False,complete,complete
retrieval_primary,dataset_romanized_formal,dataset_romanized_formal,cpt_pt,Latin Dhivehi → Thaana,decoder_14,,official_wp,20261010,,FOSCTTM,fraction,0.5622706702544031,,,,,,,512,512,0,,,,,,,,,,False,complete,complete
retrieval_primary,dataset_romanized_formal,dataset_romanized_formal,cpt_pt,Latin Dhivehi → Thaana,decoder_14,,official_wp,mean,,R@1,percent,0.06510416666666666,centered_identity,-39.778645833333336,-44.075520833333336,-35.7421875,,,512,512,0,,,,,,,,2000,20261023,False,complete,complete
retrieval_primary,dataset_romanized_formal,dataset_romanized_formal,cpt_pt,Latin Dhivehi → Thaana,decoder_14,,official_wp,mean,,R@5,percent,0.5859375,centered_identity,-58.7890625,-62.890625,-54.68587239583334,,,512,512,0,,,,,,,,2000,20261023,False,complete,complete
retrieval_primary,dataset_romanized_formal,dataset_romanized_formal,cpt_pt,Latin Dhivehi → Thaana,decoder_14,,official_wp,mean,,MRR,fraction,0.010162765043543782,centered_identity,-0.47963155644456956,-0.5225714996728092,-0.44563796104149545,,,512,512,0,,,,,,,,2000,20261023,False,complete,complete
retrieval_primary,dataset_romanized_formal,dataset_romanized_formal,cpt_pt,Latin Dhivehi → Thaana,decoder_14,,official_wp,mean,,FOSCTTM,fraction,0.5301186399217221,centered_identity,0.471020364481409,0.4480858292053979,0.4934521261415524,,,512,512,0,,,,,,,,2000,20261023,False,complete,complete
retrieval_primary,dataset_romanized_formal,dataset_romanized_formal,cpt_pt,Thaana → Latin Dhivehi,decoder_14,,raw_identity,42,,R@1,percent,15.0390625,centered_identity,-22.265625,-25.9765625,-18.54980468750003,,,512,512,0,,,,,,,,2000,20261023,False,complete,complete
retrieval_primary,dataset_romanized_formal,dataset_romanized_formal,cpt_pt,Thaana → Latin Dhivehi,decoder_14,,raw_identity,42,,R@5,percent,24.4140625,centered_identity,-32.8125,-37.109375,-28.515625,,,512,512,0,,,,,,,,2000,20261023,False,complete,complete
retrieval_primary,dataset_romanized_formal,dataset_romanized_formal,cpt_pt,Thaana → Latin Dhivehi,decoder_14,,raw_identity,42,,MRR,fraction,0.20022488320921217,centered_identity,-0.2662590399121933,-0.29851447629702443,-0.23278456091222743,,,512,512,0,,,,,,,,2000,20261023,False,complete,complete
retrieval_primary,dataset_romanized_formal,dataset_romanized_formal,cpt_pt,Thaana → Latin Dhivehi,decoder_14,,raw_identity,42,,FOSCTTM,fraction,0.24956427348336596,centered_identity,0.181323385518591,0.16146323844178082,0.20070948890044032,,,512,512,0,,,,,,,,2000,20261023,False,complete,complete
retrieval_primary,dataset_romanized_formal,dataset_romanized_formal,cpt_pt,Thaana → Latin Dhivehi,decoder_14,,centered_identity,42,,R@1,percent,37.3046875,centered_identity,0.0,,,,,512,512,0,,,,,,,,,,False,complete,complete
retrieval_primary,dataset_romanized_formal,dataset_romanized_formal,cpt_pt,Thaana → Latin Dhivehi,decoder_14,,centered_identity,42,,R@5,percent,57.2265625,centered_identity,0.0,,,,,512,512,0,,,,,,,,,,False,complete,complete
retrieval_primary,dataset_romanized_formal,dataset_romanized_formal,cpt_pt,Thaana → Latin Dhivehi,decoder_14,,centered_identity,42,,MRR,fraction,0.4664839231214054,centered_identity,0.0,,,,,512,512,0,,,,,,,,,,False,complete,complete
retrieval_primary,dataset_romanized_formal,dataset_romanized_formal,cpt_pt,Thaana → Latin Dhivehi,decoder_14,,centered_identity,42,,FOSCTTM,fraction,0.06824088796477495,centered_identity,0.0,,,,,512,512,0,,,,,,,,,,False,complete,complete
retrieval_primary,dataset_romanized_formal,dataset_romanized_formal,cpt_pt,Thaana → Latin Dhivehi,decoder_14,,anchor_procrustes,42,,R@1,percent,10.7421875,centered_identity,-26.5625,-30.6640625,-22.4609375,,,512,512,64,,,,,,,,2000,20261023,False,complete,complete
retrieval_primary,dataset_romanized_formal,dataset_romanized_formal,cpt_pt,Thaana → Latin Dhivehi,decoder_14,,anchor_procrustes,42,,R@5,percent,29.296875,centered_identity,-27.9296875,-32.421875,-23.046875,,,512,512,64,,,,,,,,2000,20261023,False,complete,complete
retrieval_primary,dataset_romanized_formal,dataset_romanized_formal,cpt_pt,Thaana → Latin Dhivehi,decoder_14,,anchor_procrustes,42,,MRR,fraction,0.2009877266214753,centered_identity,-0.2654961964999301,-0.301742599809134,-0.2304539845109179,,,512,512,64,,,,,,,,2000,20261023,False,complete,complete
retrieval_primary,dataset_romanized_formal,dataset_romanized_formal,cpt_pt,Thaana → Latin Dhivehi,decoder_14,,anchor_procrustes,42,,FOSCTTM,fraction,0.1318340264187867,centered_identity,0.06359313845401174,0.05041040469055772,0.07755674000122305,,,512,512,64,,,,,,,,2000,20261023,False,complete,complete
retrieval_primary,dataset_romanized_formal,dataset_romanized_formal,cpt_pt,Thaana → Latin Dhivehi,decoder_14,,anchor_identity_regularized,42,,R@1,percent,41.9921875,centered_identity,4.6875,1.3671875,8.0078125,,,512,512,64,,,,,,,,2000,20261023,False,complete,complete
retrieval_primary,dataset_romanized_formal,dataset_romanized_formal,cpt_pt,Thaana → Latin Dhivehi,decoder_14,,anchor_identity_regularized,42,,R@5,percent,57.03125,centered_identity,-0.1953125,-3.125,2.734375,,,512,512,64,,,,,,,,2000,20261023,False,complete,complete
retrieval_primary,dataset_romanized_formal,dataset_romanized_formal,cpt_pt,Thaana → Latin Dhivehi,decoder_14,,anchor_identity_regularized,42,,MRR,fraction,0.49797740106354665,centered_identity,0.0314934779421413,0.007513651833110546,0.05391896301747663,,,512,512,64,,,,,,,,2000,20261023,False,complete,complete
retrieval_primary,dataset_romanized_formal,dataset_romanized_formal,cpt_pt,Thaana → Latin Dhivehi,decoder_14,,anchor_identity_regularized,42,,FOSCTTM,fraction,0.06760640900195694,centered_identity,-0.0006344789628180039,-0.007897256451810176,0.006162376926369857,,,512,512,64,,,,,,,,2000,20261023,False,complete,complete
retrieval_primary,dataset_romanized_formal,dataset_romanized_formal,cpt_pt,Thaana → Latin Dhivehi,decoder_14,,anchor_shuffled_identity_regularized,42,,R@1,percent,31.0546875,centered_identity,-6.25,-9.765625,-2.9296875,,,512,512,64,,,,,,,,2000,20261023,False,complete,complete
retrieval_primary,dataset_romanized_formal,dataset_romanized_formal,cpt_pt,Thaana → Latin Dhivehi,decoder_14,,anchor_shuffled_identity_regularized,42,,R@5,percent,46.875,centered_identity,-10.3515625,-14.2578125,-6.25,,,512,512,64,,,,,,,,2000,20261023,False,complete,complete
retrieval_primary,dataset_romanized_formal,dataset_romanized_formal,cpt_pt,Thaana → Latin Dhivehi,decoder_14,,anchor_shuffled_identity_regularized,42,,MRR,fraction,0.3878474862929888,centered_identity,-0.07863643682841662,-0.10605075926666127,-0.04969824433055807,,,512,512,64,,,,,,,,2000,20261023,False,complete,complete
retrieval_primary,dataset_romanized_formal,dataset_romanized_formal,cpt_pt,Thaana → Latin Dhivehi,decoder_14,,anchor_shuffled_identity_regularized,42,,FOSCTTM,fraction,0.08957237646771037,centered_identity,0.021331488502935418,0.009169558769569472,0.033367000214041084,,,512,512,64,,,,,,,,2000,20261023,False,complete,complete
retrieval_primary,dataset_romanized_formal,dataset_romanized_formal,cpt_pt,Thaana → Latin Dhivehi,decoder_14,,official_wp,42,,R@1,percent,0.1953125,,,,,,,512,512,0,,,,,,,,,,False,complete,complete
retrieval_primary,dataset_romanized_formal,dataset_romanized_formal,cpt_pt,Thaana → Latin Dhivehi,decoder_14,,official_wp,42,,R@5,percent,0.78125,,,,,,,512,512,0,,,,,,,,,,False,complete,complete
retrieval_primary,dataset_romanized_formal,dataset_romanized_formal,cpt_pt,Thaana → Latin Dhivehi,decoder_14,,official_wp,42,,MRR,fraction,0.010516233170220567,,,,,,,512,512,0,,,,,,,,,,False,complete,complete
retrieval_primary,dataset_romanized_formal,dataset_romanized_formal,cpt_pt,Thaana → Latin Dhivehi,decoder_14,,official_wp,42,,FOSCTTM,fraction,0.5435306078767124,,,,,,,512,512,0,,,,,,,,,,False,complete,complete
retrieval_primary,dataset_romanized_formal,dataset_romanized_formal,cpt_pt,Thaana → Latin Dhivehi,decoder_14,,official_wp,1337,,R@1,percent,0.0,,,,,,,512,512,0,,,,,,,,,,False,complete,complete
retrieval_primary,dataset_romanized_formal,dataset_romanized_formal,cpt_pt,Thaana → Latin Dhivehi,decoder_14,,official_wp,1337,,R@5,percent,0.78125,,,,,,,512,512,0,,,,,,,,,,False,complete,complete
retrieval_primary,dataset_romanized_formal,dataset_romanized_formal,cpt_pt,Thaana → Latin Dhivehi,decoder_14,,official_wp,1337,,MRR,fraction,0.01167809481048172,,,,,,,512,512,0,,,,,,,,,,False,complete,complete
retrieval_primary,dataset_romanized_formal,dataset_romanized_formal,cpt_pt,Thaana → Latin Dhivehi,decoder_14,,official_wp,1337,,FOSCTTM,fraction,0.4767765410958904,,,,,,,512,512,0,,,,,,,,,,False,complete,complete
retrieval_primary,dataset_romanized_formal,dataset_romanized_formal,cpt_pt,Thaana → Latin Dhivehi,decoder_14,,official_wp,20261010,,R@1,percent,0.390625,,,,,,,512,512,0,,,,,,,,,,False,complete,complete
retrieval_primary,dataset_romanized_formal,dataset_romanized_formal,cpt_pt,Thaana → Latin Dhivehi,decoder_14,,official_wp,20261010,,R@5,percent,0.78125,,,,,,,512,512,0,,,,,,,,,,False,complete,complete
retrieval_primary,dataset_romanized_formal,dataset_romanized_formal,cpt_pt,Thaana → Latin Dhivehi,decoder_14,,official_wp,20261010,,MRR,fraction,0.01185900765896955,,,,,,,512,512,0,,,,,,,,,,False,complete,complete
retrieval_primary,dataset_romanized_formal,dataset_romanized_formal,cpt_pt,Thaana → Latin Dhivehi,decoder_14,,official_wp,20261010,,FOSCTTM,fraction,0.5634708292563602,,,,,,,512,512,0,,,,,,,,,,False,complete,complete
retrieval_primary,dataset_romanized_formal,dataset_romanized_formal,cpt_pt,Thaana → Latin Dhivehi,decoder_14,,official_wp,mean,,R@1,percent,0.1953125,centered_identity,-37.109375,-41.40625,-33.00618489583334,,,512,512,0,,,,,,,,2000,20261023,False,complete,complete
retrieval_primary,dataset_romanized_formal,dataset_romanized_formal,cpt_pt,Thaana → Latin Dhivehi,decoder_14,,official_wp,mean,,R@5,percent,0.78125,centered_identity,-56.4453125,-60.61197916666667,-52.213541666666664,,,512,512,0,,,,,,,,2000,20261023,False,complete,complete
retrieval_primary,dataset_romanized_formal,dataset_romanized_formal,cpt_pt,Thaana → Latin Dhivehi,decoder_14,,official_wp,mean,,MRR,fraction,0.01135111187989061,centered_identity,-0.45513281124151483,-0.495122605396946,-0.41920225401349837,,,512,512,0,,,,,,,,2000,20261023,False,complete,complete
retrieval_primary,dataset_romanized_formal,dataset_romanized_formal,cpt_pt,Thaana → Latin Dhivehi,decoder_14,,official_wp,mean,,FOSCTTM,fraction,0.5279259927429877,centered_identity,0.45968510477821267,0.4348006614889106,0.4831476717934605,,,512,512,0,,,,,,,,2000,20261023,False,complete,complete
retrieval_control,parallel_english_sinhala_control,parallel_english_sinhala_control,stock_pt,English → Sinhala,decoder_09,,raw_identity,42,,R@1,percent,88.83248730964468,centered_identity,-9.644670050761421,-13.705583756345174,-5.583756345177665,,,197,197,0,,,,,,,,2000,20261023,False,complete,complete
retrieval_control,parallel_english_sinhala_control,parallel_english_sinhala_control,stock_pt,English → Sinhala,decoder_09,,raw_identity,42,,R@5,percent,97.46192893401016,centered_identity,-1.5228426395939088,-3.5532994923857872,0.0,,,197,197,0,,,,,,,,2000,20261023,False,complete,complete
retrieval_control,parallel_english_sinhala_control,parallel_english_sinhala_control,stock_pt,English → Sinhala,decoder_09,,raw_identity,42,,MRR,fraction,0.9260689170851506,centered_identity,-0.060933652320126,-0.08761507178636645,-0.03671910782639371,,,197,197,0,,,,,,,,2000,20261023,False,complete,complete
retrieval_control,parallel_english_sinhala_control,parallel_english_sinhala_control,stock_pt,English → Sinhala,decoder_09,,raw_identity,42,,FOSCTTM,fraction,0.007536517144929036,centered_identity,0.003081943437273386,-0.0018912514244276391,0.009272376463275663,,,197,197,0,,,,,,,,2000,20261023,False,complete,complete
retrieval_control,parallel_english_sinhala_control,parallel_english_sinhala_control,stock_pt,English → Sinhala,decoder_09,,centered_identity,42,,R@1,percent,98.47715736040608,centered_identity,0.0,,,,,197,197,0,,,,,,,,,,False,complete,complete
retrieval_control,parallel_english_sinhala_control,parallel_english_sinhala_control,stock_pt,English → Sinhala,decoder_09,,centered_identity,42,,R@5,percent,98.98477157360406,centered_identity,0.0,,,,,197,197,0,,,,,,,,,,False,complete,complete
retrieval_control,parallel_english_sinhala_control,parallel_english_sinhala_control,stock_pt,English → Sinhala,decoder_09,,centered_identity,42,,MRR,fraction,0.9870025694052768,centered_identity,0.0,,,,,197,197,0,,,,,,,,,,False,complete,complete
retrieval_control,parallel_english_sinhala_control,parallel_english_sinhala_control,stock_pt,English → Sinhala,decoder_09,,centered_identity,42,,FOSCTTM,fraction,0.004454573707655651,centered_identity,0.0,,,,,197,197,0,,,,,,,,,,False,complete,complete
retrieval_control,parallel_english_sinhala_control,parallel_english_sinhala_control,stock_pt,English → Sinhala,decoder_09,,anchor_procrustes,42,,R@1,percent,88.3248730964467,centered_identity,-10.152284263959391,-14.720812182741117,-6.091370558375635,,,197,197,100,,,,,,,,2000,20261023,False,complete,complete
retrieval_control,parallel_english_sinhala_control,parallel_english_sinhala_control,stock_pt,English → Sinhala,decoder_09,,anchor_procrustes,42,,R@5,percent,97.96954314720813,centered_identity,-1.015228426395939,-2.5380710659898478,0.0,,,197,197,100,,,,,,,,2000,20261023,False,complete,complete
retrieval_control,parallel_english_sinhala_control,parallel_english_sinhala_control,stock_pt,English → Sinhala,decoder_09,,anchor_procrustes,42,,MRR,fraction,0.9267297866693209,centered_identity,-0.06027278273595582,-0.08659005336953357,-0.034886944555035805,,,197,197,100,,,,,,,,2000,20261023,False,complete,complete
retrieval_control,parallel_english_sinhala_control,parallel_english_sinhala_control,stock_pt,English → Sinhala,decoder_09,,anchor_procrustes,42,,FOSCTTM,fraction,0.0054646223971822235,centered_identity,0.0010100486895265718,-0.000440277633896198,0.002460375012949342,,,197,197,100,,,,,,,,2000,20261023,False,complete,complete
retrieval_control,parallel_english_sinhala_control,parallel_english_sinhala_control,stock_pt,English → Sinhala,decoder_09,,anchor_identity_regularized,42,,R@1,percent,98.47715736040608,centered_identity,0.0,0.0,0.0,,,197,197,100,,,,,,,,2000,20261023,False,complete,complete
retrieval_control,parallel_english_sinhala_control,parallel_english_sinhala_control,stock_pt,English → Sinhala,decoder_09,,anchor_identity_regularized,42,,R@5,percent,98.98477157360406,centered_identity,0.0,0.0,0.0,,,197,197,100,,,,,,,,2000,20261023,False,complete,complete
retrieval_control,parallel_english_sinhala_control,parallel_english_sinhala_control,stock_pt,English → Sinhala,decoder_09,,anchor_identity_regularized,42,,MRR,fraction,0.9870597642556777,centered_identity,5.719485040095884e-05,0.0,0.00017079128004613645,,,197,197,100,,,,,,,,2000,20261023,False,complete,complete
retrieval_control,parallel_english_sinhala_control,parallel_english_sinhala_control,stock_pt,English → Sinhala,decoder_09,,anchor_identity_regularized,42,,FOSCTTM,fraction,0.004325080285921475,centered_identity,-0.00012949342173417604,-0.0003625815808556929,0.0,,,197,197,100,,,,,,,,2000,20261023,False,complete,complete
retrieval_control,parallel_english_sinhala_control,parallel_english_sinhala_control,stock_pt,English → Sinhala,decoder_09,,anchor_shuffled_identity_regularized,42,,R@1,percent,97.46192893401016,centered_identity,-1.015228426395939,-2.5380710659898478,0.0,,,197,197,100,,,,,,,,2000,20261023,False,complete,complete
retrieval_control,parallel_english_sinhala_control,parallel_english_sinhala_control,stock_pt,English → Sinhala,decoder_09,,anchor_shuffled_identity_regularized,42,,R@5,percent,98.47715736040608,centered_identity,-0.5076142131979695,-1.5228426395939088,0.0,,,197,197,100,,,,,,,,2000,20261023,False,complete,complete
retrieval_control,parallel_english_sinhala_control,parallel_english_sinhala_control,stock_pt,English → Sinhala,decoder_09,,anchor_shuffled_identity_regularized,42,,MRR,fraction,0.980169431858186,centered_identity,-0.006833137547090692,-0.01522302702775454,-0.0004033575132497446,,,197,197,100,,,,,,,,2000,20261023,False,complete,complete
retrieval_control,parallel_english_sinhala_control,parallel_english_sinhala_control,stock_pt,English → Sinhala,decoder_09,,anchor_shuffled_identity_regularized,42,,FOSCTTM,fraction,0.005516419765875893,centered_identity,0.0010618460582202424,-0.0006215684243240445,0.003652361960012428,,,197,197,100,,,,,,,,2000,20261023,False,complete,complete
retrieval_control,parallel_english_sinhala_control,parallel_english_sinhala_control,stock_pt,Sinhala → English,decoder_09,,raw_identity,42,,R@1,percent,95.93908629441624,centered_identity,-2.5380710659898478,-5.0761421319796955,0.0,,,197,197,0,,,,,,,,2000,20261023,False,complete,complete
retrieval_control,parallel_english_sinhala_control,parallel_english_sinhala_control,stock_pt,Sinhala → English,decoder_09,,raw_identity,42,,R@5,percent,98.47715736040608,centered_identity,-1.015228426395939,-2.5380710659898478,0.0,,,197,197,0,,,,,,,,2000,20261023,False,complete,complete
retrieval_control,parallel_english_sinhala_control,parallel_english_sinhala_control,stock_pt,Sinhala → English,decoder_09,,raw_identity,42,,MRR,fraction,0.9720194880572935,centered_identity,-0.016590526356443407,-0.03299958687118433,-0.0019970094046354234,,,197,197,0,,,,,,,,2000,20261023,False,complete,complete
retrieval_control,parallel_english_sinhala_control,parallel_english_sinhala_control,stock_pt,Sinhala → English,decoder_09,,raw_identity,42,,FOSCTTM,fraction,0.005542318450222727,centered_identity,0.0012690355329949238,-1.7611405847480275e-19,0.003470423702475914,,,197,197,0,,,,,,,,2000,20261023,False,complete,complete
retrieval_control,parallel_english_sinhala_control,parallel_english_sinhala_control,stock_pt,Sinhala → English,decoder_09,,centered_identity,42,,R@1,percent,98.47715736040608,centered_identity,0.0,,,,,197,197,0,,,,,,,,,,False,complete,complete
retrieval_control,parallel_english_sinhala_control,parallel_english_sinhala_control,stock_pt,Sinhala → English,decoder_09,,centered_identity,42,,R@5,percent,99.49238578680203,centered_identity,0.0,,,,,197,197,0,,,,,,,,,,False,complete,complete
retrieval_control,parallel_english_sinhala_control,parallel_english_sinhala_control,stock_pt,Sinhala → English,decoder_09,,centered_identity,42,,MRR,fraction,0.988610014413737,centered_identity,0.0,,,,,197,197,0,,,,,,,,,,False,complete,complete
retrieval_control,parallel_english_sinhala_control,parallel_english_sinhala_control,stock_pt,Sinhala → English,decoder_09,,centered_identity,42,,FOSCTTM,fraction,0.004273282917227804,centered_identity,0.0,,,,,197,197,0,,,,,,,,,,False,complete,complete
retrieval_control,parallel_english_sinhala_control,parallel_english_sinhala_control,stock_pt,Sinhala → English,decoder_09,,anchor_procrustes,42,,R@1,percent,88.3248730964467,centered_identity,-10.152284263959391,-14.213197969543149,-5.583756345177665,,,197,197,100,,,,,,,,2000,20261023,False,complete,complete
retrieval_control,parallel_english_sinhala_control,parallel_english_sinhala_control,stock_pt,Sinhala → English,decoder_09,,anchor_procrustes,42,,R@5,percent,98.47715736040608,centered_identity,-1.015228426395939,-2.5380710659898478,0.0,,,197,197,100,,,,,,,,2000,20261023,False,complete,complete
retrieval_control,parallel_english_sinhala_control,parallel_english_sinhala_control,stock_pt,Sinhala → English,decoder_09,,anchor_procrustes,42,,MRR,fraction,0.9302303095715915,centered_identity,-0.05837970484214533,-0.08400243870726498,-0.033260514865844824,,,197,197,100,,,,,,,,2000,20261023,False,complete,complete
retrieval_control,parallel_english_sinhala_control,parallel_english_sinhala_control,stock_pt,Sinhala → English,decoder_09,,anchor_procrustes,42,,FOSCTTM,fraction,0.004506371076349321,centered_identity,0.00023308815912151653,-0.0018906039573189683,0.001709313166891122,,,197,197,100,,,,,,,,2000,20261023,False,complete,complete
retrieval_control,parallel_english_sinhala_control,parallel_english_sinhala_control,stock_pt,Sinhala → English,decoder_09,,anchor_identity_regularized,42,,R@1,percent,98.98477157360406,centered_identity,0.5076142131979695,0.0,1.5228426395939088,,,197,197,100,,,,,,,,2000,20261023,False,complete,complete
retrieval_control,parallel_english_sinhala_control,parallel_english_sinhala_control,stock_pt,Sinhala → English,decoder_09,,anchor_identity_regularized,42,,R@5,percent,99.49238578680203,centered_identity,0.0,0.0,0.0,,,197,197,100,,,,,,,,2000,20261023,False,complete,complete
retrieval_control,parallel_english_sinhala_control,parallel_english_sinhala_control,stock_pt,Sinhala → English,decoder_09,,anchor_identity_regularized,42,,MRR,fraction,0.9924187487639264,centered_identity,0.003808734350189511,0.0,0.010155580460148987,,,197,197,100,,,,,,,,2000,20261023,False,complete,complete
retrieval_control,parallel_english_sinhala_control,parallel_english_sinhala_control,stock_pt,Sinhala → English,decoder_09,,anchor_identity_regularized,42,,FOSCTTM,fraction,0.003988397389412618,centered_identity,-0.00028488552781518665,-0.0007769605304050543,0.0,,,197,197,100,,,,,,,,2000,20261023,False,complete,complete
retrieval_control,parallel_english_sinhala_control,parallel_english_sinhala_control,stock_pt,Sinhala → English,decoder_09,,anchor_shuffled_identity_regularized,42,,R@1,percent,97.96954314720813,centered_identity,-0.5076142131979695,-2.5380710659898478,1.015228426395939,,,197,197,100,,,,,,,,2000,20261023,False,complete,complete
retrieval_control,parallel_english_sinhala_control,parallel_english_sinhala_control,stock_pt,Sinhala → English,decoder_09,,anchor_shuffled_identity_regularized,42,,R@5,percent,98.47715736040608,centered_identity,-1.015228426395939,-2.5380710659898478,0.0,,,197,197,100,,,,,,,,2000,20261023,False,complete,complete
retrieval_control,parallel_english_sinhala_control,parallel_english_sinhala_control,stock_pt,Sinhala → English,decoder_09,,anchor_shuffled_identity_regularized,42,,MRR,fraction,0.982744099257818,centered_identity,-0.005865915155918971,-0.01923533059521496,0.005076156912267756,,,197,197,100,,,,,,,,2000,20261023,False,complete,complete
retrieval_control,parallel_english_sinhala_control,parallel_english_sinhala_control,stock_pt,Sinhala → English,decoder_09,,anchor_shuffled_identity_regularized,42,,FOSCTTM,fraction,0.005179736869367037,centered_identity,0.0009064539521392315,-0.00013014088884284652,0.002486273697296177,,,197,197,100,,,,,,,,2000,20261023,False,complete,complete
retrieval_control,parallel_english_sinhala_control,parallel_english_sinhala_control,stock_pt,English → Sinhala,decoder_14,,raw_identity,42,,R@1,percent,93.90862944162437,centered_identity,-3.5532994923857872,-6.598984771573605,-1.015228426395939,,,197,197,0,,,,,,,,2000,20261023,False,complete,complete
retrieval_control,parallel_english_sinhala_control,parallel_english_sinhala_control,stock_pt,English → Sinhala,decoder_14,,raw_identity,42,,R@5,percent,97.46192893401016,centered_identity,-0.5076142131979695,-1.5228426395939088,0.0,,,197,197,0,,,,,,,,2000,20261023,False,complete,complete
retrieval_control,parallel_english_sinhala_control,parallel_english_sinhala_control,stock_pt,English → Sinhala,decoder_14,,raw_identity,42,,MRR,fraction,0.9554191733645296,centered_identity,-0.022459394767845572,-0.039451923370674144,-0.007854385077947576,,,197,197,0,,,,,,,,2000,20261023,False,complete,complete
retrieval_control,parallel_english_sinhala_control,parallel_english_sinhala_control,stock_pt,English → Sinhala,decoder_14,,raw_identity,42,,FOSCTTM,fraction,0.008624261887496116,centered_identity,0.003133740805967057,-7.132619368229505e-20,0.007381125038848026,,,197,197,0,,,,,,,,2000,20261023,False,complete,complete
retrieval_control,parallel_english_sinhala_control,parallel_english_sinhala_control,stock_pt,English → Sinhala,decoder_14,,centered_identity,42,,R@1,percent,97.46192893401016,centered_identity,0.0,,,,,197,197,0,,,,,,,,,,False,complete,complete
retrieval_control,parallel_english_sinhala_control,parallel_english_sinhala_control,stock_pt,English → Sinhala,decoder_14,,centered_identity,42,,R@5,percent,97.96954314720813,centered_identity,0.0,,,,,197,197,0,,,,,,,,,,False,complete,complete
retrieval_control,parallel_english_sinhala_control,parallel_english_sinhala_control,stock_pt,English → Sinhala,decoder_14,,centered_identity,42,,MRR,fraction,0.9778785681323753,centered_identity,0.0,,,,,197,197,0,,,,,,,,,,False,complete,complete
retrieval_control,parallel_english_sinhala_control,parallel_english_sinhala_control,stock_pt,English → Sinhala,decoder_14,,centered_identity,42,,FOSCTTM,fraction,0.005490521081529058,centered_identity,0.0,,,,,197,197,0,,,,,,,,,,False,complete,complete
retrieval_control,parallel_english_sinhala_control,parallel_english_sinhala_control,stock_pt,English → Sinhala,decoder_14,,anchor_procrustes,42,,R@1,percent,88.3248730964467,centered_identity,-9.137055837563452,-13.210659898477155,-5.0761421319796955,,,197,197,100,,,,,,,,2000,20261023,False,complete,complete
retrieval_control,parallel_english_sinhala_control,parallel_english_sinhala_control,stock_pt,English → Sinhala,decoder_14,,anchor_procrustes,42,,R@5,percent,96.95431472081218,centered_identity,-1.015228426395939,-2.5380710659898478,0.0,,,197,197,100,,,,,,,,2000,20261023,False,complete,complete
retrieval_control,parallel_english_sinhala_control,parallel_english_sinhala_control,stock_pt,English → Sinhala,decoder_14,,anchor_procrustes,42,,MRR,fraction,0.9215952386344635,centered_identity,-0.05628332949791163,-0.08219073033870782,-0.031543305067593154,,,197,197,100,,,,,,,,2000,20261023,False,complete,complete
retrieval_control,parallel_english_sinhala_control,parallel_english_sinhala_control,stock_pt,English → Sinhala,decoder_14,,anchor_procrustes,42,,FOSCTTM,fraction,0.006604164508442971,centered_identity,0.0011136434269139125,-0.0012949342173417594,0.003392727649435409,,,197,197,100,,,,,,,,2000,20261023,False,complete,complete
retrieval_control,parallel_english_sinhala_control,parallel_english_sinhala_control,stock_pt,English → Sinhala,decoder_14,,anchor_identity_regularized,42,,R@1,percent,97.46192893401016,centered_identity,0.0,0.0,0.0,,,197,197,100,,,,,,,,2000,20261023,False,complete,complete
retrieval_control,parallel_english_sinhala_control,parallel_english_sinhala_control,stock_pt,English → Sinhala,decoder_14,,anchor_identity_regularized,42,,R@5,percent,98.98477157360406,centered_identity,1.015228426395939,0.0,2.5380710659898478,,,197,197,100,,,,,,,,2000,20261023,False,complete,complete
retrieval_control,parallel_english_sinhala_control,parallel_english_sinhala_control,stock_pt,English → Sinhala,decoder_14,,anchor_identity_regularized,42,,MRR,fraction,0.9790612777433155,centered_identity,0.0011827096109403002,-9.731324268661438e-05,0.0033071835102291953,,,197,197,100,,,,,,,,2000,20261023,False,complete,complete
retrieval_control,parallel_english_sinhala_control,parallel_english_sinhala_control,stock_pt,English → Sinhala,decoder_14,,anchor_identity_regularized,42,,FOSCTTM,fraction,0.005179736869367035,centered_identity,-0.00031078421216202215,-0.001010048689526572,0.0003107842121620221,,,197,197,100,,,,,,,,2000,20261023,False,complete,complete
retrieval_control,parallel_english_sinhala_control,parallel_english_sinhala_control,stock_pt,English → Sinhala,decoder_14,,anchor_shuffled_identity_regularized,42,,R@1,percent,94.9238578680203,centered_identity,-2.5380710659898478,-5.583756345177665,0.5076142131979695,,,197,197,100,,,,,,,,2000,20261023,False,complete,complete
retrieval_control,parallel_english_sinhala_control,parallel_english_sinhala_control,stock_pt,English → Sinhala,decoder_14,,anchor_shuffled_identity_regularized,42,,R@5,percent,97.96954314720813,centered_identity,0.0,-1.5228426395939088,1.5228426395939088,,,197,197,100,,,,,,,,2000,20261023,False,complete,complete
retrieval_control,parallel_english_sinhala_control,parallel_english_sinhala_control,stock_pt,English → Sinhala,decoder_14,,anchor_shuffled_identity_regularized,42,,MRR,fraction,0.9660900968836299,centered_identity,-0.01178847124874525,-0.03149741275163676,0.007595292119882677,,,197,197,100,,,,,,,,2000,20261023,False,complete,complete
retrieval_control,parallel_english_sinhala_control,parallel_english_sinhala_control,stock_pt,English → Sinhala,decoder_14,,anchor_shuffled_identity_regularized,42,,FOSCTTM,fraction,0.004791256604164509,centered_identity,-0.0006992644773645501,-0.009402517352118514,0.007252926551331186,,,197,197,100,,,,,,,,2000,20261023,False,complete,complete
retrieval_control,parallel_english_sinhala_control,parallel_english_sinhala_control,stock_pt,Sinhala → English,decoder_14,,raw_identity,42,,R@1,percent,89.34010152284264,centered_identity,-8.121827411167512,-11.6751269035533,-4.568527918781726,,,197,197,0,,,,,,,,2000,20261023,False,complete,complete
retrieval_control,parallel_english_sinhala_control,parallel_english_sinhala_control,stock_pt,Sinhala → English,decoder_14,,raw_identity,42,,R@5,percent,94.9238578680203,centered_identity,-3.5532994923857872,-6.091370558375635,-1.015228426395939,,,197,197,0,,,,,,,,2000,20261023,False,complete,complete
retrieval_control,parallel_english_sinhala_control,parallel_english_sinhala_control,stock_pt,Sinhala → English,decoder_14,,raw_identity,42,,MRR,fraction,0.9171769504623131,centered_identity,-0.06354475358776483,-0.09569286453176457,-0.03573263951982663,,,197,197,0,,,,,,,,2000,20261023,False,complete,complete
retrieval_control,parallel_english_sinhala_control,parallel_english_sinhala_control,stock_pt,Sinhala → English,decoder_14,,raw_identity,42,,FOSCTTM,fraction,0.012845747436030251,centered_identity,0.00779550398839739,0.0007756655961877132,0.016601704133430015,,,197,197,0,,,,,,,,2000,20261023,False,complete,complete
retrieval_control,parallel_english_sinhala_control,parallel_english_sinhala_control,stock_pt,Sinhala → English,decoder_14,,centered_identity,42,,R@1,percent,97.46192893401016,centered_identity,0.0,,,,,197,197,0,,,,,,,,,,False,complete,complete
retrieval_control,parallel_english_sinhala_control,parallel_english_sinhala_control,stock_pt,Sinhala → English,decoder_14,,centered_identity,42,,R@5,percent,98.47715736040608,centered_identity,0.0,,,,,197,197,0,,,,,,,,,,False,complete,complete
retrieval_control,parallel_english_sinhala_control,parallel_english_sinhala_control,stock_pt,Sinhala → English,decoder_14,,centered_identity,42,,MRR,fraction,0.980721704050078,centered_identity,0.0,,,,,197,197,0,,,,,,,,,,False,complete,complete
retrieval_control,parallel_english_sinhala_control,parallel_english_sinhala_control,stock_pt,Sinhala → English,decoder_14,,centered_identity,42,,FOSCTTM,fraction,0.00505024344763286,centered_identity,0.0,,,,,197,197,0,,,,,,,,,,False,complete,complete
retrieval_control,parallel_english_sinhala_control,parallel_english_sinhala_control,stock_pt,Sinhala → English,decoder_14,,anchor_procrustes,42,,R@1,percent,88.3248730964467,centered_identity,-9.137055837563452,-13.19796954314721,-5.583756345177665,,,197,197,100,,,,,,,,2000,20261023,False,complete,complete
retrieval_control,parallel_english_sinhala_control,parallel_english_sinhala_control,stock_pt,Sinhala → English,decoder_14,,anchor_procrustes,42,,R@5,percent,97.46192893401016,centered_identity,-1.015228426395939,-2.5380710659898478,0.0,,,197,197,100,,,,,,,,2000,20261023,False,complete,complete
retrieval_control,parallel_english_sinhala_control,parallel_english_sinhala_control,stock_pt,Sinhala → English,decoder_14,,anchor_procrustes,42,,MRR,fraction,0.9245471409687752,centered_identity,-0.056174563081302864,-0.08139456538969979,-0.03383696318879352,,,197,197,100,,,,,,,,2000,20261023,False,complete,complete
retrieval_control,parallel_english_sinhala_control,parallel_english_sinhala_control,stock_pt,Sinhala → English,decoder_14,,anchor_procrustes,42,,FOSCTTM,fraction,0.00574950792499741,centered_identity,0.0006992644773645495,-0.002020097379053145,0.002874753962498705,,,197,197,100,,,,,,,,2000,20261023,False,complete,complete
retrieval_control,parallel_english_sinhala_control,parallel_english_sinhala_control,stock_pt,Sinhala → English,decoder_14,,anchor_identity_regularized,42,,R@1,percent,97.96954314720813,centered_identity,0.5076142131979695,0.0,1.5228426395939088,,,197,197,100,,,,,,,,2000,20261023,False,complete,complete
retrieval_control,parallel_english_sinhala_control,parallel_english_sinhala_control,stock_pt,Sinhala → English,decoder_14,,anchor_identity_regularized,42,,R@5,percent,98.47715736040608,centered_identity,0.0,0.0,0.0,,,197,197,100,,,,,,,,2000,20261023,False,complete,complete
retrieval_control,parallel_english_sinhala_control,parallel_english_sinhala_control,stock_pt,Sinhala → English,decoder_14,,anchor_identity_regularized,42,,MRR,fraction,0.9831487463467159,centered_identity,0.0024270422966379554,-0.0004571293692595985,0.007684188696244526,,,197,197,100,,,,,,,,2000,20261023,False,complete,complete
retrieval_control,parallel_english_sinhala_control,parallel_english_sinhala_control,stock_pt,Sinhala → English,decoder_14,,anchor_identity_regularized,42,,FOSCTTM,fraction,0.004817155288511343,centered_identity,-0.0002330881591215166,-0.0008028592147518904,0.00015539210608101113,,,197,197,100,,,,,,,,2000,20261023,False,complete,complete
retrieval_control,parallel_english_sinhala_control,parallel_english_sinhala_control,stock_pt,Sinhala → English,decoder_14,,anchor_shuffled_identity_regularized,42,,R@1,percent,95.43147208121827,centered_identity,-2.030456852791878,-5.0761421319796955,0.5076142131979695,,,197,197,100,,,,,,,,2000,20261023,False,complete,complete
retrieval_control,parallel_english_sinhala_control,parallel_english_sinhala_control,stock_pt,Sinhala → English,decoder_14,,anchor_shuffled_identity_regularized,42,,R@5,percent,97.96954314720813,centered_identity,-0.5076142131979695,-2.5380710659898478,1.015228426395939,,,197,197,100,,,,,,,,2000,20261023,False,complete,complete
retrieval_control,parallel_english_sinhala_control,parallel_english_sinhala_control,stock_pt,Sinhala → English,decoder_14,,anchor_shuffled_identity_regularized,42,,MRR,fraction,0.9673949660150438,centered_identity,-0.013326738035034051,-0.03348080631782192,0.004053367762196314,,,197,197,100,,,,,,,,2000,20261023,False,complete,complete
retrieval_control,parallel_english_sinhala_control,parallel_english_sinhala_control,stock_pt,Sinhala → English,decoder_14,,anchor_shuffled_identity_regularized,42,,FOSCTTM,fraction,0.004661763182430332,centered_identity,-0.00038848026520252814,-0.00852390448565213,0.007355226354501192,,,197,197,100,,,,,,,,2000,20261023,False,complete,complete
retrieval_control,parallel_english_sinhala_control,parallel_english_sinhala_control,cpt_pt,English → Sinhala,decoder_09,,raw_identity,42,,R@1,percent,90.35532994923858,centered_identity,-8.121827411167512,-12.18274111675127,-4.568527918781726,,,197,197,0,,,,,,,,2000,20261023,False,complete,complete
retrieval_control,parallel_english_sinhala_control,parallel_english_sinhala_control,cpt_pt,English → Sinhala,decoder_09,,raw_identity,42,,R@5,percent,97.46192893401016,centered_identity,-1.5228426395939088,-3.5532994923857872,0.0,,,197,197,0,,,,,,,,2000,20261023,False,complete,complete
retrieval_control,parallel_english_sinhala_control,parallel_english_sinhala_control,cpt_pt,English → Sinhala,decoder_09,,raw_identity,42,,MRR,fraction,0.9350083850083851,centered_identity,-0.052669884268869045,-0.07743401507678156,-0.029127881672297934,,,197,197,0,,,,,,,,2000,20261023,False,complete,complete
retrieval_control,parallel_english_sinhala_control,parallel_english_sinhala_control,cpt_pt,English → Sinhala,decoder_09,,raw_identity,42,,FOSCTTM,fraction,0.007251631617113849,centered_identity,0.0025380710659898484,-0.002616414586139024,0.008365922511136431,,,197,197,0,,,,,,,,2000,20261023,False,complete,complete
retrieval_control,parallel_english_sinhala_control,parallel_english_sinhala_control,cpt_pt,English → Sinhala,decoder_09,,centered_identity,42,,R@1,percent,98.47715736040608,centered_identity,0.0,,,,,197,197,0,,,,,,,,,,False,complete,complete
retrieval_control,parallel_english_sinhala_control,parallel_english_sinhala_control,cpt_pt,English → Sinhala,decoder_09,,centered_identity,42,,R@5,percent,98.98477157360406,centered_identity,0.0,,,,,197,197,0,,,,,,,,,,False,complete,complete
retrieval_control,parallel_english_sinhala_control,parallel_english_sinhala_control,cpt_pt,English → Sinhala,decoder_09,,centered_identity,42,,MRR,fraction,0.987678269277254,centered_identity,0.0,,,,,197,197,0,,,,,,,,,,False,complete,complete
retrieval_control,parallel_english_sinhala_control,parallel_english_sinhala_control,cpt_pt,English → Sinhala,decoder_09,,centered_identity,42,,FOSCTTM,fraction,0.004713560551124003,centered_identity,0.0,,,,,197,197,0,,,,,,,,,,False,complete,complete
retrieval_control,parallel_english_sinhala_control,parallel_english_sinhala_control,cpt_pt,English → Sinhala,decoder_09,,anchor_procrustes,42,,R@1,percent,87.81725888324873,centered_identity,-10.65989847715736,-15.228426395939088,-6.598984771573605,,,197,197,100,,,,,,,,2000,20261023,False,complete,complete
retrieval_control,parallel_english_sinhala_control,parallel_english_sinhala_control,cpt_pt,English → Sinhala,decoder_09,,anchor_procrustes,42,,R@5,percent,98.47715736040608,centered_identity,-0.5076142131979695,-1.5228426395939088,0.0,,,197,197,100,,,,,,,,2000,20261023,False,complete,complete
retrieval_control,parallel_english_sinhala_control,parallel_english_sinhala_control,cpt_pt,English → Sinhala,decoder_09,,anchor_procrustes,42,,MRR,fraction,0.927243029191372,centered_identity,-0.060435240085882067,-0.08616669510443772,-0.036376068193774994,,,197,197,100,,,,,,,,2000,20261023,False,complete,complete
retrieval_control,parallel_english_sinhala_control,parallel_english_sinhala_control,cpt_pt,English → Sinhala,decoder_09,,anchor_procrustes,42,,FOSCTTM,fraction,0.0056200145032632345,centered_identity,0.0009064539521392315,-0.001373277737490935,0.0029013001139542075,,,197,197,100,,,,,,,,2000,20261023,False,complete,complete
retrieval_control,parallel_english_sinhala_control,parallel_english_sinhala_control,cpt_pt,English → Sinhala,decoder_09,,anchor_identity_regularized,42,,R@1,percent,98.47715736040608,centered_identity,0.0,0.0,0.0,,,197,197,100,,,,,,,,2000,20261023,False,complete,complete
retrieval_control,parallel_english_sinhala_control,parallel_english_sinhala_control,cpt_pt,English → Sinhala,decoder_09,,anchor_identity_regularized,42,,R@5,percent,98.98477157360406,centered_identity,0.0,0.0,0.0,,,197,197,100,,,,,,,,2000,20261023,False,complete,complete
retrieval_control,parallel_english_sinhala_control,parallel_english_sinhala_control,cpt_pt,English → Sinhala,decoder_09,,anchor_identity_regularized,42,,MRR,fraction,0.9868850455392488,centered_identity,-0.0007932237380052164,-0.0025380710659898475,0.0001569259431089319,,,197,197,100,,,,,,,,2000,20261023,False,complete,complete
retrieval_control,parallel_english_sinhala_control,parallel_english_sinhala_control,cpt_pt,English → Sinhala,decoder_09,,anchor_identity_regularized,42,,FOSCTTM,fraction,0.004584067129389827,centered_identity,-0.000129493421734176,-0.0004143789495493632,5.179736869367036e-05,,,197,197,100,,,,,,,,2000,20261023,False,complete,complete
retrieval_control,parallel_english_sinhala_control,parallel_english_sinhala_control,cpt_pt,English → Sinhala,decoder_09,,anchor_shuffled_identity_regularized,42,,R@1,percent,97.46192893401016,centered_identity,-1.015228426395939,-2.5380710659898478,0.0,,,197,197,100,,,,,,,,2000,20261023,False,complete,complete
retrieval_control,parallel_english_sinhala_control,parallel_english_sinhala_control,cpt_pt,English → Sinhala,decoder_09,,anchor_shuffled_identity_regularized,42,,R@5,percent,98.47715736040608,centered_identity,-0.5076142131979695,-1.5228426395939088,0.0,,,197,197,100,,,,,,,,2000,20261023,False,complete,complete
retrieval_control,parallel_english_sinhala_control,parallel_english_sinhala_control,cpt_pt,English → Sinhala,decoder_09,,anchor_shuffled_identity_regularized,42,,MRR,fraction,0.9802152479500195,centered_identity,-0.007463021327234525,-0.016443925945036353,-0.00023928060095572786,,,197,197,100,,,,,,,,2000,20261023,False,complete,complete
retrieval_control,parallel_english_sinhala_control,parallel_english_sinhala_control,cpt_pt,English → Sinhala,decoder_09,,anchor_shuffled_identity_regularized,42,,FOSCTTM,fraction,0.00580130529369108,centered_identity,0.0010877447425670776,-0.00036258158085569303,0.0034451724852377465,,,197,197,100,,,,,,,,2000,20261023,False,complete,complete
retrieval_control,parallel_english_sinhala_control,parallel_english_sinhala_control,cpt_pt,Sinhala → English,decoder_09,,raw_identity,42,,R@1,percent,96.95431472081218,centered_identity,-1.5228426395939088,-4.060913705583756,0.5076142131979695,,,197,197,0,,,,,,,,2000,20261023,False,complete,complete
retrieval_control,parallel_english_sinhala_control,parallel_english_sinhala_control,cpt_pt,Sinhala → English,decoder_09,,raw_identity,42,,R@5,percent,98.47715736040608,centered_identity,-1.015228426395939,-2.5380710659898478,0.0,,,197,197,0,,,,,,,,2000,20261023,False,complete,complete
retrieval_control,parallel_english_sinhala_control,parallel_english_sinhala_control,cpt_pt,Sinhala → English,decoder_09,,raw_identity,42,,MRR,fraction,0.9770933488324095,centered_identity,-0.01193873927563844,-0.0265343793262575,0.0009665848188314915,,,197,197,0,,,,,,,,2000,20261023,False,complete,complete
retrieval_control,parallel_english_sinhala_control,parallel_english_sinhala_control,cpt_pt,Sinhala → English,decoder_09,,raw_identity,42,,FOSCTTM,fraction,0.005464622397182223,centered_identity,0.001087744742567077,-0.00046617631824303436,0.003471718636693249,,,197,197,0,,,,,,,,2000,20261023,False,complete,complete
retrieval_control,parallel_english_sinhala_control,parallel_english_sinhala_control,cpt_pt,Sinhala → English,decoder_09,,centered_identity,42,,R@1,percent,98.47715736040608,centered_identity,0.0,,,,,197,197,0,,,,,,,,,,False,complete,complete
retrieval_control,parallel_english_sinhala_control,parallel_english_sinhala_control,cpt_pt,Sinhala → English,decoder_09,,centered_identity,42,,R@5,percent,99.49238578680203,centered_identity,0.0,,,,,197,197,0,,,,,,,,,,False,complete,complete
retrieval_control,parallel_english_sinhala_control,parallel_english_sinhala_control,cpt_pt,Sinhala → English,decoder_09,,centered_identity,42,,MRR,fraction,0.9890320881080479,centered_identity,0.0,,,,,197,197,0,,,,,,,,,,False,complete,complete
retrieval_control,parallel_english_sinhala_control,parallel_english_sinhala_control,cpt_pt,Sinhala → English,decoder_09,,centered_identity,42,,FOSCTTM,fraction,0.0043768776546151454,centered_identity,0.0,,,,,197,197,0,,,,,,,,,,False,complete,complete
retrieval_control,parallel_english_sinhala_control,parallel_english_sinhala_control,cpt_pt,Sinhala → English,decoder_09,,anchor_procrustes,42,,R@1,percent,89.84771573604061,centered_identity,-8.629441624365482,-12.703045685279188,-4.568527918781726,,,197,197,100,,,,,,,,2000,20261023,False,complete,complete
retrieval_control,parallel_english_sinhala_control,parallel_english_sinhala_control,cpt_pt,Sinhala → English,decoder_09,,anchor_procrustes,42,,R@5,percent,98.98477157360406,centered_identity,-0.5076142131979695,-1.5228426395939088,0.0,,,197,197,100,,,,,,,,2000,20261023,False,complete,complete
retrieval_control,parallel_english_sinhala_control,parallel_english_sinhala_control,cpt_pt,Sinhala → English,decoder_09,,anchor_procrustes,42,,MRR,fraction,0.9397579032506165,centered_identity,-0.04927418485743133,-0.07339676367972037,-0.026723544478098004,,,197,197,100,,,,,,,,2000,20261023,False,complete,complete
retrieval_control,parallel_english_sinhala_control,parallel_english_sinhala_control,cpt_pt,Sinhala → English,decoder_09,,anchor_procrustes,42,,FOSCTTM,fraction,0.004117890811146794,centered_identity,-0.0002589868434683522,-0.0028495027452605424,0.0013214803687972617,,,197,197,100,,,,,,,,2000,20261023,False,complete,complete
retrieval_control,parallel_english_sinhala_control,parallel_english_sinhala_control,cpt_pt,Sinhala → English,decoder_09,,anchor_identity_regularized,42,,R@1,percent,98.98477157360406,centered_identity,0.5076142131979695,0.0,1.5228426395939088,,,197,197,100,,,,,,,,2000,20261023,False,complete,complete
retrieval_control,parallel_english_sinhala_control,parallel_english_sinhala_control,cpt_pt,Sinhala → English,decoder_09,,anchor_identity_regularized,42,,R@5,percent,99.49238578680203,centered_identity,0.0,0.0,0.0,,,197,197,100,,,,,,,,2000,20261023,False,complete,complete
retrieval_control,parallel_english_sinhala_control,parallel_english_sinhala_control,cpt_pt,Sinhala → English,decoder_09,,anchor_identity_regularized,42,,MRR,fraction,0.9924175126903553,centered_identity,0.0033854245823074663,0.0,0.010153614091613727,,,197,197,100,,,,,,,,2000,20261023,False,complete,complete
retrieval_control,parallel_english_sinhala_control,parallel_english_sinhala_control,cpt_pt,Sinhala → English,decoder_09,,anchor_identity_regularized,42,,FOSCTTM,fraction,0.004143789495493628,centered_identity,-0.0002330881591215171,-0.000647467108670881,0.0,,,197,197,100,,,,,,,,2000,20261023,False,complete,complete
retrieval_control,parallel_english_sinhala_control,parallel_english_sinhala_control,cpt_pt,Sinhala → English,decoder_09,,anchor_shuffled_identity_regularized,42,,R@1,percent,97.96954314720813,centered_identity,-0.5076142131979695,-2.5380710659898478,1.015228426395939,,,197,197,100,,,,,,,,2000,20261023,False,complete,complete
retrieval_control,parallel_english_sinhala_control,parallel_english_sinhala_control,cpt_pt,Sinhala → English,decoder_09,,anchor_shuffled_identity_regularized,42,,R@5,percent,98.47715736040608,centered_identity,-1.015228426395939,-2.5380710659898478,0.0,,,197,197,100,,,,,,,,2000,20261023,False,complete,complete
retrieval_control,parallel_english_sinhala_control,parallel_english_sinhala_control,cpt_pt,Sinhala → English,decoder_09,,anchor_shuffled_identity_regularized,42,,MRR,fraction,0.9828660601013973,centered_identity,-0.006166028006650474,-0.019555979848378965,0.005076142131979695,,,197,197,100,,,,,,,,2000,20261023,False,complete,complete
retrieval_control,parallel_english_sinhala_control,parallel_english_sinhala_control,cpt_pt,Sinhala → English,decoder_09,,anchor_shuffled_identity_regularized,42,,FOSCTTM,fraction,0.005205635553713871,centered_identity,0.0008287578990987255,-7.769605304050583e-05,0.002304982906868331,,,197,197,100,,,,,,,,2000,20261023,False,complete,complete
retrieval_control,parallel_english_sinhala_control,parallel_english_sinhala_control,cpt_pt,English → Sinhala,decoder_14,,raw_identity,42,,R@1,percent,94.9238578680203,centered_identity,-2.5380710659898478,-5.0761421319796955,-0.5076142131979695,,,197,197,0,,,,,,,,2000,20261023,False,complete,complete
retrieval_control,parallel_english_sinhala_control,parallel_english_sinhala_control,cpt_pt,English → Sinhala,decoder_14,,raw_identity,42,,R@5,percent,97.96954314720813,centered_identity,-0.5076142131979695,-1.5228426395939088,0.0,,,197,197,0,,,,,,,,2000,20261023,False,complete,complete
retrieval_control,parallel_english_sinhala_control,parallel_english_sinhala_control,cpt_pt,English → Sinhala,decoder_14,,raw_identity,42,,MRR,fraction,0.9624658586814551,centered_identity,-0.017116250076666003,-0.031016766225005054,-0.005326104684935875,,,197,197,0,,,,,,,,2000,20261023,False,complete,complete
retrieval_control,parallel_english_sinhala_control,parallel_english_sinhala_control,cpt_pt,English → Sinhala,decoder_14,,raw_identity,42,,FOSCTTM,fraction,0.007355226354501192,centered_identity,0.002071894747746814,-0.0007510618460582209,0.005904900031078422,,,197,197,0,,,,,,,,2000,20261023,False,complete,complete
retrieval_control,parallel_english_sinhala_control,parallel_english_sinhala_control,cpt_pt,English → Sinhala,decoder_14,,centered_identity,42,,R@1,percent,97.46192893401016,centered_identity,0.0,,,,,197,197,0,,,,,,,,,,False,complete,complete
retrieval_control,parallel_english_sinhala_control,parallel_english_sinhala_control,cpt_pt,English → Sinhala,decoder_14,,centered_identity,42,,R@5,percent,98.47715736040608,centered_identity,0.0,,,,,197,197,0,,,,,,,,,,False,complete,complete
retrieval_control,parallel_english_sinhala_control,parallel_english_sinhala_control,cpt_pt,English → Sinhala,decoder_14,,centered_identity,42,,MRR,fraction,0.979582108758121,centered_identity,0.0,,,,,197,197,0,,,,,,,,,,False,complete,complete
retrieval_control,parallel_english_sinhala_control,parallel_english_sinhala_control,cpt_pt,English → Sinhala,decoder_14,,centered_identity,42,,FOSCTTM,fraction,0.005283331606754377,centered_identity,0.0,,,,,197,197,0,,,,,,,,,,False,complete,complete
retrieval_control,parallel_english_sinhala_control,parallel_english_sinhala_control,cpt_pt,English → Sinhala,decoder_14,,anchor_procrustes,42,,R@1,percent,91.87817258883248,centered_identity,-5.583756345177665,-9.137055837563452,-2.5380710659898478,,,197,197,100,,,,,,,,2000,20261023,False,complete,complete
retrieval_control,parallel_english_sinhala_control,parallel_english_sinhala_control,cpt_pt,English → Sinhala,decoder_14,,anchor_procrustes,42,,R@5,percent,96.95431472081218,centered_identity,-1.5228426395939088,-3.5532994923857872,0.0,,,197,197,100,,,,,,,,2000,20261023,False,complete,complete
retrieval_control,parallel_english_sinhala_control,parallel_english_sinhala_control,cpt_pt,English → Sinhala,decoder_14,,anchor_procrustes,42,,MRR,fraction,0.9403397806416774,centered_identity,-0.03924232811644352,-0.06085331347069927,-0.0191569096592194,,,197,197,100,,,,,,,,2000,20261023,False,complete,complete
retrieval_control,parallel_english_sinhala_control,parallel_english_sinhala_control,cpt_pt,English → Sinhala,decoder_14,,anchor_procrustes,42,,FOSCTTM,fraction,0.006448772402361959,centered_identity,0.0011654407956075829,-0.0017093131668911227,0.003963146172174449,,,197,197,100,,,,,,,,2000,20261023,False,complete,complete
retrieval_control,parallel_english_sinhala_control,parallel_english_sinhala_control,cpt_pt,English → Sinhala,decoder_14,,anchor_identity_regularized,42,,R@1,percent,97.46192893401016,centered_identity,0.0,0.0,0.0,,,197,197,100,,,,,,,,2000,20261023,False,complete,complete
retrieval_control,parallel_english_sinhala_control,parallel_english_sinhala_control,cpt_pt,English → Sinhala,decoder_14,,anchor_identity_regularized,42,,R@5,percent,98.98477157360406,centered_identity,0.5076142131979695,0.0,1.5228426395939088,,,197,197,100,,,,,,,,2000,20261023,False,complete,complete
retrieval_control,parallel_english_sinhala_control,parallel_english_sinhala_control,cpt_pt,English → Sinhala,decoder_14,,anchor_identity_regularized,42,,MRR,fraction,0.9798961650429316,centered_identity,0.00031405628481072584,-0.0012699465140786678,0.0023542206409071877,,,197,197,100,,,,,,,,2000,20261023,False,complete,complete
retrieval_control,parallel_english_sinhala_control,parallel_english_sinhala_control,cpt_pt,English → Sinhala,decoder_14,,anchor_identity_regularized,42,,FOSCTTM,fraction,0.005076142131979695,centered_identity,-0.0002071894747746815,-0.0010618460582202424,0.0005438723712835387,,,197,197,100,,,,,,,,2000,20261023,False,complete,complete
retrieval_control,parallel_english_sinhala_control,parallel_english_sinhala_control,cpt_pt,English → Sinhala,decoder_14,,anchor_shuffled_identity_regularized,42,,R@1,percent,95.43147208121827,centered_identity,-2.030456852791878,-5.0761421319796955,0.5076142131979695,,,197,197,100,,,,,,,,2000,20261023,False,complete,complete
retrieval_control,parallel_english_sinhala_control,parallel_english_sinhala_control,cpt_pt,English → Sinhala,decoder_14,,anchor_shuffled_identity_regularized,42,,R@5,percent,97.96954314720813,centered_identity,-0.5076142131979695,-2.5380710659898478,1.015228426395939,,,197,197,100,,,,,,,,2000,20261023,False,complete,complete
retrieval_control,parallel_english_sinhala_control,parallel_english_sinhala_control,cpt_pt,English → Sinhala,decoder_14,,anchor_shuffled_identity_regularized,42,,MRR,fraction,0.9688330777393999,centered_identity,-0.01074903101872119,-0.028906691193866154,0.007655983309214629,,,197,197,100,,,,,,,,2000,20261023,False,complete,complete
retrieval_control,parallel_english_sinhala_control,parallel_english_sinhala_control,cpt_pt,English → Sinhala,decoder_14,,anchor_shuffled_identity_regularized,42,,FOSCTTM,fraction,0.0048689526572050145,centered_identity,-0.00041437894954936294,-0.008960944784004972,0.007640111882316378,,,197,197,100,,,,,,,,2000,20261023,False,complete,complete
retrieval_control,parallel_english_sinhala_control,parallel_english_sinhala_control,cpt_pt,Sinhala → English,decoder_14,,raw_identity,42,,R@1,percent,89.34010152284264,centered_identity,-8.629441624365482,-12.690355329949238,-5.0761421319796955,,,197,197,0,,,,,,,,2000,20261023,False,complete,complete
retrieval_control,parallel_english_sinhala_control,parallel_english_sinhala_control,cpt_pt,Sinhala → English,decoder_14,,raw_identity,42,,R@5,percent,95.43147208121827,centered_identity,-3.0456852791878175,-5.583756345177665,-1.015228426395939,,,197,197,0,,,,,,,,2000,20261023,False,complete,complete
retrieval_control,parallel_english_sinhala_control,parallel_english_sinhala_control,cpt_pt,Sinhala → English,decoder_14,,raw_identity,42,,MRR,fraction,0.9184657379883817,centered_identity,-0.06486051041750952,-0.09631906621765265,-0.036416184065468614,,,197,197,0,,,,,,,,2000,20261023,False,complete,complete
retrieval_control,parallel_english_sinhala_control,parallel_english_sinhala_control,cpt_pt,Sinhala → English,decoder_14,,raw_identity,42,,FOSCTTM,fraction,0.009867398736144204,centered_identity,0.0048430539728581785,-0.0012437843157567603,0.011525562001450324,,,197,197,0,,,,,,,,2000,20261023,False,complete,complete
retrieval_control,parallel_english_sinhala_control,parallel_english_sinhala_control,cpt_pt,Sinhala → English,decoder_14,,centered_identity,42,,R@1,percent,97.96954314720813,centered_identity,0.0,,,,,197,197,0,,,,,,,,,,False,complete,complete
retrieval_control,parallel_english_sinhala_control,parallel_english_sinhala_control,cpt_pt,Sinhala → English,decoder_14,,centered_identity,42,,R@5,percent,98.47715736040608,centered_identity,0.0,,,,,197,197,0,,,,,,,,,,False,complete,complete
retrieval_control,parallel_english_sinhala_control,parallel_english_sinhala_control,cpt_pt,Sinhala → English,decoder_14,,centered_identity,42,,MRR,fraction,0.9833262484058912,centered_identity,0.0,,,,,197,197,0,,,,,,,,,,False,complete,complete
retrieval_control,parallel_english_sinhala_control,parallel_english_sinhala_control,cpt_pt,Sinhala → English,decoder_14,,centered_identity,42,,FOSCTTM,fraction,0.005024344763286025,centered_identity,0.0,,,,,197,197,0,,,,,,,,,,False,complete,complete
retrieval_control,parallel_english_sinhala_control,parallel_english_sinhala_control,cpt_pt,Sinhala → English,decoder_14,,anchor_procrustes,42,,R@1,percent,89.34010152284264,centered_identity,-8.629441624365482,-12.690355329949238,-5.0761421319796955,,,197,197,100,,,,,,,,2000,20261023,False,complete,complete
retrieval_control,parallel_english_sinhala_control,parallel_english_sinhala_control,cpt_pt,Sinhala → English,decoder_14,,anchor_procrustes,42,,R@5,percent,98.47715736040608,centered_identity,0.0,0.0,0.0,,,197,197,100,,,,,,,,2000,20261023,False,complete,complete
retrieval_control,parallel_english_sinhala_control,parallel_english_sinhala_control,cpt_pt,Sinhala → English,decoder_14,,anchor_procrustes,42,,MRR,fraction,0.9329149862812701,centered_identity,-0.05041126212462131,-0.0746235362751941,-0.03007047565234342,,,197,197,100,,,,,,,,2000,20261023,False,complete,complete
retrieval_control,parallel_english_sinhala_control,parallel_english_sinhala_control,cpt_pt,Sinhala → English,decoder_14,,anchor_procrustes,42,,FOSCTTM,fraction,0.005412825028488553,centered_identity,0.0003884802652025274,-0.0027977053765668716,0.002797057909458199,,,197,197,100,,,,,,,,2000,20261023,False,complete,complete
retrieval_control,parallel_english_sinhala_control,parallel_english_sinhala_control,cpt_pt,Sinhala → English,decoder_14,,anchor_identity_regularized,42,,R@1,percent,97.96954314720813,centered_identity,0.0,0.0,0.0,,,197,197,100,,,,,,,,2000,20261023,False,complete,complete
retrieval_control,parallel_english_sinhala_control,parallel_english_sinhala_control,cpt_pt,Sinhala → English,decoder_14,,anchor_identity_regularized,42,,R@5,percent,98.47715736040608,centered_identity,0.0,0.0,0.0,,,197,197,100,,,,,,,,2000,20261023,False,complete,complete
retrieval_control,parallel_english_sinhala_control,parallel_english_sinhala_control,cpt_pt,Sinhala → English,decoder_14,,anchor_identity_regularized,42,,MRR,fraction,0.9831956574287186,centered_identity,-0.0001305909771727624,-0.0009041572397267646,0.0005076142131979697,,,197,197,100,,,,,,,,2000,20261023,False,complete,complete
retrieval_control,parallel_english_sinhala_control,parallel_english_sinhala_control,cpt_pt,Sinhala → English,decoder_14,,anchor_identity_regularized,42,,FOSCTTM,fraction,0.0046876618667771675,centered_identity,-0.0003366828965088574,-0.0011395421112607481,0.00025898684346835186,,,197,197,100,,,,,,,,2000,20261023,False,complete,complete
retrieval_control,parallel_english_sinhala_control,parallel_english_sinhala_control,cpt_pt,Sinhala → English,decoder_14,,anchor_shuffled_identity_regularized,42,,R@1,percent,95.93908629441624,centered_identity,-2.030456852791878,-4.568527918781726,0.0,,,197,197,100,,,,,,,,2000,20261023,False,complete,complete
retrieval_control,parallel_english_sinhala_control,parallel_english_sinhala_control,cpt_pt,Sinhala → English,decoder_14,,anchor_shuffled_identity_regularized,42,,R@5,percent,98.98477157360406,centered_identity,0.5076142131979695,0.0,1.5228426395939088,,,197,197,100,,,,,,,,2000,20261023,False,complete,complete
retrieval_control,parallel_english_sinhala_control,parallel_english_sinhala_control,cpt_pt,Sinhala → English,decoder_14,,anchor_shuffled_identity_regularized,42,,MRR,fraction,0.972640663978117,centered_identity,-0.010685584427774246,-0.026589161373891466,0.003444484083358801,,,197,197,100,,,,,,,,2000,20261023,False,complete,complete
retrieval_control,parallel_english_sinhala_control,parallel_english_sinhala_control,cpt_pt,Sinhala → English,decoder_14,,anchor_shuffled_identity_regularized,42,,FOSCTTM,fraction,0.004584067129389827,centered_identity,-0.00044027763389619876,-0.009116336890085985,0.008132186884906245,,,197,197,100,,,,,,,,2000,20261023,False,complete,complete
retrieval_control,parallel_english_sinhala_control,parallel_english_sinhala_control,stock_it,English → Sinhala,decoder_09,,raw_identity,42,,R@1,percent,84.26395939086294,centered_identity,-12.690355329949238,-17.766497461928935,-8.121827411167512,,,197,197,0,,,,,,,,2000,20261023,False,complete,complete
retrieval_control,parallel_english_sinhala_control,parallel_english_sinhala_control,stock_it,English → Sinhala,decoder_09,,raw_identity,42,,R@5,percent,93.4010152284264,centered_identity,-5.583756345177665,-8.64213197969543,-2.5380710659898478,,,197,197,0,,,,,,,,2000,20261023,False,complete,complete
retrieval_control,parallel_english_sinhala_control,parallel_english_sinhala_control,stock_it,English → Sinhala,decoder_09,,raw_identity,42,,MRR,fraction,0.8826615985254437,centered_identity,-0.09457524806769832,-0.1295734532902609,-0.06358162649705172,,,197,197,0,,,,,,,,2000,20261023,False,complete,complete
retrieval_control,parallel_english_sinhala_control,parallel_english_sinhala_control,stock_it,English → Sinhala,decoder_09,,raw_identity,42,,FOSCTTM,fraction,0.009582513208329018,centered_identity,0.00499844607893919,0.00044027763389619816,0.00989329742049104,,,197,197,0,,,,,,,,2000,20261023,False,complete,complete
retrieval_control,parallel_english_sinhala_control,parallel_english_sinhala_control,stock_it,English → Sinhala,decoder_09,,centered_identity,42,,R@1,percent,96.95431472081218,centered_identity,0.0,,,,,197,197,0,,,,,,,,,,False,complete,complete
retrieval_control,parallel_english_sinhala_control,parallel_english_sinhala_control,stock_it,English → Sinhala,decoder_09,,centered_identity,42,,R@5,percent,98.98477157360406,centered_identity,0.0,,,,,197,197,0,,,,,,,,,,False,complete,complete
retrieval_control,parallel_english_sinhala_control,parallel_english_sinhala_control,stock_it,English → Sinhala,decoder_09,,centered_identity,42,,MRR,fraction,0.9772368465931418,centered_identity,0.0,,,,,197,197,0,,,,,,,,,,False,complete,complete
retrieval_control,parallel_english_sinhala_control,parallel_english_sinhala_control,stock_it,English → Sinhala,decoder_09,,centered_identity,42,,FOSCTTM,fraction,0.004584067129389828,centered_identity,0.0,,,,,197,197,0,,,,,,,,,,False,complete,complete
retrieval_control,parallel_english_sinhala_control,parallel_english_sinhala_control,stock_it,English → Sinhala,decoder_09,,anchor_procrustes,42,,R@1,percent,88.83248730964468,centered_identity,-8.121827411167512,-12.18274111675127,-4.568527918781726,,,197,197,100,,,,,,,,2000,20261023,False,complete,complete
retrieval_control,parallel_english_sinhala_control,parallel_english_sinhala_control,stock_it,English → Sinhala,decoder_09,,anchor_procrustes,42,,R@5,percent,97.96954314720813,centered_identity,-1.015228426395939,-2.5380710659898478,0.0,,,197,197,100,,,,,,,,2000,20261023,False,complete,complete
retrieval_control,parallel_english_sinhala_control,parallel_english_sinhala_control,stock_it,English → Sinhala,decoder_09,,anchor_procrustes,42,,MRR,fraction,0.9282055507943833,centered_identity,-0.049031295798758666,-0.0718359818393296,-0.028122609274745625,,,197,197,100,,,,,,,,2000,20261023,False,complete,complete
retrieval_control,parallel_english_sinhala_control,parallel_english_sinhala_control,stock_it,English → Sinhala,decoder_09,,anchor_procrustes,42,,FOSCTTM,fraction,0.005568217134569563,centered_identity,0.0009841500051797369,0.00010359473738734075,0.0018906039573189683,,,197,197,100,,,,,,,,2000,20261023,False,complete,complete
retrieval_control,parallel_english_sinhala_control,parallel_english_sinhala_control,stock_it,English → Sinhala,decoder_09,,anchor_identity_regularized,42,,R@1,percent,96.95431472081218,centered_identity,0.0,0.0,0.0,,,197,197,100,,,,,,,,2000,20261023,False,complete,complete
retrieval_control,parallel_english_sinhala_control,parallel_english_sinhala_control,stock_it,English → Sinhala,decoder_09,,anchor_identity_regularized,42,,R@5,percent,99.49238578680203,centered_identity,0.5076142131979695,0.0,1.5228426395939088,,,197,197,100,,,,,,,,2000,20261023,False,complete,complete
retrieval_control,parallel_english_sinhala_control,parallel_english_sinhala_control,stock_it,English → Sinhala,decoder_09,,anchor_identity_regularized,42,,MRR,fraction,0.9805739945333855,centered_identity,0.003337147940243453,1.3973963710813993e-06,0.007904313397563374,,,197,197,100,,,,,,,,2000,20261023,False,complete,complete
retrieval_control,parallel_english_sinhala_control,parallel_english_sinhala_control,stock_it,English → Sinhala,decoder_09,,anchor_identity_regularized,42,,FOSCTTM,fraction,0.004195586864187299,centered_identity,-0.0003884802652025277,-0.0009064539521392311,-2.589868434683518e-05,,,197,197,100,,,,,,,,2000,20261023,False,complete,complete
retrieval_control,parallel_english_sinhala_control,parallel_english_sinhala_control,stock_it,English → Sinhala,decoder_09,,anchor_shuffled_identity_regularized,42,,R@1,percent,93.4010152284264,centered_identity,-3.5532994923857872,-7.1065989847715745,-0.5076142131979695,,,197,197,100,,,,,,,,2000,20261023,False,complete,complete
retrieval_control,parallel_english_sinhala_control,parallel_english_sinhala_control,stock_it,English → Sinhala,decoder_09,,anchor_shuffled_identity_regularized,42,,R@5,percent,97.46192893401016,centered_identity,-1.5228426395939088,-4.060913705583756,0.5076142131979695,,,197,197,100,,,,,,,,2000,20261023,False,complete,complete
retrieval_control,parallel_english_sinhala_control,parallel_english_sinhala_control,stock_it,English → Sinhala,decoder_09,,anchor_shuffled_identity_regularized,42,,MRR,fraction,0.951350817822899,centered_identity,-0.025886028770242903,-0.04905415157145873,-0.004839013778100082,,,197,197,100,,,,,,,,2000,20261023,False,complete,complete
retrieval_control,parallel_english_sinhala_control,parallel_english_sinhala_control,stock_it,English → Sinhala,decoder_09,,anchor_shuffled_identity_regularized,42,,FOSCTTM,fraction,0.006785455298870818,centered_identity,0.0022013881694809903,-0.00015539210608101126,0.0060602921371594315,,,197,197,100,,,,,,,,2000,20261023,False,complete,complete
retrieval_control,parallel_english_sinhala_control,parallel_english_sinhala_control,stock_it,Sinhala → English,decoder_09,,raw_identity,42,,R@1,percent,90.35532994923858,centered_identity,-7.614213197969544,-11.6751269035533,-4.060913705583756,,,197,197,0,,,,,,,,2000,20261023,False,complete,complete
retrieval_control,parallel_english_sinhala_control,parallel_english_sinhala_control,stock_it,Sinhala → English,decoder_09,,raw_identity,42,,R@5,percent,97.46192893401016,centered_identity,-2.030456852791878,-4.060913705583756,-0.5076142131979695,,,197,197,0,,,,,,,,2000,20261023,False,complete,complete
retrieval_control,parallel_english_sinhala_control,parallel_english_sinhala_control,stock_it,Sinhala → English,decoder_09,,raw_identity,42,,MRR,fraction,0.9298474274086398,centered_identity,-0.055971502103665124,-0.08554173846978873,-0.030237477524011673,,,197,197,0,,,,,,,,2000,20261023,False,complete,complete
retrieval_control,parallel_english_sinhala_control,parallel_english_sinhala_control,stock_it,Sinhala → English,decoder_09,,raw_identity,42,,FOSCTTM,fraction,0.007847301357091059,centered_identity,0.003625815808556926,0.0012165906971925828,0.006759556614523983,,,197,197,0,,,,,,,,2000,20261023,False,complete,complete
retrieval_control,parallel_english_sinhala_control,parallel_english_sinhala_control,stock_it,Sinhala → English,decoder_09,,centered_identity,42,,R@1,percent,97.96954314720813,centered_identity,0.0,,,,,197,197,0,,,,,,,,,,False,complete,complete
retrieval_control,parallel_english_sinhala_control,parallel_english_sinhala_control,stock_it,Sinhala → English,decoder_09,,centered_identity,42,,R@5,percent,99.49238578680203,centered_identity,0.0,,,,,197,197,0,,,,,,,,,,False,complete,complete
retrieval_control,parallel_english_sinhala_control,parallel_english_sinhala_control,stock_it,Sinhala → English,decoder_09,,centered_identity,42,,MRR,fraction,0.9858189295123049,centered_identity,0.0,,,,,197,197,0,,,,,,,,,,False,complete,complete
retrieval_control,parallel_english_sinhala_control,parallel_english_sinhala_control,stock_it,Sinhala → English,decoder_09,,centered_identity,42,,FOSCTTM,fraction,0.004221485548534134,centered_identity,0.0,,,,,197,197,0,,,,,,,,,,False,complete,complete
retrieval_control,parallel_english_sinhala_control,parallel_english_sinhala_control,stock_it,Sinhala → English,decoder_09,,anchor_procrustes,42,,R@1,percent,88.83248730964468,centered_identity,-9.137055837563452,-13.19796954314721,-5.583756345177665,,,197,197,100,,,,,,,,2000,20261023,False,complete,complete
retrieval_control,parallel_english_sinhala_control,parallel_english_sinhala_control,stock_it,Sinhala → English,decoder_09,,anchor_procrustes,42,,R@5,percent,98.47715736040608,centered_identity,-1.015228426395939,-2.5380710659898478,0.0,,,197,197,100,,,,,,,,2000,20261023,False,complete,complete
retrieval_control,parallel_english_sinhala_control,parallel_english_sinhala_control,stock_it,Sinhala → English,decoder_09,,anchor_procrustes,42,,MRR,fraction,0.9286478675538254,centered_identity,-0.057171061958479485,-0.08330785995756809,-0.0338645271253376,,,197,197,100,,,,,,,,2000,20261023,False,complete,complete
retrieval_control,parallel_english_sinhala_control,parallel_english_sinhala_control,stock_it,Sinhala → English,decoder_09,,anchor_procrustes,42,,FOSCTTM,fraction,0.0046617631824303314,centered_identity,0.00044027763389619816,-0.0011919869470630889,0.0015539210608101108,,,197,197,100,,,,,,,,2000,20261023,False,complete,complete
retrieval_control,parallel_english_sinhala_control,parallel_english_sinhala_control,stock_it,Sinhala → English,decoder_09,,anchor_identity_regularized,42,,R@1,percent,98.47715736040608,centered_identity,0.5076142131979695,0.0,1.5228426395939088,,,197,197,100,,,,,,,,2000,20261023,False,complete,complete
retrieval_control,parallel_english_sinhala_control,parallel_english_sinhala_control,stock_it,Sinhala → English,decoder_09,,anchor_identity_regularized,42,,R@5,percent,99.49238578680203,centered_identity,0.0,0.0,0.0,,,197,197,100,,,,,,,,2000,20261023,False,complete,complete
retrieval_control,parallel_english_sinhala_control,parallel_english_sinhala_control,stock_it,Sinhala → English,decoder_09,,anchor_identity_regularized,42,,MRR,fraction,0.9898815566835871,centered_identity,0.004062627171282315,0.0,0.010661654779498382,,,197,197,100,,,,,,,,2000,20261023,False,complete,complete
retrieval_control,parallel_english_sinhala_control,parallel_english_sinhala_control,stock_it,Sinhala → English,decoder_09,,anchor_identity_regularized,42,,FOSCTTM,fraction,0.0039107013363721115,centered_identity,-0.0003107842121620218,-0.0008287578990987245,0.0,,,197,197,100,,,,,,,,2000,20261023,False,complete,complete
retrieval_control,parallel_english_sinhala_control,parallel_english_sinhala_control,stock_it,Sinhala → English,decoder_09,,anchor_shuffled_identity_regularized,42,,R@1,percent,94.41624365482234,centered_identity,-3.5532994923857872,-6.598984771573605,-1.015228426395939,,,197,197,100,,,,,,,,2000,20261023,False,complete,complete
retrieval_control,parallel_english_sinhala_control,parallel_english_sinhala_control,stock_it,Sinhala → English,decoder_09,,anchor_shuffled_identity_regularized,42,,R@5,percent,98.47715736040608,centered_identity,-1.015228426395939,-2.5380710659898478,0.0,,,197,197,100,,,,,,,,2000,20261023,False,complete,complete
retrieval_control,parallel_english_sinhala_control,parallel_english_sinhala_control,stock_it,Sinhala → English,decoder_09,,anchor_shuffled_identity_regularized,42,,MRR,fraction,0.9565037331534793,centered_identity,-0.029315196358825478,-0.05274875676380849,-0.008712745601118673,,,197,197,100,,,,,,,,2000,20261023,False,complete,complete
retrieval_control,parallel_english_sinhala_control,parallel_english_sinhala_control,stock_it,Sinhala → English,decoder_09,,anchor_shuffled_identity_regularized,42,,FOSCTTM,fraction,0.006034393452812597,centered_identity,0.001812907904278463,-0.0004920750025898676,0.005570159535895567,,,197,197,100,,,,,,,,2000,20261023,False,complete,complete
retrieval_control,parallel_english_sinhala_control,parallel_english_sinhala_control,stock_it,English → Sinhala,decoder_14,,raw_identity,42,,R@1,percent,82.74111675126903,centered_identity,-11.16751269035533,-15.736040609137056,-7.1065989847715745,,,197,197,0,,,,,,,,2000,20261023,False,complete,complete
retrieval_control,parallel_english_sinhala_control,parallel_english_sinhala_control,stock_it,English → Sinhala,decoder_14,,raw_identity,42,,R@5,percent,91.37055837563452,centered_identity,-5.583756345177665,-8.629441624365484,-2.5380710659898478,,,197,197,0,,,,,,,,2000,20261023,False,complete,complete
retrieval_control,parallel_english_sinhala_control,parallel_english_sinhala_control,stock_it,English → Sinhala,decoder_14,,raw_identity,42,,MRR,fraction,0.8698284197765415,centered_identity,-0.08304095132215189,-0.11630421590592664,-0.052748933092846846,,,197,197,0,,,,,,,,2000,20261023,False,complete,complete
retrieval_control,parallel_english_sinhala_control,parallel_english_sinhala_control,stock_it,English → Sinhala,decoder_14,,raw_identity,42,,FOSCTTM,fraction,0.014477364549880866,centered_identity,0.007225732932767016,0.003262586760592561,0.012329068683310882,,,197,197,0,,,,,,,,2000,20261023,False,complete,complete
retrieval_control,parallel_english_sinhala_control,parallel_english_sinhala_control,stock_it,English → Sinhala,decoder_14,,centered_identity,42,,R@1,percent,93.90862944162437,centered_identity,0.0,,,,,197,197,0,,,,,,,,,,False,complete,complete
retrieval_control,parallel_english_sinhala_control,parallel_english_sinhala_control,stock_it,English → Sinhala,decoder_14,,centered_identity,42,,R@5,percent,96.95431472081218,centered_identity,0.0,,,,,197,197,0,,,,,,,,,,False,complete,complete
retrieval_control,parallel_english_sinhala_control,parallel_english_sinhala_control,stock_it,English → Sinhala,decoder_14,,centered_identity,42,,MRR,fraction,0.9528693710986933,centered_identity,0.0,,,,,197,197,0,,,,,,,,,,False,complete,complete
retrieval_control,parallel_english_sinhala_control,parallel_english_sinhala_control,stock_it,English → Sinhala,decoder_14,,centered_identity,42,,FOSCTTM,fraction,0.007251631617113851,centered_identity,0.0,,,,,197,197,0,,,,,,,,,,False,complete,complete
retrieval_control,parallel_english_sinhala_control,parallel_english_sinhala_control,stock_it,English → Sinhala,decoder_14,,anchor_procrustes,42,,R@1,percent,76.6497461928934,centered_identity,-17.258883248730964,-22.84263959390863,-12.18274111675127,,,197,197,100,,,,,,,,2000,20261023,False,complete,complete
retrieval_control,parallel_english_sinhala_control,parallel_english_sinhala_control,stock_it,English → Sinhala,decoder_14,,anchor_procrustes,42,,R@5,percent,92.38578680203045,centered_identity,-4.568527918781726,-7.614213197969544,-2.030456852791878,,,197,197,100,,,,,,,,2000,20261023,False,complete,complete
retrieval_control,parallel_english_sinhala_control,parallel_english_sinhala_control,stock_it,English → Sinhala,decoder_14,,anchor_procrustes,42,,MRR,fraction,0.8424162614222361,centered_identity,-0.11045310967645715,-0.14570829213688963,-0.07780905882805855,,,197,197,100,,,,,,,,2000,20261023,False,complete,complete
retrieval_control,parallel_english_sinhala_control,parallel_english_sinhala_control,stock_it,English → Sinhala,decoder_14,,anchor_procrustes,42,,FOSCTTM,fraction,0.010463068476121414,centered_identity,0.003211436859007563,0.0011913394799544196,0.005464622397182223,,,197,197,100,,,,,,,,2000,20261023,False,complete,complete
retrieval_control,parallel_english_sinhala_control,parallel_english_sinhala_control,stock_it,English → Sinhala,decoder_14,,anchor_identity_regularized,42,,R@1,percent,94.41624365482234,centered_identity,0.5076142131979695,-1.015228426395939,2.043147208121758,,,197,197,100,,,,,,,,2000,20261023,False,complete,complete
retrieval_control,parallel_english_sinhala_control,parallel_english_sinhala_control,stock_it,English → Sinhala,decoder_14,,anchor_identity_regularized,42,,R@5,percent,97.96954314720813,centered_identity,1.015228426395939,0.0,2.5380710659898478,,,197,197,100,,,,,,,,2000,20261023,False,complete,complete
retrieval_control,parallel_english_sinhala_control,parallel_english_sinhala_control,stock_it,English → Sinhala,decoder_14,,anchor_identity_regularized,42,,MRR,fraction,0.957707005457807,centered_identity,0.004837634359113669,-0.003696126014748227,0.013835319978245098,,,197,197,100,,,,,,,,2000,20261023,False,complete,complete
retrieval_control,parallel_english_sinhala_control,parallel_english_sinhala_control,stock_it,English → Sinhala,decoder_14,,anchor_identity_regularized,42,,FOSCTTM,fraction,0.0065264684554024645,centered_identity,-0.0007251631617113853,-0.0019424013260126388,0.00020718947477468098,,,197,197,100,,,,,,,,2000,20261023,False,complete,complete
retrieval_control,parallel_english_sinhala_control,parallel_english_sinhala_control,stock_it,English → Sinhala,decoder_14,,anchor_shuffled_identity_regularized,42,,R@1,percent,84.77157360406092,centered_identity,-9.137055837563452,-14.213197969543149,-4.568527918781726,,,197,197,100,,,,,,,,2000,20261023,False,complete,complete
retrieval_control,parallel_english_sinhala_control,parallel_english_sinhala_control,stock_it,English → Sinhala,decoder_14,,anchor_shuffled_identity_regularized,42,,R@5,percent,95.93908629441624,centered_identity,-1.015228426395939,-3.0456852791878175,1.015228426395939,,,197,197,100,,,,,,,,2000,20261023,False,complete,complete
retrieval_control,parallel_english_sinhala_control,parallel_english_sinhala_control,stock_it,English → Sinhala,decoder_14,,anchor_shuffled_identity_regularized,42,,MRR,fraction,0.8922697999795471,centered_identity,-0.060599571119145976,-0.09197611989926946,-0.030828804553029644,,,197,197,100,,,,,,,,2000,20261023,False,complete,complete
retrieval_control,parallel_english_sinhala_control,parallel_english_sinhala_control,stock_it,English → Sinhala,decoder_14,,anchor_shuffled_identity_regularized,42,,FOSCTTM,fraction,0.008080389516212576,centered_identity,0.0008287578990987259,-0.0048430539728581785,0.005983243551227595,,,197,197,100,,,,,,,,2000,20261023,False,complete,complete
retrieval_control,parallel_english_sinhala_control,parallel_english_sinhala_control,stock_it,Sinhala → English,decoder_14,,raw_identity,42,,R@1,percent,84.77157360406092,centered_identity,-10.152284263959391,-15.228426395939088,-5.583756345177665,,,197,197,0,,,,,,,,2000,20261023,False,complete,complete
retrieval_control,parallel_english_sinhala_control,parallel_english_sinhala_control,stock_it,Sinhala → English,decoder_14,,raw_identity,42,,R@5,percent,92.89340101522842,centered_identity,-4.060913705583756,-7.1065989847715745,-1.5228426395939088,,,197,197,0,,,,,,,,2000,20261023,False,complete,complete
retrieval_control,parallel_english_sinhala_control,parallel_english_sinhala_control,stock_it,Sinhala → English,decoder_14,,raw_identity,42,,MRR,fraction,0.883306794454909,centered_identity,-0.07798424480343404,-0.11422203519742315,-0.046664846072768024,,,197,197,0,,,,,,,,2000,20261023,False,complete,complete
retrieval_control,parallel_english_sinhala_control,parallel_english_sinhala_control,stock_it,Sinhala → English,decoder_14,,raw_identity,42,,FOSCTTM,fraction,0.020330467212265616,centered_identity,0.014037086915984669,0.0034438775510204083,0.028205609655029513,,,197,197,0,,,,,,,,2000,20261023,False,complete,complete
retrieval_control,parallel_english_sinhala_control,parallel_english_sinhala_control,stock_it,Sinhala → English,decoder_14,,centered_identity,42,,R@1,percent,94.9238578680203,centered_identity,0.0,,,,,197,197,0,,,,,,,,,,False,complete,complete
retrieval_control,parallel_english_sinhala_control,parallel_english_sinhala_control,stock_it,Sinhala → English,decoder_14,,centered_identity,42,,R@5,percent,96.95431472081218,centered_identity,0.0,,,,,197,197,0,,,,,,,,,,False,complete,complete
retrieval_control,parallel_english_sinhala_control,parallel_english_sinhala_control,stock_it,Sinhala → English,decoder_14,,centered_identity,42,,MRR,fraction,0.9612910392583429,centered_identity,0.0,,,,,197,197,0,,,,,,,,,,False,complete,complete
retrieval_control,parallel_english_sinhala_control,parallel_english_sinhala_control,stock_it,Sinhala → English,decoder_14,,centered_identity,42,,FOSCTTM,fraction,0.00629338029628095,centered_identity,0.0,,,,,197,197,0,,,,,,,,,,False,complete,complete
retrieval_control,parallel_english_sinhala_control,parallel_english_sinhala_control,stock_it,Sinhala → English,decoder_14,,anchor_procrustes,42,,R@1,percent,75.63451776649747,centered_identity,-19.289340101522843,-24.873096446700508,-13.705583756345177,,,197,197,100,,,,,,,,2000,20261023,False,complete,complete
retrieval_control,parallel_english_sinhala_control,parallel_english_sinhala_control,stock_it,Sinhala → English,decoder_14,,anchor_procrustes,42,,R@5,percent,92.89340101522842,centered_identity,-4.060913705583756,-7.1065989847715745,-1.015228426395939,,,197,197,100,,,,,,,,2000,20261023,False,complete,complete
retrieval_control,parallel_english_sinhala_control,parallel_english_sinhala_control,stock_it,Sinhala → English,decoder_14,,anchor_procrustes,42,,MRR,fraction,0.834221828276179,centered_identity,-0.12706921098216392,-0.16619869472459184,-0.09061949987971872,,,197,197,100,,,,,,,,2000,20261023,False,complete,complete
retrieval_control,parallel_english_sinhala_control,parallel_english_sinhala_control,stock_it,Sinhala → English,decoder_14,,anchor_procrustes,42,,FOSCTTM,fraction,0.010437169791774576,centered_identity,0.004143789495493629,0.00145032632342277,0.007226380399875683,,,197,197,100,,,,,,,,2000,20261023,False,complete,complete
retrieval_control,parallel_english_sinhala_control,parallel_english_sinhala_control,stock_it,Sinhala → English,decoder_14,,anchor_identity_regularized,42,,R@1,percent,94.9238578680203,centered_identity,0.0,-2.030456852791878,2.030456852791878,,,197,197,100,,,,,,,,2000,20261023,False,complete,complete
retrieval_control,parallel_english_sinhala_control,parallel_english_sinhala_control,stock_it,Sinhala → English,decoder_14,,anchor_identity_regularized,42,,R@5,percent,97.46192893401016,centered_identity,0.5076142131979695,0.0,1.5228426395939088,,,197,197,100,,,,,,,,2000,20261023,False,complete,complete
retrieval_control,parallel_english_sinhala_control,parallel_english_sinhala_control,stock_it,Sinhala → English,decoder_14,,anchor_identity_regularized,42,,MRR,fraction,0.9627862981126835,centered_identity,0.0014952588543405252,-0.007855073727773448,0.012037872548472727,,,197,197,100,,,,,,,,2000,20261023,False,complete,complete
retrieval_control,parallel_english_sinhala_control,parallel_english_sinhala_control,stock_it,Sinhala → English,decoder_14,,anchor_identity_regularized,42,,FOSCTTM,fraction,0.006034393452812598,centered_identity,-0.0002589868434683519,-0.0011913394799544185,0.0008805552677923957,,,197,197,100,,,,,,,,2000,20261023,False,complete,complete
retrieval_control,parallel_english_sinhala_control,parallel_english_sinhala_control,stock_it,Sinhala → English,decoder_14,,anchor_shuffled_identity_regularized,42,,R@1,percent,87.81725888324873,centered_identity,-7.1065989847715745,-11.16751269035533,-3.5532994923857872,,,197,197,100,,,,,,,,2000,20261023,False,complete,complete
retrieval_control,parallel_english_sinhala_control,parallel_english_sinhala_control,stock_it,Sinhala → English,decoder_14,,anchor_shuffled_identity_regularized,42,,R@5,percent,95.43147208121827,centered_identity,-1.5228426395939088,-4.060913705583756,1.015228426395939,,,197,197,100,,,,,,,,2000,20261023,False,complete,complete
retrieval_control,parallel_english_sinhala_control,parallel_english_sinhala_control,stock_it,Sinhala → English,decoder_14,,anchor_shuffled_identity_regularized,42,,MRR,fraction,0.9099126000693003,centered_identity,-0.05137843918904261,-0.079567532572461,-0.027770968166485,,,197,197,100,,,,,,,,2000,20261023,False,complete,complete
retrieval_control,parallel_english_sinhala_control,parallel_english_sinhala_control,stock_it,Sinhala → English,decoder_14,,anchor_shuffled_identity_regularized,42,,FOSCTTM,fraction,0.006267481611934114,centered_identity,-2.5898684346835173e-05,-0.006709054180047655,0.00595734486688076,,,197,197,100,,,,,,,,2000,20261023,False,complete,complete
retrieval_natural,natural_nau_diagnostic,natural_nau_diagnostic,stock_pt,Latin Dhivehi → Thaana,decoder_09,,raw_identity,42,,R@1,percent,14.0625,centered_identity,-26.5625,-39.0625,-15.625,,,64,64,0,,,,,,,,2000,20261023,False,complete,
retrieval_natural,natural_nau_diagnostic,natural_nau_diagnostic,stock_pt,Latin Dhivehi → Thaana,decoder_09,,raw_identity,42,,R@5,percent,32.8125,centered_identity,-31.25,-42.1875,-20.3125,,,64,64,0,,,,,,,,2000,20261023,False,complete,
retrieval_natural,natural_nau_diagnostic,natural_nau_diagnostic,stock_pt,Latin Dhivehi → Thaana,decoder_09,,raw_identity,42,,MRR,fraction,0.25050290618236853,centered_identity,-0.2649999551382318,-0.3601995627450312,-0.17667475505829872,,,64,64,0,,,,,,,,2000,20261023,False,complete,
retrieval_natural,natural_nau_diagnostic,natural_nau_diagnostic,stock_pt,Latin Dhivehi → Thaana,decoder_09,,raw_identity,42,,FOSCTTM,fraction,0.28621031746031744,centered_identity,0.1589781746031746,0.10739087301587301,0.21131572420634914,,,64,64,0,,,,,,,,2000,20261023,False,complete,
retrieval_natural,natural_nau_diagnostic,natural_nau_diagnostic,stock_pt,Thaana → Latin Dhivehi,decoder_09,,raw_identity,42,,R@1,percent,10.9375,centered_identity,-26.5625,-39.0625,-15.625,,,64,64,0,,,,,,,,2000,20261023,False,complete,
retrieval_natural,natural_nau_diagnostic,natural_nau_diagnostic,stock_pt,Thaana → Latin Dhivehi,decoder_09,,raw_identity,42,,R@5,percent,31.25,centered_identity,-31.25,-42.1875,-20.3125,,,64,64,0,,,,,,,,2000,20261023,False,complete,
retrieval_natural,natural_nau_diagnostic,natural_nau_diagnostic,stock_pt,Thaana → Latin Dhivehi,decoder_09,,raw_identity,42,,MRR,fraction,0.2182783177261146,centered_identity,-0.2649999551382318,-0.3601995627450312,-0.17667475505829872,,,64,64,0,,,,,,,,2000,20261023,False,complete,
retrieval_natural,natural_nau_diagnostic,natural_nau_diagnostic,stock_pt,Thaana → Latin Dhivehi,decoder_09,,raw_identity,42,,FOSCTTM,fraction,0.3499503968253968,centered_identity,0.1589781746031746,0.10739087301587301,0.21131572420634914,,,64,64,0,,,,,,,,2000,20261023,False,complete,
retrieval_natural,natural_nau_diagnostic,natural_nau_diagnostic,stock_pt,Latin Dhivehi → Thaana,decoder_09,,centered_identity,42,,R@1,percent,40.625,centered_identity,0.0,,,,,64,64,0,,,,,,,,,,False,complete,
retrieval_natural,natural_nau_diagnostic,natural_nau_diagnostic,stock_pt,Latin Dhivehi → Thaana,decoder_09,,centered_identity,42,,R@5,percent,64.0625,centered_identity,0.0,,,,,64,64,0,,,,,,,,,,False,complete,
retrieval_natural,natural_nau_diagnostic,natural_nau_diagnostic,stock_pt,Latin Dhivehi → Thaana,decoder_09,,centered_identity,42,,MRR,fraction,0.5155028613206003,centered_identity,0.0,,,,,64,64,0,,,,,,,,,,False,complete,
retrieval_natural,natural_nau_diagnostic,natural_nau_diagnostic,stock_pt,Latin Dhivehi → Thaana,decoder_09,,centered_identity,42,,FOSCTTM,fraction,0.12723214285714285,centered_identity,0.0,,,,,64,64,0,,,,,,,,,,False,complete,
retrieval_natural,natural_nau_diagnostic,natural_nau_diagnostic,stock_pt,Thaana → Latin Dhivehi,decoder_09,,centered_identity,42,,R@1,percent,28.125,centered_identity,0.0,,,,,64,64,0,,,,,,,,,,False,complete,
retrieval_natural,natural_nau_diagnostic,natural_nau_diagnostic,stock_pt,Thaana → Latin Dhivehi,decoder_09,,centered_identity,42,,R@5,percent,50.0,centered_identity,0.0,,,,,64,64,0,,,,,,,,,,False,complete,
retrieval_natural,natural_nau_diagnostic,natural_nau_diagnostic,stock_pt,Thaana → Latin Dhivehi,decoder_09,,centered_identity,42,,MRR,fraction,0.3944498968893044,centered_identity,0.0,,,,,64,64,0,,,,,,,,,,False,complete,
retrieval_natural,natural_nau_diagnostic,natural_nau_diagnostic,stock_pt,Thaana → Latin Dhivehi,decoder_09,,centered_identity,42,,FOSCTTM,fraction,0.20337301587301587,centered_identity,0.0,,,,,64,64,0,,,,,,,,,,False,complete,
retrieval_natural,natural_nau_diagnostic,natural_nau_diagnostic,stock_pt,Latin Dhivehi → Thaana,decoder_09,,official_wp,42,,R@1,percent,1.5625,centered_identity,-39.0625,-51.5625,-26.5625,,,64,64,0,,,,,,,,2000,20261023,False,complete,
retrieval_natural,natural_nau_diagnostic,natural_nau_diagnostic,stock_pt,Latin Dhivehi → Thaana,decoder_09,,official_wp,42,,R@5,percent,6.25,centered_identity,-57.8125,-70.3125,-45.3125,,,64,64,0,,,,,,,,2000,20261023,False,complete,
retrieval_natural,natural_nau_diagnostic,natural_nau_diagnostic,stock_pt,Latin Dhivehi → Thaana,decoder_09,,official_wp,42,,MRR,fraction,0.06608053542127058,centered_identity,-0.44942232589932973,-0.5542542567681759,-0.34358068246566725,,,64,64,0,,,,,,,,2000,20261023,False,complete,
retrieval_natural,natural_nau_diagnostic,natural_nau_diagnostic,stock_pt,Latin Dhivehi → Thaana,decoder_09,,official_wp,42,,FOSCTTM,fraction,0.5215773809523809,centered_identity,0.394345238095238,0.3060515873015873,0.4781870039682539,,,64,64,0,,,,,,,,2000,20261023,False,complete,
retrieval_natural,natural_nau_diagnostic,natural_nau_diagnostic,stock_pt,Thaana → Latin Dhivehi,decoder_09,,official_wp,42,,R@1,percent,0.0,centered_identity,-39.0625,-51.5625,-26.5625,,,64,64,0,,,,,,,,2000,20261023,False,complete,
retrieval_natural,natural_nau_diagnostic,natural_nau_diagnostic,stock_pt,Thaana → Latin Dhivehi,decoder_09,,official_wp,42,,R@5,percent,9.375,centered_identity,-57.8125,-70.3125,-45.3125,,,64,64,0,,,,,,,,2000,20261023,False,complete,
retrieval_natural,natural_nau_diagnostic,natural_nau_diagnostic,stock_pt,Thaana → Latin Dhivehi,decoder_09,,official_wp,42,,MRR,fraction,0.06832497243069452,centered_identity,-0.44942232589932973,-0.5542542567681759,-0.34358068246566725,,,64,64,0,,,,,,,,2000,20261023,False,complete,
retrieval_natural,natural_nau_diagnostic,natural_nau_diagnostic,stock_pt,Thaana → Latin Dhivehi,decoder_09,,official_wp,42,,FOSCTTM,fraction,0.5079365079365079,centered_identity,0.394345238095238,0.3060515873015873,0.4781870039682539,,,64,64,0,,,,,,,,2000,20261023,False,complete,
retrieval_natural,natural_nau_diagnostic,natural_nau_diagnostic,stock_pt,Latin Dhivehi → Thaana,decoder_09,,official_wp,1337,,R@1,percent,4.6875,centered_identity,-35.9375,-48.4375,-21.875,,,64,64,0,,,,,,,,2000,20261023,False,complete,
retrieval_natural,natural_nau_diagnostic,natural_nau_diagnostic,stock_pt,Latin Dhivehi → Thaana,decoder_09,,official_wp,1337,,R@5,percent,14.0625,centered_identity,-50.0,-62.5,-37.5,,,64,64,0,,,,,,,,2000,20261023,False,complete,
retrieval_natural,natural_nau_diagnostic,natural_nau_diagnostic,stock_pt,Latin Dhivehi → Thaana,decoder_09,,official_wp,1337,,MRR,fraction,0.12760099212444578,centered_identity,-0.38790186919615455,-0.49943767333596484,-0.27147009514059484,,,64,64,0,,,,,,,,2000,20261023,False,complete,
retrieval_natural,natural_nau_diagnostic,natural_nau_diagnostic,stock_pt,Latin Dhivehi → Thaana,decoder_09,,official_wp,1337,,FOSCTTM,fraction,0.3931051587301587,centered_identity,0.26587301587301587,0.1884858630952381,0.3437624007936507,,,64,64,0,,,,,,,,2000,20261023,False,complete,
retrieval_natural,natural_nau_diagnostic,natural_nau_diagnostic,stock_pt,Thaana → Latin Dhivehi,decoder_09,,official_wp,1337,,R@1,percent,1.5625,centered_identity,-35.9375,-48.4375,-21.875,,,64,64,0,,,,,,,,2000,20261023,False,complete,
retrieval_natural,natural_nau_diagnostic,natural_nau_diagnostic,stock_pt,Thaana → Latin Dhivehi,decoder_09,,official_wp,1337,,R@5,percent,10.9375,centered_identity,-50.0,-62.5,-37.5,,,64,64,0,,,,,,,,2000,20261023,False,complete,
retrieval_natural,natural_nau_diagnostic,natural_nau_diagnostic,stock_pt,Thaana → Latin Dhivehi,decoder_09,,official_wp,1337,,MRR,fraction,0.08552221443451437,centered_identity,-0.38790186919615455,-0.49943767333596484,-0.27147009514059484,,,64,64,0,,,,,,,,2000,20261023,False,complete,
retrieval_natural,natural_nau_diagnostic,natural_nau_diagnostic,stock_pt,Thaana → Latin Dhivehi,decoder_09,,official_wp,1337,,FOSCTTM,fraction,0.43774801587301587,centered_identity,0.26587301587301587,0.1884858630952381,0.3437624007936507,,,64,64,0,,,,,,,,2000,20261023,False,complete,
retrieval_natural,natural_nau_diagnostic,natural_nau_diagnostic,stock_pt,Latin Dhivehi → Thaana,decoder_09,,official_wp,20261010,,R@1,percent,1.5625,centered_identity,-39.0625,-51.5625,-26.5625,,,64,64,0,,,,,,,,2000,20261023,False,complete,
retrieval_natural,natural_nau_diagnostic,natural_nau_diagnostic,stock_pt,Latin Dhivehi → Thaana,decoder_09,,official_wp,20261010,,R@5,percent,4.6875,centered_identity,-59.375,-71.875,-46.875,,,64,64,0,,,,,,,,2000,20261023,False,complete,
retrieval_natural,natural_nau_diagnostic,natural_nau_diagnostic,stock_pt,Latin Dhivehi → Thaana,decoder_09,,official_wp,20261010,,MRR,fraction,0.07341473860959016,centered_identity,-0.44208812271101017,-0.5545130846299524,-0.3369029612181409,,,64,64,0,,,,,,,,2000,20261023,False,complete,
retrieval_natural,natural_nau_diagnostic,natural_nau_diagnostic,stock_pt,Latin Dhivehi → Thaana,decoder_09,,official_wp,20261010,,FOSCTTM,fraction,0.44072420634920634,centered_identity,0.3134920634920635,0.23733878968253966,0.39037698412698413,,,64,64,0,,,,,,,,2000,20261023,False,complete,
retrieval_natural,natural_nau_diagnostic,natural_nau_diagnostic,stock_pt,Thaana → Latin Dhivehi,decoder_09,,official_wp,20261010,,R@1,percent,1.5625,centered_identity,-39.0625,-51.5625,-26.5625,,,64,64,0,,,,,,,,2000,20261023,False,complete,
retrieval_natural,natural_nau_diagnostic,natural_nau_diagnostic,stock_pt,Thaana → Latin Dhivehi,decoder_09,,official_wp,20261010,,R@5,percent,7.8125,centered_identity,-59.375,-71.875,-46.875,,,64,64,0,,,,,,,,2000,20261023,False,complete,
retrieval_natural,natural_nau_diagnostic,natural_nau_diagnostic,stock_pt,Thaana → Latin Dhivehi,decoder_09,,official_wp,20261010,,MRR,fraction,0.07956571882947042,centered_identity,-0.44208812271101017,-0.5545130846299524,-0.3369029612181409,,,64,64,0,,,,,,,,2000,20261023,False,complete,
retrieval_natural,natural_nau_diagnostic,natural_nau_diagnostic,stock_pt,Thaana → Latin Dhivehi,decoder_09,,official_wp,20261010,,FOSCTTM,fraction,0.46552579365079366,centered_identity,0.3134920634920635,0.23733878968253966,0.39037698412698413,,,64,64,0,,,,,,,,2000,20261023,False,complete,
retrieval_natural,natural_nau_diagnostic,natural_nau_diagnostic,stock_pt,Latin Dhivehi → Thaana,decoder_09,,anchor_procrustes,42,,R@1,percent,6.25,centered_identity,-34.375,-46.875,-20.3125,,,64,64,64,,,,,,,,2000,20261023,False,complete,
retrieval_natural,natural_nau_diagnostic,natural_nau_diagnostic,stock_pt,Latin Dhivehi → Thaana,decoder_09,,anchor_procrustes,42,,R@5,percent,23.4375,centered_identity,-40.625,-56.25,-25.0,,,64,64,64,,,,,,,,2000,20261023,False,complete,
retrieval_natural,natural_nau_diagnostic,natural_nau_diagnostic,stock_pt,Latin Dhivehi → Thaana,decoder_09,,anchor_procrustes,42,,MRR,fraction,0.15509461709986244,centered_identity,-0.3604082442207379,-0.4733909936549758,-0.23921455544268855,,,64,64,64,,,,,,,,2000,20261023,False,complete,
retrieval_natural,natural_nau_diagnostic,natural_nau_diagnostic,stock_pt,Latin Dhivehi → Thaana,decoder_09,,anchor_procrustes,42,,FOSCTTM,fraction,0.3196924603174603,centered_identity,0.19246031746031747,0.1148313492063492,0.2733196924603174,,,64,64,64,,,,,,,,2000,20261023,False,complete,
retrieval_natural,natural_nau_diagnostic,natural_nau_diagnostic,stock_pt,Thaana → Latin Dhivehi,decoder_09,,anchor_procrustes,42,,R@1,percent,6.25,centered_identity,-34.375,-46.875,-20.3125,,,64,64,64,,,,,,,,2000,20261023,False,complete,
retrieval_natural,natural_nau_diagnostic,natural_nau_diagnostic,stock_pt,Thaana → Latin Dhivehi,decoder_09,,anchor_procrustes,42,,R@5,percent,14.0625,centered_identity,-40.625,-56.25,-25.0,,,64,64,64,,,,,,,,2000,20261023,False,complete,
retrieval_natural,natural_nau_diagnostic,natural_nau_diagnostic,stock_pt,Thaana → Latin Dhivehi,decoder_09,,anchor_procrustes,42,,MRR,fraction,0.13230822380498392,centered_identity,-0.3604082442207379,-0.4733909936549758,-0.23921455544268855,,,64,64,64,,,,,,,,2000,20261023,False,complete,
retrieval_natural,natural_nau_diagnostic,natural_nau_diagnostic,stock_pt,Thaana → Latin Dhivehi,decoder_09,,anchor_procrustes,42,,FOSCTTM,fraction,0.3881448412698413,centered_identity,0.19246031746031747,0.1148313492063492,0.2733196924603174,,,64,64,64,,,,,,,,2000,20261023,False,complete,
retrieval_natural,natural_nau_diagnostic,natural_nau_diagnostic,stock_pt,Latin Dhivehi → Thaana,decoder_09,,anchor_identity_regularized,42,,R@1,percent,31.25,centered_identity,-9.375,-21.875,1.5625,,,64,64,64,,,,,,,,2000,20261023,False,complete,
retrieval_natural,natural_nau_diagnostic,natural_nau_diagnostic,stock_pt,Latin Dhivehi → Thaana,decoder_09,,anchor_identity_regularized,42,,R@5,percent,60.9375,centered_identity,-3.125,-14.0625,7.8125,,,64,64,64,,,,,,,,2000,20261023,False,complete,
retrieval_natural,natural_nau_diagnostic,natural_nau_diagnostic,stock_pt,Latin Dhivehi → Thaana,decoder_09,,anchor_identity_regularized,42,,MRR,fraction,0.45527192966457075,centered_identity,-0.060230931656029524,-0.1340630702532888,0.015291643403822873,,,64,64,64,,,,,,,,2000,20261023,False,complete,
retrieval_natural,natural_nau_diagnostic,natural_nau_diagnostic,stock_pt,Latin Dhivehi → Thaana,decoder_09,,anchor_identity_regularized,42,,FOSCTTM,fraction,0.12152777777777776,centered_identity,-0.005704365079365081,-0.02902405753968254,0.01810515873015873,,,64,64,64,,,,,,,,2000,20261023,False,complete,
retrieval_natural,natural_nau_diagnostic,natural_nau_diagnostic,stock_pt,Thaana → Latin Dhivehi,decoder_09,,anchor_identity_regularized,42,,R@1,percent,31.25,centered_identity,-9.375,-21.875,1.5625,,,64,64,64,,,,,,,,2000,20261023,False,complete,
retrieval_natural,natural_nau_diagnostic,natural_nau_diagnostic,stock_pt,Thaana → Latin Dhivehi,decoder_09,,anchor_identity_regularized,42,,R@5,percent,53.125,centered_identity,-3.125,-14.0625,7.8125,,,64,64,64,,,,,,,,2000,20261023,False,complete,
retrieval_natural,natural_nau_diagnostic,natural_nau_diagnostic,stock_pt,Thaana → Latin Dhivehi,decoder_09,,anchor_identity_regularized,42,,MRR,fraction,0.4138964532315048,centered_identity,-0.060230931656029524,-0.1340630702532888,0.015291643403822873,,,64,64,64,,,,,,,,2000,20261023,False,complete,
retrieval_natural,natural_nau_diagnostic,natural_nau_diagnostic,stock_pt,Thaana → Latin Dhivehi,decoder_09,,anchor_identity_regularized,42,,FOSCTTM,fraction,0.18874007936507936,centered_identity,-0.005704365079365081,-0.02902405753968254,0.01810515873015873,,,64,64,64,,,,,,,,2000,20261023,False,complete,
retrieval_natural,natural_nau_diagnostic,natural_nau_diagnostic,stock_pt,Latin Dhivehi → Thaana,decoder_09,,anchor_shuffled_identity_regularized,42,,R@1,percent,20.3125,centered_identity,-20.3125,-31.25,-10.9375,,,64,64,64,,,,,,,,2000,20261023,False,complete,
retrieval_natural,natural_nau_diagnostic,natural_nau_diagnostic,stock_pt,Latin Dhivehi → Thaana,decoder_09,,anchor_shuffled_identity_regularized,42,,R@5,percent,50.0,centered_identity,-14.0625,-25.0,-1.5625,,,64,64,64,,,,,,,,2000,20261023,False,complete,
retrieval_natural,natural_nau_diagnostic,natural_nau_diagnostic,stock_pt,Latin Dhivehi → Thaana,decoder_09,,anchor_shuffled_identity_regularized,42,,MRR,fraction,0.3766540182252851,centered_identity,-0.1388488430953152,-0.21958168744860085,-0.060688403716315786,,,64,64,64,,,,,,,,2000,20261023,False,complete,
retrieval_natural,natural_nau_diagnostic,natural_nau_diagnostic,stock_pt,Latin Dhivehi → Thaana,decoder_09,,anchor_shuffled_identity_regularized,42,,FOSCTTM,fraction,0.1450892857142857,centered_identity,0.017857142857142856,-0.017863343253968253,0.05679563492063491,,,64,64,64,,,,,,,,2000,20261023,False,complete,
retrieval_natural,natural_nau_diagnostic,natural_nau_diagnostic,stock_pt,Thaana → Latin Dhivehi,decoder_09,,anchor_shuffled_identity_regularized,42,,R@1,percent,26.5625,centered_identity,-20.3125,-31.25,-10.9375,,,64,64,64,,,,,,,,2000,20261023,False,complete,
retrieval_natural,natural_nau_diagnostic,natural_nau_diagnostic,stock_pt,Thaana → Latin Dhivehi,decoder_09,,anchor_shuffled_identity_regularized,42,,R@5,percent,45.3125,centered_identity,-14.0625,-25.0,-1.5625,,,64,64,64,,,,,,,,2000,20261023,False,complete,
retrieval_natural,natural_nau_diagnostic,natural_nau_diagnostic,stock_pt,Thaana → Latin Dhivehi,decoder_09,,anchor_shuffled_identity_regularized,42,,MRR,fraction,0.36936564348408646,centered_identity,-0.1388488430953152,-0.21958168744860085,-0.060688403716315786,,,64,64,64,,,,,,,,2000,20261023,False,complete,
retrieval_natural,natural_nau_diagnostic,natural_nau_diagnostic,stock_pt,Thaana → Latin Dhivehi,decoder_09,,anchor_shuffled_identity_regularized,42,,FOSCTTM,fraction,0.23164682539682535,centered_identity,0.017857142857142856,-0.017863343253968253,0.05679563492063491,,,64,64,64,,,,,,,,2000,20261023,False,complete,
retrieval_natural,natural_nau_diagnostic,natural_nau_diagnostic,stock_pt,Latin Dhivehi → Thaana,decoder_09,,official_wp,mean,,R@1,percent,2.604166666666667,,,,,,,64,64,0,,,,,,,,,,False,complete; descriptive mean over three saved seeds,complete
retrieval_natural,natural_nau_diagnostic,natural_nau_diagnostic,stock_pt,Latin Dhivehi → Thaana,decoder_09,,official_wp,mean,,R@5,percent,8.333333333333332,,,,,,,64,64,0,,,,,,,,,,False,complete; descriptive mean over three saved seeds,complete
retrieval_natural,natural_nau_diagnostic,natural_nau_diagnostic,stock_pt,Latin Dhivehi → Thaana,decoder_09,,official_wp,mean,,MRR,fraction,0.0890320887184355,,,,,,,64,64,0,,,,,,,,,,False,complete; descriptive mean over three saved seeds,complete
retrieval_natural,natural_nau_diagnostic,natural_nau_diagnostic,stock_pt,Latin Dhivehi → Thaana,decoder_09,,official_wp,mean,,FOSCTTM,fraction,0.45180224867724866,,,,,,,64,64,0,,,,,,,,,,False,complete; descriptive mean over three saved seeds,complete
retrieval_natural,natural_nau_diagnostic,natural_nau_diagnostic,stock_pt,Thaana → Latin Dhivehi,decoder_09,,official_wp,mean,,R@1,percent,1.0416666666666665,,,,,,,64,64,0,,,,,,,,,,False,complete; descriptive mean over three saved seeds,complete
retrieval_natural,natural_nau_diagnostic,natural_nau_diagnostic,stock_pt,Thaana → Latin Dhivehi,decoder_09,,official_wp,mean,,R@5,percent,9.375,,,,,,,64,64,0,,,,,,,,,,False,complete; descriptive mean over three saved seeds,complete
retrieval_natural,natural_nau_diagnostic,natural_nau_diagnostic,stock_pt,Thaana → Latin Dhivehi,decoder_09,,official_wp,mean,,MRR,fraction,0.07780430189822644,,,,,,,64,64,0,,,,,,,,,,False,complete; descriptive mean over three saved seeds,complete
retrieval_natural,natural_nau_diagnostic,natural_nau_diagnostic,stock_pt,Thaana → Latin Dhivehi,decoder_09,,official_wp,mean,,FOSCTTM,fraction,0.47040343915343913,,,,,,,64,64,0,,,,,,,,,,False,complete; descriptive mean over three saved seeds,complete
retrieval_natural,natural_nau_diagnostic,natural_nau_diagnostic,stock_pt,Latin Dhivehi → Thaana,decoder_14,,raw_identity,42,,R@1,percent,12.5,centered_identity,-17.1875,-29.6875,-6.25,,,64,64,0,,,,,,,,2000,20261023,False,complete,
retrieval_natural,natural_nau_diagnostic,natural_nau_diagnostic,stock_pt,Latin Dhivehi → Thaana,decoder_14,,raw_identity,42,,R@5,percent,34.375,centered_identity,-21.875,-35.9375,-9.375,,,64,64,0,,,,,,,,2000,20261023,False,complete,
retrieval_natural,natural_nau_diagnostic,natural_nau_diagnostic,stock_pt,Latin Dhivehi → Thaana,decoder_14,,raw_identity,42,,MRR,fraction,0.2438218625703751,centered_identity,-0.18021029469211786,-0.2808539850485109,-0.08664383061739422,,,64,64,0,,,,,,,,2000,20261023,False,complete,
retrieval_natural,natural_nau_diagnostic,natural_nau_diagnostic,stock_pt,Latin Dhivehi → Thaana,decoder_14,,raw_identity,42,,FOSCTTM,fraction,0.25942460317460314,centered_identity,0.10044642857142856,0.037698412698412696,0.16220858134920632,,,64,64,0,,,,,,,,2000,20261023,False,complete,
retrieval_natural,natural_nau_diagnostic,natural_nau_diagnostic,stock_pt,Thaana → Latin Dhivehi,decoder_14,,raw_identity,42,,R@1,percent,6.25,centered_identity,-17.1875,-29.6875,-6.25,,,64,64,0,,,,,,,,2000,20261023,False,complete,
retrieval_natural,natural_nau_diagnostic,natural_nau_diagnostic,stock_pt,Thaana → Latin Dhivehi,decoder_14,,raw_identity,42,,R@5,percent,21.875,centered_identity,-21.875,-35.9375,-9.375,,,64,64,0,,,,,,,,2000,20261023,False,complete,
retrieval_natural,natural_nau_diagnostic,natural_nau_diagnostic,stock_pt,Thaana → Latin Dhivehi,decoder_14,,raw_identity,42,,MRR,fraction,0.15669846095019008,centered_identity,-0.18021029469211786,-0.2808539850485109,-0.08664383061739422,,,64,64,0,,,,,,,,2000,20261023,False,complete,
retrieval_natural,natural_nau_diagnostic,natural_nau_diagnostic,stock_pt,Thaana → Latin Dhivehi,decoder_14,,raw_identity,42,,FOSCTTM,fraction,0.35863095238095233,centered_identity,0.10044642857142856,0.037698412698412696,0.16220858134920632,,,64,64,0,,,,,,,,2000,20261023,False,complete,
retrieval_natural,natural_nau_diagnostic,natural_nau_diagnostic,stock_pt,Latin Dhivehi → Thaana,decoder_14,,centered_identity,42,,R@1,percent,29.6875,centered_identity,0.0,,,,,64,64,0,,,,,,,,,,False,complete,
retrieval_natural,natural_nau_diagnostic,natural_nau_diagnostic,stock_pt,Latin Dhivehi → Thaana,decoder_14,,centered_identity,42,,R@5,percent,56.25,centered_identity,0.0,,,,,64,64,0,,,,,,,,,,False,complete,
retrieval_natural,natural_nau_diagnostic,natural_nau_diagnostic,stock_pt,Latin Dhivehi → Thaana,decoder_14,,centered_identity,42,,MRR,fraction,0.42403215726249294,centered_identity,0.0,,,,,64,64,0,,,,,,,,,,False,complete,
retrieval_natural,natural_nau_diagnostic,natural_nau_diagnostic,stock_pt,Latin Dhivehi → Thaana,decoder_14,,centered_identity,42,,FOSCTTM,fraction,0.1589781746031746,centered_identity,0.0,,,,,64,64,0,,,,,,,,,,False,complete,
retrieval_natural,natural_nau_diagnostic,natural_nau_diagnostic,stock_pt,Thaana → Latin Dhivehi,decoder_14,,centered_identity,42,,R@1,percent,20.3125,centered_identity,0.0,,,,,64,64,0,,,,,,,,,,False,complete,
retrieval_natural,natural_nau_diagnostic,natural_nau_diagnostic,stock_pt,Thaana → Latin Dhivehi,decoder_14,,centered_identity,42,,R@5,percent,43.75,centered_identity,0.0,,,,,64,64,0,,,,,,,,,,False,complete,
retrieval_natural,natural_nau_diagnostic,natural_nau_diagnostic,stock_pt,Thaana → Latin Dhivehi,decoder_14,,centered_identity,42,,MRR,fraction,0.3120616537459178,centered_identity,0.0,,,,,64,64,0,,,,,,,,,,False,complete,
retrieval_natural,natural_nau_diagnostic,natural_nau_diagnostic,stock_pt,Thaana → Latin Dhivehi,decoder_14,,centered_identity,42,,FOSCTTM,fraction,0.22569444444444442,centered_identity,0.0,,,,,64,64,0,,,,,,,,,,False,complete,
retrieval_natural,natural_nau_diagnostic,natural_nau_diagnostic,stock_pt,Latin Dhivehi → Thaana,decoder_14,,official_wp,42,,R@1,percent,3.125,centered_identity,-26.5625,-39.0625,-15.625,,,64,64,0,,,,,,,,2000,20261023,False,complete,
retrieval_natural,natural_nau_diagnostic,natural_nau_diagnostic,stock_pt,Latin Dhivehi → Thaana,decoder_14,,official_wp,42,,R@5,percent,9.375,centered_identity,-46.875,-59.375,-34.375,,,64,64,0,,,,,,,,2000,20261023,False,complete,
retrieval_natural,natural_nau_diagnostic,natural_nau_diagnostic,stock_pt,Latin Dhivehi → Thaana,decoder_14,,official_wp,42,,MRR,fraction,0.08445501169842129,centered_identity,-0.3395771455640717,-0.44271391356383244,-0.23848933703462888,,,64,64,0,,,,,,,,2000,20261023,False,complete,
retrieval_natural,natural_nau_diagnostic,natural_nau_diagnostic,stock_pt,Latin Dhivehi → Thaana,decoder_14,,official_wp,42,,FOSCTTM,fraction,0.501984126984127,centered_identity,0.3430059523809524,0.25295758928571427,0.43330853174603157,,,64,64,0,,,,,,,,2000,20261023,False,complete,
retrieval_natural,natural_nau_diagnostic,natural_nau_diagnostic,stock_pt,Thaana → Latin Dhivehi,decoder_14,,official_wp,42,,R@1,percent,1.5625,centered_identity,-26.5625,-39.0625,-15.625,,,64,64,0,,,,,,,,2000,20261023,False,complete,
retrieval_natural,natural_nau_diagnostic,natural_nau_diagnostic,stock_pt,Thaana → Latin Dhivehi,decoder_14,,official_wp,42,,R@5,percent,6.25,centered_identity,-46.875,-59.375,-34.375,,,64,64,0,,,,,,,,2000,20261023,False,complete,
retrieval_natural,natural_nau_diagnostic,natural_nau_diagnostic,stock_pt,Thaana → Latin Dhivehi,decoder_14,,official_wp,42,,MRR,fraction,0.07695475521063354,centered_identity,-0.3395771455640717,-0.44271391356383244,-0.23848933703462888,,,64,64,0,,,,,,,,2000,20261023,False,complete,
retrieval_natural,natural_nau_diagnostic,natural_nau_diagnostic,stock_pt,Thaana → Latin Dhivehi,decoder_14,,official_wp,42,,FOSCTTM,fraction,0.4967757936507936,centered_identity,0.3430059523809524,0.25295758928571427,0.43330853174603157,,,64,64,0,,,,,,,,2000,20261023,False,complete,
retrieval_natural,natural_nau_diagnostic,natural_nau_diagnostic,stock_pt,Latin Dhivehi → Thaana,decoder_14,,official_wp,1337,,R@1,percent,1.5625,centered_identity,-28.125,-39.0625,-17.1875,,,64,64,0,,,,,,,,2000,20261023,False,complete,
retrieval_natural,natural_nau_diagnostic,natural_nau_diagnostic,stock_pt,Latin Dhivehi → Thaana,decoder_14,,official_wp,1337,,R@5,percent,10.9375,centered_identity,-45.3125,-60.9375,-28.125,,,64,64,0,,,,,,,,2000,20261023,False,complete,
retrieval_natural,natural_nau_diagnostic,natural_nau_diagnostic,stock_pt,Latin Dhivehi → Thaana,decoder_14,,official_wp,1337,,MRR,fraction,0.09207983138827894,centered_identity,-0.3319523258742141,-0.44113493010501226,-0.22408850903219654,,,64,64,0,,,,,,,,2000,20261023,False,complete,
retrieval_natural,natural_nau_diagnostic,natural_nau_diagnostic,stock_pt,Latin Dhivehi → Thaana,decoder_14,,official_wp,1337,,FOSCTTM,fraction,0.417906746031746,centered_identity,0.2589285714285714,0.15995783730158727,0.34674479166666655,,,64,64,0,,,,,,,,2000,20261023,False,complete,
retrieval_natural,natural_nau_diagnostic,natural_nau_diagnostic,stock_pt,Thaana → Latin Dhivehi,decoder_14,,official_wp,1337,,R@1,percent,1.5625,centered_identity,-28.125,-39.0625,-17.1875,,,64,64,0,,,,,,,,2000,20261023,False,complete,
retrieval_natural,natural_nau_diagnostic,natural_nau_diagnostic,stock_pt,Thaana → Latin Dhivehi,decoder_14,,official_wp,1337,,R@5,percent,9.375,centered_identity,-45.3125,-60.9375,-28.125,,,64,64,0,,,,,,,,2000,20261023,False,complete,
retrieval_natural,natural_nau_diagnostic,natural_nau_diagnostic,stock_pt,Thaana → Latin Dhivehi,decoder_14,,official_wp,1337,,MRR,fraction,0.07624926928849898,centered_identity,-0.3319523258742141,-0.44113493010501226,-0.22408850903219654,,,64,64,0,,,,,,,,2000,20261023,False,complete,
retrieval_natural,natural_nau_diagnostic,natural_nau_diagnostic,stock_pt,Thaana → Latin Dhivehi,decoder_14,,official_wp,1337,,FOSCTTM,fraction,0.4853670634920635,centered_identity,0.2589285714285714,0.15995783730158727,0.34674479166666655,,,64,64,0,,,,,,,,2000,20261023,False,complete,
retrieval_natural,natural_nau_diagnostic,natural_nau_diagnostic,stock_pt,Latin Dhivehi → Thaana,decoder_14,,official_wp,20261010,,R@1,percent,1.5625,centered_identity,-28.125,-40.625,-17.1875,,,64,64,0,,,,,,,,2000,20261023,False,complete,
retrieval_natural,natural_nau_diagnostic,natural_nau_diagnostic,stock_pt,Latin Dhivehi → Thaana,decoder_14,,official_wp,20261010,,R@5,percent,3.125,centered_identity,-53.125,-65.625,-40.625,,,64,64,0,,,,,,,,2000,20261023,False,complete,
retrieval_natural,natural_nau_diagnostic,natural_nau_diagnostic,stock_pt,Latin Dhivehi → Thaana,decoder_14,,official_wp,20261010,,MRR,fraction,0.0644769876828592,centered_identity,-0.3595551695796338,-0.4650450812565613,-0.25493979946113554,,,64,64,0,,,,,,,,2000,20261023,False,complete,
retrieval_natural,natural_nau_diagnostic,natural_nau_diagnostic,stock_pt,Latin Dhivehi → Thaana,decoder_14,,official_wp,20261010,,FOSCTTM,fraction,0.5052083333333333,centered_identity,0.3462301587301587,0.25865575396825397,0.4270895337301587,,,64,64,0,,,,,,,,2000,20261023,False,complete,
retrieval_natural,natural_nau_diagnostic,natural_nau_diagnostic,stock_pt,Thaana → Latin Dhivehi,decoder_14,,official_wp,20261010,,R@1,percent,1.5625,centered_identity,-28.125,-40.625,-17.1875,,,64,64,0,,,,,,,,2000,20261023,False,complete,
retrieval_natural,natural_nau_diagnostic,natural_nau_diagnostic,stock_pt,Thaana → Latin Dhivehi,decoder_14,,official_wp,20261010,,R@5,percent,9.375,centered_identity,-53.125,-65.625,-40.625,,,64,64,0,,,,,,,,2000,20261023,False,complete,
retrieval_natural,natural_nau_diagnostic,natural_nau_diagnostic,stock_pt,Thaana → Latin Dhivehi,decoder_14,,official_wp,20261010,,MRR,fraction,0.07690175143089045,centered_identity,-0.3595551695796338,-0.4650450812565613,-0.25493979946113554,,,64,64,0,,,,,,,,2000,20261023,False,complete,
retrieval_natural,natural_nau_diagnostic,natural_nau_diagnostic,stock_pt,Thaana → Latin Dhivehi,decoder_14,,official_wp,20261010,,FOSCTTM,fraction,0.49677579365079366,centered_identity,0.3462301587301587,0.25865575396825397,0.4270895337301587,,,64,64,0,,,,,,,,2000,20261023,False,complete,
retrieval_natural,natural_nau_diagnostic,natural_nau_diagnostic,stock_pt,Latin Dhivehi → Thaana,decoder_14,,anchor_procrustes,42,,R@1,percent,3.125,centered_identity,-26.5625,-37.5,-14.0625,,,64,64,64,,,,,,,,2000,20261023,False,complete,
retrieval_natural,natural_nau_diagnostic,natural_nau_diagnostic,stock_pt,Latin Dhivehi → Thaana,decoder_14,,anchor_procrustes,42,,R@5,percent,25.0,centered_identity,-31.25,-45.3515625,-17.1875,,,64,64,64,,,,,,,,2000,20261023,False,complete,
retrieval_natural,natural_nau_diagnostic,natural_nau_diagnostic,stock_pt,Latin Dhivehi → Thaana,decoder_14,,anchor_procrustes,42,,MRR,fraction,0.144757050176418,centered_identity,-0.27927510708607495,-0.3833367786320873,-0.18137771317847337,,,64,64,64,,,,,,,,2000,20261023,False,complete,
retrieval_natural,natural_nau_diagnostic,natural_nau_diagnostic,stock_pt,Latin Dhivehi → Thaana,decoder_14,,anchor_procrustes,42,,FOSCTTM,fraction,0.27951388888888884,centered_identity,0.12053571428571427,0.05753348214285713,0.18204365079365079,,,64,64,64,,,,,,,,2000,20261023,False,complete,
retrieval_natural,natural_nau_diagnostic,natural_nau_diagnostic,stock_pt,Thaana → Latin Dhivehi,decoder_14,,anchor_procrustes,42,,R@1,percent,4.6875,centered_identity,-26.5625,-37.5,-14.0625,,,64,64,64,,,,,,,,2000,20261023,False,complete,
retrieval_natural,natural_nau_diagnostic,natural_nau_diagnostic,stock_pt,Thaana → Latin Dhivehi,decoder_14,,anchor_procrustes,42,,R@5,percent,14.0625,centered_identity,-31.25,-45.3515625,-17.1875,,,64,64,64,,,,,,,,2000,20261023,False,complete,
retrieval_natural,natural_nau_diagnostic,natural_nau_diagnostic,stock_pt,Thaana → Latin Dhivehi,decoder_14,,anchor_procrustes,42,,MRR,fraction,0.11520131516583663,centered_identity,-0.27927510708607495,-0.3833367786320873,-0.18137771317847337,,,64,64,64,,,,,,,,2000,20261023,False,complete,
retrieval_natural,natural_nau_diagnostic,natural_nau_diagnostic,stock_pt,Thaana → Latin Dhivehi,decoder_14,,anchor_procrustes,42,,FOSCTTM,fraction,0.4295634920634921,centered_identity,0.12053571428571427,0.05753348214285713,0.18204365079365079,,,64,64,64,,,,,,,,2000,20261023,False,complete,
retrieval_natural,natural_nau_diagnostic,natural_nau_diagnostic,stock_pt,Latin Dhivehi → Thaana,decoder_14,,anchor_identity_regularized,42,,R@1,percent,18.75,centered_identity,-10.9375,-21.875,0.0,,,64,64,64,,,,,,,,2000,20261023,False,complete,
retrieval_natural,natural_nau_diagnostic,natural_nau_diagnostic,stock_pt,Latin Dhivehi → Thaana,decoder_14,,anchor_identity_regularized,42,,R@5,percent,53.125,centered_identity,-3.125,-12.5,6.25,,,64,64,64,,,,,,,,2000,20261023,False,complete,
retrieval_natural,natural_nau_diagnostic,natural_nau_diagnostic,stock_pt,Latin Dhivehi → Thaana,decoder_14,,anchor_identity_regularized,42,,MRR,fraction,0.34633686099120875,centered_identity,-0.0776952962712842,-0.15638653093969776,-0.00548992406878428,,,64,64,64,,,,,,,,2000,20261023,False,complete,
retrieval_natural,natural_nau_diagnostic,natural_nau_diagnostic,stock_pt,Latin Dhivehi → Thaana,decoder_14,,anchor_identity_regularized,42,,FOSCTTM,fraction,0.1624503968253968,centered_identity,0.003472222222222221,-0.020585317460317464,0.027033730158730153,,,64,64,64,,,,,,,,2000,20261023,False,complete,
retrieval_natural,natural_nau_diagnostic,natural_nau_diagnostic,stock_pt,Thaana → Latin Dhivehi,decoder_14,,anchor_identity_regularized,42,,R@1,percent,12.5,centered_identity,-10.9375,-21.875,0.0,,,64,64,64,,,,,,,,2000,20261023,False,complete,
retrieval_natural,natural_nau_diagnostic,natural_nau_diagnostic,stock_pt,Thaana → Latin Dhivehi,decoder_14,,anchor_identity_regularized,42,,R@5,percent,37.5,centered_identity,-3.125,-12.5,6.25,,,64,64,64,,,,,,,,2000,20261023,False,complete,
retrieval_natural,natural_nau_diagnostic,natural_nau_diagnostic,stock_pt,Thaana → Latin Dhivehi,decoder_14,,anchor_identity_regularized,42,,MRR,fraction,0.2419620213100818,centered_identity,-0.0776952962712842,-0.15638653093969776,-0.00548992406878428,,,64,64,64,,,,,,,,2000,20261023,False,complete,
retrieval_natural,natural_nau_diagnostic,natural_nau_diagnostic,stock_pt,Thaana → Latin Dhivehi,decoder_14,,anchor_identity_regularized,42,,FOSCTTM,fraction,0.28621031746031744,centered_identity,0.003472222222222221,-0.020585317460317464,0.027033730158730153,,,64,64,64,,,,,,,,2000,20261023,False,complete,
retrieval_natural,natural_nau_diagnostic,natural_nau_diagnostic,stock_pt,Latin Dhivehi → Thaana,decoder_14,,anchor_shuffled_identity_regularized,42,,R@1,percent,20.3125,centered_identity,-9.375,-18.75,0.0,,,64,64,64,,,,,,,,2000,20261023,False,complete,
retrieval_natural,natural_nau_diagnostic,natural_nau_diagnostic,stock_pt,Latin Dhivehi → Thaana,decoder_14,,anchor_shuffled_identity_regularized,42,,R@5,percent,46.875,centered_identity,-9.375,-20.3125,0.0,,,64,64,64,,,,,,,,2000,20261023,False,complete,
retrieval_natural,natural_nau_diagnostic,natural_nau_diagnostic,stock_pt,Latin Dhivehi → Thaana,decoder_14,,anchor_shuffled_identity_regularized,42,,MRR,fraction,0.32607310256594935,centered_identity,-0.09795905469654362,-0.17004768181156252,-0.023669279117850973,,,64,64,64,,,,,,,,2000,20261023,False,complete,
retrieval_natural,natural_nau_diagnostic,natural_nau_diagnostic,stock_pt,Latin Dhivehi → Thaana,decoder_14,,anchor_shuffled_identity_regularized,42,,FOSCTTM,fraction,0.1763392857142857,centered_identity,0.017361111111111105,-0.014887152777777779,0.054315476190476185,,,64,64,64,,,,,,,,2000,20261023,False,complete,
retrieval_natural,natural_nau_diagnostic,natural_nau_diagnostic,stock_pt,Thaana → Latin Dhivehi,decoder_14,,anchor_shuffled_identity_regularized,42,,R@1,percent,18.75,centered_identity,-9.375,-18.75,0.0,,,64,64,64,,,,,,,,2000,20261023,False,complete,
retrieval_natural,natural_nau_diagnostic,natural_nau_diagnostic,stock_pt,Thaana → Latin Dhivehi,decoder_14,,anchor_shuffled_identity_regularized,42,,R@5,percent,39.0625,centered_identity,-9.375,-20.3125,0.0,,,64,64,64,,,,,,,,2000,20261023,False,complete,
retrieval_natural,natural_nau_diagnostic,natural_nau_diagnostic,stock_pt,Thaana → Latin Dhivehi,decoder_14,,anchor_shuffled_identity_regularized,42,,MRR,fraction,0.3104304902714667,centered_identity,-0.09795905469654362,-0.17004768181156252,-0.023669279117850973,,,64,64,64,,,,,,,,2000,20261023,False,complete,
retrieval_natural,natural_nau_diagnostic,natural_nau_diagnostic,stock_pt,Thaana → Latin Dhivehi,decoder_14,,anchor_shuffled_identity_regularized,42,,FOSCTTM,fraction,0.22891865079365079,centered_identity,0.017361111111111105,-0.014887152777777779,0.054315476190476185,,,64,64,64,,,,,,,,2000,20261023,False,complete,
retrieval_natural,natural_nau_diagnostic,natural_nau_diagnostic,stock_pt,Latin Dhivehi → Thaana,decoder_14,,official_wp,mean,,R@1,percent,2.083333333333333,,,,,,,64,64,0,,,,,,,,,,False,complete; descriptive mean over three saved seeds,complete
retrieval_natural,natural_nau_diagnostic,natural_nau_diagnostic,stock_pt,Latin Dhivehi → Thaana,decoder_14,,official_wp,mean,,R@5,percent,7.8125,,,,,,,64,64,0,,,,,,,,,,False,complete; descriptive mean over three saved seeds,complete
retrieval_natural,natural_nau_diagnostic,natural_nau_diagnostic,stock_pt,Latin Dhivehi → Thaana,decoder_14,,official_wp,mean,,MRR,fraction,0.08033727692318647,,,,,,,64,64,0,,,,,,,,,,False,complete; descriptive mean over three saved seeds,complete
retrieval_natural,natural_nau_diagnostic,natural_nau_diagnostic,stock_pt,Latin Dhivehi → Thaana,decoder_14,,official_wp,mean,,FOSCTTM,fraction,0.4750330687830688,,,,,,,64,64,0,,,,,,,,,,False,complete; descriptive mean over three saved seeds,complete
retrieval_natural,natural_nau_diagnostic,natural_nau_diagnostic,stock_pt,Thaana → Latin Dhivehi,decoder_14,,official_wp,mean,,R@1,percent,1.5625,,,,,,,64,64,0,,,,,,,,,,False,complete; descriptive mean over three saved seeds,complete
retrieval_natural,natural_nau_diagnostic,natural_nau_diagnostic,stock_pt,Thaana → Latin Dhivehi,decoder_14,,official_wp,mean,,R@5,percent,8.333333333333332,,,,,,,64,64,0,,,,,,,,,,False,complete; descriptive mean over three saved seeds,complete
retrieval_natural,natural_nau_diagnostic,natural_nau_diagnostic,stock_pt,Thaana → Latin Dhivehi,decoder_14,,official_wp,mean,,MRR,fraction,0.07670192531000765,,,,,,,64,64,0,,,,,,,,,,False,complete; descriptive mean over three saved seeds,complete
retrieval_natural,natural_nau_diagnostic,natural_nau_diagnostic,stock_pt,Thaana → Latin Dhivehi,decoder_14,,official_wp,mean,,FOSCTTM,fraction,0.49297288359788355,,,,,,,64,64,0,,,,,,,,,,False,complete; descriptive mean over three saved seeds,complete
retrieval_natural,natural_nau_diagnostic,natural_nau_diagnostic,cpt_pt,Latin Dhivehi → Thaana,decoder_09,,raw_identity,42,,R@1,percent,14.0625,centered_identity,-31.25,-43.75,-18.75,,,64,64,0,,,,,,,,2000,20261023,False,complete,
retrieval_natural,natural_nau_diagnostic,natural_nau_diagnostic,cpt_pt,Latin Dhivehi → Thaana,decoder_09,,raw_identity,42,,R@5,percent,37.5,centered_identity,-26.5625,-37.5,-17.1875,,,64,64,0,,,,,,,,2000,20261023,False,complete,
retrieval_natural,natural_nau_diagnostic,natural_nau_diagnostic,cpt_pt,Latin Dhivehi → Thaana,decoder_09,,raw_identity,42,,MRR,fraction,0.255384703315224,centered_identity,-0.3041814264330053,-0.4038596857765253,-0.2187385730566751,,,64,64,0,,,,,,,,2000,20261023,False,complete,
retrieval_natural,natural_nau_diagnostic,natural_nau_diagnostic,cpt_pt,Latin Dhivehi → Thaana,decoder_09,,raw_identity,42,,FOSCTTM,fraction,0.267609126984127,centered_identity,0.14732142857142858,0.09597594246031746,0.19940476190476192,,,64,64,0,,,,,,,,2000,20261023,False,complete,
retrieval_natural,natural_nau_diagnostic,natural_nau_diagnostic,cpt_pt,Thaana → Latin Dhivehi,decoder_09,,raw_identity,42,,R@1,percent,14.0625,centered_identity,-31.25,-43.75,-18.75,,,64,64,0,,,,,,,,2000,20261023,False,complete,
retrieval_natural,natural_nau_diagnostic,natural_nau_diagnostic,cpt_pt,Thaana → Latin Dhivehi,decoder_09,,raw_identity,42,,R@5,percent,32.8125,centered_identity,-26.5625,-37.5,-17.1875,,,64,64,0,,,,,,,,2000,20261023,False,complete,
retrieval_natural,natural_nau_diagnostic,natural_nau_diagnostic,cpt_pt,Thaana → Latin Dhivehi,decoder_09,,raw_identity,42,,MRR,fraction,0.23782115705501128,centered_identity,-0.3041814264330053,-0.4038596857765253,-0.2187385730566751,,,64,64,0,,,,,,,,2000,20261023,False,complete,
retrieval_natural,natural_nau_diagnostic,natural_nau_diagnostic,cpt_pt,Thaana → Latin Dhivehi,decoder_09,,raw_identity,42,,FOSCTTM,fraction,0.3360615079365079,centered_identity,0.14732142857142858,0.09597594246031746,0.19940476190476192,,,64,64,0,,,,,,,,2000,20261023,False,complete,
retrieval_natural,natural_nau_diagnostic,natural_nau_diagnostic,cpt_pt,Latin Dhivehi → Thaana,decoder_09,,centered_identity,42,,R@1,percent,45.3125,centered_identity,0.0,,,,,64,64,0,,,,,,,,,,False,complete,
retrieval_natural,natural_nau_diagnostic,natural_nau_diagnostic,cpt_pt,Latin Dhivehi → Thaana,decoder_09,,centered_identity,42,,R@5,percent,64.0625,centered_identity,0.0,,,,,64,64,0,,,,,,,,,,False,complete,
retrieval_natural,natural_nau_diagnostic,natural_nau_diagnostic,cpt_pt,Latin Dhivehi → Thaana,decoder_09,,centered_identity,42,,MRR,fraction,0.5595661297482293,centered_identity,0.0,,,,,64,64,0,,,,,,,,,,False,complete,
retrieval_natural,natural_nau_diagnostic,natural_nau_diagnostic,cpt_pt,Latin Dhivehi → Thaana,decoder_09,,centered_identity,42,,FOSCTTM,fraction,0.1202876984126984,centered_identity,0.0,,,,,64,64,0,,,,,,,,,,False,complete,
retrieval_natural,natural_nau_diagnostic,natural_nau_diagnostic,cpt_pt,Thaana → Latin Dhivehi,decoder_09,,centered_identity,42,,R@1,percent,31.25,centered_identity,0.0,,,,,64,64,0,,,,,,,,,,False,complete,
retrieval_natural,natural_nau_diagnostic,natural_nau_diagnostic,cpt_pt,Thaana → Latin Dhivehi,decoder_09,,centered_identity,42,,R@5,percent,54.6875,centered_identity,0.0,,,,,64,64,0,,,,,,,,,,False,complete,
retrieval_natural,natural_nau_diagnostic,natural_nau_diagnostic,cpt_pt,Thaana → Latin Dhivehi,decoder_09,,centered_identity,42,,MRR,fraction,0.41091671078654846,centered_identity,0.0,,,,,64,64,0,,,,,,,,,,False,complete,
retrieval_natural,natural_nau_diagnostic,natural_nau_diagnostic,cpt_pt,Thaana → Latin Dhivehi,decoder_09,,centered_identity,42,,FOSCTTM,fraction,0.19444444444444445,centered_identity,0.0,,,,,64,64,0,,,,,,,,,,False,complete,
retrieval_natural,natural_nau_diagnostic,natural_nau_diagnostic,cpt_pt,Latin Dhivehi → Thaana,decoder_09,,official_wp,42,,R@1,percent,1.5625,centered_identity,-43.75,-56.25,-31.25,,,64,64,0,,,,,,,,2000,20261023,False,complete,
retrieval_natural,natural_nau_diagnostic,natural_nau_diagnostic,cpt_pt,Latin Dhivehi → Thaana,decoder_09,,official_wp,42,,R@5,percent,9.375,centered_identity,-54.6875,-67.1875,-40.625,,,64,64,0,,,,,,,,2000,20261023,False,complete,
retrieval_natural,natural_nau_diagnostic,natural_nau_diagnostic,cpt_pt,Latin Dhivehi → Thaana,decoder_09,,official_wp,42,,MRR,fraction,0.07750360357145311,centered_identity,-0.48206252617677614,-0.5797279942570671,-0.3748654699729863,,,64,64,0,,,,,,,,2000,20261023,False,complete,
retrieval_natural,natural_nau_diagnostic,natural_nau_diagnostic,cpt_pt,Latin Dhivehi → Thaana,decoder_09,,official_wp,42,,FOSCTTM,fraction,0.4952876984126984,centered_identity,0.375,0.28621031746031744,0.46256200396825387,,,64,64,0,,,,,,,,2000,20261023,False,complete,
retrieval_natural,natural_nau_diagnostic,natural_nau_diagnostic,cpt_pt,Thaana → Latin Dhivehi,decoder_09,,official_wp,42,,R@1,percent,1.5625,centered_identity,-43.75,-56.25,-31.25,,,64,64,0,,,,,,,,2000,20261023,False,complete,
retrieval_natural,natural_nau_diagnostic,natural_nau_diagnostic,cpt_pt,Thaana → Latin Dhivehi,decoder_09,,official_wp,42,,R@5,percent,9.375,centered_identity,-54.6875,-67.1875,-40.625,,,64,64,0,,,,,,,,2000,20261023,False,complete,
retrieval_natural,natural_nau_diagnostic,natural_nau_diagnostic,cpt_pt,Thaana → Latin Dhivehi,decoder_09,,official_wp,42,,MRR,fraction,0.07680681032914258,centered_identity,-0.48206252617677614,-0.5797279942570671,-0.3748654699729863,,,64,64,0,,,,,,,,2000,20261023,False,complete,
retrieval_natural,natural_nau_diagnostic,natural_nau_diagnostic,cpt_pt,Thaana → Latin Dhivehi,decoder_09,,official_wp,42,,FOSCTTM,fraction,0.48883928571428575,centered_identity,0.375,0.28621031746031744,0.46256200396825387,,,64,64,0,,,,,,,,2000,20261023,False,complete,
retrieval_natural,natural_nau_diagnostic,natural_nau_diagnostic,cpt_pt,Latin Dhivehi → Thaana,decoder_09,,official_wp,1337,,R@1,percent,3.125,centered_identity,-42.1875,-53.1640625,-29.6875,,,64,64,0,,,,,,,,2000,20261023,False,complete,
retrieval_natural,natural_nau_diagnostic,natural_nau_diagnostic,cpt_pt,Latin Dhivehi → Thaana,decoder_09,,official_wp,1337,,R@5,percent,14.0625,centered_identity,-50.0,-64.0625,-37.5,,,64,64,0,,,,,,,,2000,20261023,False,complete,
retrieval_natural,natural_nau_diagnostic,natural_nau_diagnostic,cpt_pt,Latin Dhivehi → Thaana,decoder_09,,official_wp,1337,,MRR,fraction,0.11388038480634886,centered_identity,-0.4456857449418804,-0.5532925936388543,-0.33134462829449035,,,64,64,0,,,,,,,,2000,20261023,False,complete,
retrieval_natural,natural_nau_diagnostic,natural_nau_diagnostic,cpt_pt,Latin Dhivehi → Thaana,decoder_09,,official_wp,1337,,FOSCTTM,fraction,0.3993055555555556,centered_identity,0.27901785714285715,0.2013888888888889,0.3511966765873016,,,64,64,0,,,,,,,,2000,20261023,False,complete,
retrieval_natural,natural_nau_diagnostic,natural_nau_diagnostic,cpt_pt,Thaana → Latin Dhivehi,decoder_09,,official_wp,1337,,R@1,percent,3.125,centered_identity,-42.1875,-53.1640625,-29.6875,,,64,64,0,,,,,,,,2000,20261023,False,complete,
retrieval_natural,natural_nau_diagnostic,natural_nau_diagnostic,cpt_pt,Thaana → Latin Dhivehi,decoder_09,,official_wp,1337,,R@5,percent,10.9375,centered_identity,-50.0,-64.0625,-37.5,,,64,64,0,,,,,,,,2000,20261023,False,complete,
retrieval_natural,natural_nau_diagnostic,natural_nau_diagnostic,cpt_pt,Thaana → Latin Dhivehi,decoder_09,,official_wp,1337,,MRR,fraction,0.09933507190439073,centered_identity,-0.4456857449418804,-0.5532925936388543,-0.33134462829449035,,,64,64,0,,,,,,,,2000,20261023,False,complete,
retrieval_natural,natural_nau_diagnostic,natural_nau_diagnostic,cpt_pt,Thaana → Latin Dhivehi,decoder_09,,official_wp,1337,,FOSCTTM,fraction,0.427579365079365,centered_identity,0.27901785714285715,0.2013888888888889,0.3511966765873016,,,64,64,0,,,,,,,,2000,20261023,False,complete,
retrieval_natural,natural_nau_diagnostic,natural_nau_diagnostic,cpt_pt,Latin Dhivehi → Thaana,decoder_09,,official_wp,20261010,,R@1,percent,3.125,centered_identity,-42.1875,-56.25,-28.125,,,64,64,0,,,,,,,,2000,20261023,False,complete,
retrieval_natural,natural_nau_diagnostic,natural_nau_diagnostic,cpt_pt,Latin Dhivehi → Thaana,decoder_09,,official_wp,20261010,,R@5,percent,9.375,centered_identity,-54.6875,-68.75,-39.0625,,,64,64,0,,,,,,,,2000,20261023,False,complete,
retrieval_natural,natural_nau_diagnostic,natural_nau_diagnostic,cpt_pt,Latin Dhivehi → Thaana,decoder_09,,official_wp,20261010,,MRR,fraction,0.08669165480824384,centered_identity,-0.47287447493998547,-0.5914839839551882,-0.35149924982230546,,,64,64,0,,,,,,,,2000,20261023,False,complete,
retrieval_natural,natural_nau_diagnostic,natural_nau_diagnostic,cpt_pt,Latin Dhivehi → Thaana,decoder_09,,official_wp,20261010,,FOSCTTM,fraction,0.4880952380952381,centered_identity,0.3678075396825397,0.27752976190476186,0.45337301587301587,,,64,64,0,,,,,,,,2000,20261023,False,complete,
retrieval_natural,natural_nau_diagnostic,natural_nau_diagnostic,cpt_pt,Thaana → Latin Dhivehi,decoder_09,,official_wp,20261010,,R@1,percent,1.5625,centered_identity,-42.1875,-56.25,-28.125,,,64,64,0,,,,,,,,2000,20261023,False,complete,
retrieval_natural,natural_nau_diagnostic,natural_nau_diagnostic,cpt_pt,Thaana → Latin Dhivehi,decoder_09,,official_wp,20261010,,R@5,percent,9.375,centered_identity,-54.6875,-68.75,-39.0625,,,64,64,0,,,,,,,,2000,20261023,False,complete,
retrieval_natural,natural_nau_diagnostic,natural_nau_diagnostic,cpt_pt,Thaana → Latin Dhivehi,decoder_09,,official_wp,20261010,,MRR,fraction,0.08190315698226405,centered_identity,-0.47287447493998547,-0.5914839839551882,-0.35149924982230546,,,64,64,0,,,,,,,,2000,20261023,False,complete,
retrieval_natural,natural_nau_diagnostic,natural_nau_diagnostic,cpt_pt,Thaana → Latin Dhivehi,decoder_09,,official_wp,20261010,,FOSCTTM,fraction,0.4905753968253968,centered_identity,0.3678075396825397,0.27752976190476186,0.45337301587301587,,,64,64,0,,,,,,,,2000,20261023,False,complete,
retrieval_natural,natural_nau_diagnostic,natural_nau_diagnostic,cpt_pt,Latin Dhivehi → Thaana,decoder_09,,anchor_procrustes,42,,R@1,percent,3.125,centered_identity,-42.1875,-54.6875,-29.6875,,,64,64,64,,,,,,,,2000,20261023,False,complete,
retrieval_natural,natural_nau_diagnostic,natural_nau_diagnostic,cpt_pt,Latin Dhivehi → Thaana,decoder_09,,anchor_procrustes,42,,R@5,percent,18.75,centered_identity,-45.3125,-59.375,-31.25,,,64,64,64,,,,,,,,2000,20261023,False,complete,
retrieval_natural,natural_nau_diagnostic,natural_nau_diagnostic,cpt_pt,Latin Dhivehi → Thaana,decoder_09,,anchor_procrustes,42,,MRR,fraction,0.13380977577493539,centered_identity,-0.4257563539732939,-0.5279469497888403,-0.31845239206909376,,,64,64,64,,,,,,,,2000,20261023,False,complete,
retrieval_natural,natural_nau_diagnostic,natural_nau_diagnostic,cpt_pt,Latin Dhivehi → Thaana,decoder_09,,anchor_procrustes,42,,FOSCTTM,fraction,0.30257936507936506,centered_identity,0.18229166666666666,0.1103484623015873,0.2571986607142857,,,64,64,64,,,,,,,,2000,20261023,False,complete,
retrieval_natural,natural_nau_diagnostic,natural_nau_diagnostic,cpt_pt,Thaana → Latin Dhivehi,decoder_09,,anchor_procrustes,42,,R@1,percent,4.6875,centered_identity,-42.1875,-54.6875,-29.6875,,,64,64,64,,,,,,,,2000,20261023,False,complete,
retrieval_natural,natural_nau_diagnostic,natural_nau_diagnostic,cpt_pt,Thaana → Latin Dhivehi,decoder_09,,anchor_procrustes,42,,R@5,percent,15.625,centered_identity,-45.3125,-59.375,-31.25,,,64,64,64,,,,,,,,2000,20261023,False,complete,
retrieval_natural,natural_nau_diagnostic,natural_nau_diagnostic,cpt_pt,Thaana → Latin Dhivehi,decoder_09,,anchor_procrustes,42,,MRR,fraction,0.1245991935510751,centered_identity,-0.4257563539732939,-0.5279469497888403,-0.31845239206909376,,,64,64,64,,,,,,,,2000,20261023,False,complete,
retrieval_natural,natural_nau_diagnostic,natural_nau_diagnostic,cpt_pt,Thaana → Latin Dhivehi,decoder_09,,anchor_procrustes,42,,FOSCTTM,fraction,0.3601190476190476,centered_identity,0.18229166666666666,0.1103484623015873,0.2571986607142857,,,64,64,64,,,,,,,,2000,20261023,False,complete,
retrieval_natural,natural_nau_diagnostic,natural_nau_diagnostic,cpt_pt,Latin Dhivehi → Thaana,decoder_09,,anchor_identity_regularized,42,,R@1,percent,37.5,centered_identity,-7.8125,-18.75,3.125,,,64,64,64,,,,,,,,2000,20261023,False,complete,
retrieval_natural,natural_nau_diagnostic,natural_nau_diagnostic,cpt_pt,Latin Dhivehi → Thaana,decoder_09,,anchor_identity_regularized,42,,R@5,percent,60.9375,centered_identity,-3.125,-12.5,6.25,,,64,64,64,,,,,,,,2000,20261023,False,complete,
retrieval_natural,natural_nau_diagnostic,natural_nau_diagnostic,cpt_pt,Latin Dhivehi → Thaana,decoder_09,,anchor_identity_regularized,42,,MRR,fraction,0.504445323029761,centered_identity,-0.05512080671846837,-0.12615561964900682,0.01416928083062509,,,64,64,64,,,,,,,,2000,20261023,False,complete,
retrieval_natural,natural_nau_diagnostic,natural_nau_diagnostic,cpt_pt,Latin Dhivehi → Thaana,decoder_09,,anchor_identity_regularized,42,,FOSCTTM,fraction,0.11011904761904762,centered_identity,-0.010168650793650794,-0.039440724206349205,0.01736111111111111,,,64,64,64,,,,,,,,2000,20261023,False,complete,
retrieval_natural,natural_nau_diagnostic,natural_nau_diagnostic,cpt_pt,Thaana → Latin Dhivehi,decoder_09,,anchor_identity_regularized,42,,R@1,percent,26.5625,centered_identity,-7.8125,-18.75,3.125,,,64,64,64,,,,,,,,2000,20261023,False,complete,
retrieval_natural,natural_nau_diagnostic,natural_nau_diagnostic,cpt_pt,Thaana → Latin Dhivehi,decoder_09,,anchor_identity_regularized,42,,R@5,percent,51.5625,centered_identity,-3.125,-12.5,6.25,,,64,64,64,,,,,,,,2000,20261023,False,complete,
retrieval_natural,natural_nau_diagnostic,natural_nau_diagnostic,cpt_pt,Thaana → Latin Dhivehi,decoder_09,,anchor_identity_regularized,42,,MRR,fraction,0.3990097907869047,centered_identity,-0.05512080671846837,-0.12615561964900682,0.01416928083062509,,,64,64,64,,,,,,,,2000,20261023,False,complete,
retrieval_natural,natural_nau_diagnostic,natural_nau_diagnostic,cpt_pt,Thaana → Latin Dhivehi,decoder_09,,anchor_identity_regularized,42,,FOSCTTM,fraction,0.17013888888888887,centered_identity,-0.010168650793650794,-0.039440724206349205,0.01736111111111111,,,64,64,64,,,,,,,,2000,20261023,False,complete,
retrieval_natural,natural_nau_diagnostic,natural_nau_diagnostic,cpt_pt,Latin Dhivehi → Thaana,decoder_09,,anchor_shuffled_identity_regularized,42,,R@1,percent,21.875,centered_identity,-23.4375,-34.375,-12.5,,,64,64,64,,,,,,,,2000,20261023,False,complete,
retrieval_natural,natural_nau_diagnostic,natural_nau_diagnostic,cpt_pt,Latin Dhivehi → Thaana,decoder_09,,anchor_shuffled_identity_regularized,42,,R@5,percent,62.5,centered_identity,-1.5625,-10.9375,7.8125,,,64,64,64,,,,,,,,2000,20261023,False,complete,
retrieval_natural,natural_nau_diagnostic,natural_nau_diagnostic,cpt_pt,Latin Dhivehi → Thaana,decoder_09,,anchor_shuffled_identity_regularized,42,,MRR,fraction,0.4008566398312359,centered_identity,-0.15870948991699343,-0.23402088650320996,-0.09218129975399476,,,64,64,64,,,,,,,,2000,20261023,False,complete,
retrieval_natural,natural_nau_diagnostic,natural_nau_diagnostic,cpt_pt,Latin Dhivehi → Thaana,decoder_09,,anchor_shuffled_identity_regularized,42,,FOSCTTM,fraction,0.11458333333333331,centered_identity,-0.005704365079365078,-0.038690476190476185,0.025310019841269772,,,64,64,64,,,,,,,,2000,20261023,False,complete,
retrieval_natural,natural_nau_diagnostic,natural_nau_diagnostic,cpt_pt,Thaana → Latin Dhivehi,decoder_09,,anchor_shuffled_identity_regularized,42,,R@1,percent,28.125,centered_identity,-23.4375,-34.375,-12.5,,,64,64,64,,,,,,,,2000,20261023,False,complete,
retrieval_natural,natural_nau_diagnostic,natural_nau_diagnostic,cpt_pt,Thaana → Latin Dhivehi,decoder_09,,anchor_shuffled_identity_regularized,42,,R@5,percent,46.875,centered_identity,-1.5625,-10.9375,7.8125,,,64,64,64,,,,,,,,2000,20261023,False,complete,
retrieval_natural,natural_nau_diagnostic,natural_nau_diagnostic,cpt_pt,Thaana → Latin Dhivehi,decoder_09,,anchor_shuffled_identity_regularized,42,,MRR,fraction,0.3908456520508109,centered_identity,-0.15870948991699343,-0.23402088650320996,-0.09218129975399476,,,64,64,64,,,,,,,,2000,20261023,False,complete,
retrieval_natural,natural_nau_diagnostic,natural_nau_diagnostic,cpt_pt,Thaana → Latin Dhivehi,decoder_09,,anchor_shuffled_identity_regularized,42,,FOSCTTM,fraction,0.19047619047619047,centered_identity,-0.005704365079365078,-0.038690476190476185,0.025310019841269772,,,64,64,64,,,,,,,,2000,20261023,False,complete,
retrieval_natural,natural_nau_diagnostic,natural_nau_diagnostic,cpt_pt,Latin Dhivehi → Thaana,decoder_09,,official_wp,mean,,R@1,percent,2.604166666666667,,,,,,,64,64,0,,,,,,,,,,False,complete; descriptive mean over three saved seeds,complete
retrieval_natural,natural_nau_diagnostic,natural_nau_diagnostic,cpt_pt,Latin Dhivehi → Thaana,decoder_09,,official_wp,mean,,R@5,percent,10.9375,,,,,,,64,64,0,,,,,,,,,,False,complete; descriptive mean over three saved seeds,complete
retrieval_natural,natural_nau_diagnostic,natural_nau_diagnostic,cpt_pt,Latin Dhivehi → Thaana,decoder_09,,official_wp,mean,,MRR,fraction,0.09269188106201527,,,,,,,64,64,0,,,,,,,,,,False,complete; descriptive mean over three saved seeds,complete
retrieval_natural,natural_nau_diagnostic,natural_nau_diagnostic,cpt_pt,Latin Dhivehi → Thaana,decoder_09,,official_wp,mean,,FOSCTTM,fraction,0.460896164021164,,,,,,,64,64,0,,,,,,,,,,False,complete; descriptive mean over three saved seeds,complete
retrieval_natural,natural_nau_diagnostic,natural_nau_diagnostic,cpt_pt,Thaana → Latin Dhivehi,decoder_09,,official_wp,mean,,R@1,percent,2.083333333333333,,,,,,,64,64,0,,,,,,,,,,False,complete; descriptive mean over three saved seeds,complete
retrieval_natural,natural_nau_diagnostic,natural_nau_diagnostic,cpt_pt,Thaana → Latin Dhivehi,decoder_09,,official_wp,mean,,R@5,percent,9.895833333333332,,,,,,,64,64,0,,,,,,,,,,False,complete; descriptive mean over three saved seeds,complete
retrieval_natural,natural_nau_diagnostic,natural_nau_diagnostic,cpt_pt,Thaana → Latin Dhivehi,decoder_09,,official_wp,mean,,MRR,fraction,0.08601501307193245,,,,,,,64,64,0,,,,,,,,,,False,complete; descriptive mean over three saved seeds,complete
retrieval_natural,natural_nau_diagnostic,natural_nau_diagnostic,cpt_pt,Thaana → Latin Dhivehi,decoder_09,,official_wp,mean,,FOSCTTM,fraction,0.4689980158730158,,,,,,,64,64,0,,,,,,,,,,False,complete; descriptive mean over three saved seeds,complete
retrieval_natural,natural_nau_diagnostic,natural_nau_diagnostic,cpt_pt,Latin Dhivehi → Thaana,decoder_14,,raw_identity,42,,R@1,percent,26.5625,centered_identity,-6.25,-20.3125,6.25,,,64,64,0,,,,,,,,2000,20261023,False,complete,
retrieval_natural,natural_nau_diagnostic,natural_nau_diagnostic,cpt_pt,Latin Dhivehi → Thaana,decoder_14,,raw_identity,42,,R@5,percent,40.625,centered_identity,-25.0,-39.0625,-10.898437500000213,,,64,64,0,,,,,,,,2000,20261023,False,complete,
retrieval_natural,natural_nau_diagnostic,natural_nau_diagnostic,cpt_pt,Latin Dhivehi → Thaana,decoder_14,,raw_identity,42,,MRR,fraction,0.3499447537315521,centered_identity,-0.1089037795999912,-0.22091822484054716,0.007134057132191108,,,64,64,0,,,,,,,,2000,20261023,False,complete,
retrieval_natural,natural_nau_diagnostic,natural_nau_diagnostic,cpt_pt,Latin Dhivehi → Thaana,decoder_14,,raw_identity,42,,FOSCTTM,fraction,0.23090277777777773,centered_identity,0.08779761904761905,0.026041666666666664,0.14632936507936506,,,64,64,0,,,,,,,,2000,20261023,False,complete,
retrieval_natural,natural_nau_diagnostic,natural_nau_diagnostic,cpt_pt,Thaana → Latin Dhivehi,decoder_14,,raw_identity,42,,R@1,percent,10.9375,centered_identity,-6.25,-20.3125,6.25,,,64,64,0,,,,,,,,2000,20261023,False,complete,
retrieval_natural,natural_nau_diagnostic,natural_nau_diagnostic,cpt_pt,Thaana → Latin Dhivehi,decoder_14,,raw_identity,42,,R@5,percent,31.25,centered_identity,-25.0,-39.0625,-10.898437500000213,,,64,64,0,,,,,,,,2000,20261023,False,complete,
retrieval_natural,natural_nau_diagnostic,natural_nau_diagnostic,cpt_pt,Thaana → Latin Dhivehi,decoder_14,,raw_identity,42,,MRR,fraction,0.2095202510471173,centered_identity,-0.1089037795999912,-0.22091822484054716,0.007134057132191108,,,64,64,0,,,,,,,,2000,20261023,False,complete,
retrieval_natural,natural_nau_diagnostic,natural_nau_diagnostic,cpt_pt,Thaana → Latin Dhivehi,decoder_14,,raw_identity,42,,FOSCTTM,fraction,0.3335813492063492,centered_identity,0.08779761904761905,0.026041666666666664,0.14632936507936506,,,64,64,0,,,,,,,,2000,20261023,False,complete,
retrieval_natural,natural_nau_diagnostic,natural_nau_diagnostic,cpt_pt,Latin Dhivehi → Thaana,decoder_14,,centered_identity,42,,R@1,percent,32.8125,centered_identity,0.0,,,,,64,64,0,,,,,,,,,,False,complete,
retrieval_natural,natural_nau_diagnostic,natural_nau_diagnostic,cpt_pt,Latin Dhivehi → Thaana,decoder_14,,centered_identity,42,,R@5,percent,65.625,centered_identity,0.0,,,,,64,64,0,,,,,,,,,,False,complete,
retrieval_natural,natural_nau_diagnostic,natural_nau_diagnostic,cpt_pt,Latin Dhivehi → Thaana,decoder_14,,centered_identity,42,,MRR,fraction,0.4588485333315433,centered_identity,0.0,,,,,64,64,0,,,,,,,,,,False,complete,
retrieval_natural,natural_nau_diagnostic,natural_nau_diagnostic,cpt_pt,Latin Dhivehi → Thaana,decoder_14,,centered_identity,42,,FOSCTTM,fraction,0.14310515873015872,centered_identity,0.0,,,,,64,64,0,,,,,,,,,,False,complete,
retrieval_natural,natural_nau_diagnostic,natural_nau_diagnostic,cpt_pt,Thaana → Latin Dhivehi,decoder_14,,centered_identity,42,,R@1,percent,23.4375,centered_identity,0.0,,,,,64,64,0,,,,,,,,,,False,complete,
retrieval_natural,natural_nau_diagnostic,natural_nau_diagnostic,cpt_pt,Thaana → Latin Dhivehi,decoder_14,,centered_identity,42,,R@5,percent,46.875,centered_identity,0.0,,,,,64,64,0,,,,,,,,,,False,complete,
retrieval_natural,natural_nau_diagnostic,natural_nau_diagnostic,cpt_pt,Thaana → Latin Dhivehi,decoder_14,,centered_identity,42,,MRR,fraction,0.36638789133272986,centered_identity,0.0,,,,,64,64,0,,,,,,,,,,False,complete,
retrieval_natural,natural_nau_diagnostic,natural_nau_diagnostic,cpt_pt,Thaana → Latin Dhivehi,decoder_14,,centered_identity,42,,FOSCTTM,fraction,0.21453373015873017,centered_identity,0.0,,,,,64,64,0,,,,,,,,,,False,complete,
retrieval_natural,natural_nau_diagnostic,natural_nau_diagnostic,cpt_pt,Latin Dhivehi → Thaana,decoder_14,,official_wp,42,,R@1,percent,0.0,centered_identity,-32.8125,-43.75,-21.875,,,64,64,0,,,,,,,,2000,20261023,False,complete,
retrieval_natural,natural_nau_diagnostic,natural_nau_diagnostic,cpt_pt,Latin Dhivehi → Thaana,decoder_14,,official_wp,42,,R@5,percent,4.6875,centered_identity,-60.9375,-73.4375,-48.39843750000021,,,64,64,0,,,,,,,,2000,20261023,False,complete,
retrieval_natural,natural_nau_diagnostic,natural_nau_diagnostic,cpt_pt,Latin Dhivehi → Thaana,decoder_14,,official_wp,42,,MRR,fraction,0.05029075263839347,centered_identity,-0.40855778069314985,-0.5064577303073601,-0.3072552529784812,,,64,64,0,,,,,,,,2000,20261023,False,complete,
retrieval_natural,natural_nau_diagnostic,natural_nau_diagnostic,cpt_pt,Latin Dhivehi → Thaana,decoder_14,,official_wp,42,,FOSCTTM,fraction,0.5369543650793651,centered_identity,0.3938492063492064,0.2961185515873016,0.48539806547619035,,,64,64,0,,,,,,,,2000,20261023,False,complete,
retrieval_natural,natural_nau_diagnostic,natural_nau_diagnostic,cpt_pt,Thaana → Latin Dhivehi,decoder_14,,official_wp,42,,R@1,percent,1.5625,centered_identity,-32.8125,-43.75,-21.875,,,64,64,0,,,,,,,,2000,20261023,False,complete,
retrieval_natural,natural_nau_diagnostic,natural_nau_diagnostic,cpt_pt,Thaana → Latin Dhivehi,decoder_14,,official_wp,42,,R@5,percent,4.6875,centered_identity,-60.9375,-73.4375,-48.39843750000021,,,64,64,0,,,,,,,,2000,20261023,False,complete,
retrieval_natural,natural_nau_diagnostic,natural_nau_diagnostic,cpt_pt,Thaana → Latin Dhivehi,decoder_14,,official_wp,42,,MRR,fraction,0.0681774764826025,centered_identity,-0.40855778069314985,-0.5064577303073601,-0.3072552529784812,,,64,64,0,,,,,,,,2000,20261023,False,complete,
retrieval_natural,natural_nau_diagnostic,natural_nau_diagnostic,cpt_pt,Thaana → Latin Dhivehi,decoder_14,,official_wp,42,,FOSCTTM,fraction,0.5178571428571428,centered_identity,0.3938492063492064,0.2961185515873016,0.48539806547619035,,,64,64,0,,,,,,,,2000,20261023,False,complete,
retrieval_natural,natural_nau_diagnostic,natural_nau_diagnostic,cpt_pt,Latin Dhivehi → Thaana,decoder_14,,official_wp,1337,,R@1,percent,1.5625,centered_identity,-31.25,-43.75,-18.75,,,64,64,0,,,,,,,,2000,20261023,False,complete,
retrieval_natural,natural_nau_diagnostic,natural_nau_diagnostic,cpt_pt,Latin Dhivehi → Thaana,decoder_14,,official_wp,1337,,R@5,percent,12.5,centered_identity,-53.125,-65.625,-39.0625,,,64,64,0,,,,,,,,2000,20261023,False,complete,
retrieval_natural,natural_nau_diagnostic,natural_nau_diagnostic,cpt_pt,Latin Dhivehi → Thaana,decoder_14,,official_wp,1337,,MRR,fraction,0.08856537834459297,centered_identity,-0.3702831549869503,-0.4766007177879434,-0.26228717868448503,,,64,64,0,,,,,,,,2000,20261023,False,complete,
retrieval_natural,natural_nau_diagnostic,natural_nau_diagnostic,cpt_pt,Latin Dhivehi → Thaana,decoder_14,,official_wp,1337,,FOSCTTM,fraction,0.45932539682539675,centered_identity,0.3162202380952381,0.2343563988095238,0.3983196924603174,,,64,64,0,,,,,,,,2000,20261023,False,complete,
retrieval_natural,natural_nau_diagnostic,natural_nau_diagnostic,cpt_pt,Thaana → Latin Dhivehi,decoder_14,,official_wp,1337,,R@1,percent,1.5625,centered_identity,-31.25,-43.75,-18.75,,,64,64,0,,,,,,,,2000,20261023,False,complete,
retrieval_natural,natural_nau_diagnostic,natural_nau_diagnostic,cpt_pt,Thaana → Latin Dhivehi,decoder_14,,official_wp,1337,,R@5,percent,7.8125,centered_identity,-53.125,-65.625,-39.0625,,,64,64,0,,,,,,,,2000,20261023,False,complete,
retrieval_natural,natural_nau_diagnostic,natural_nau_diagnostic,cpt_pt,Thaana → Latin Dhivehi,decoder_14,,official_wp,1337,,MRR,fraction,0.07257084938939196,centered_identity,-0.3702831549869503,-0.4766007177879434,-0.26228717868448503,,,64,64,0,,,,,,,,2000,20261023,False,complete,
retrieval_natural,natural_nau_diagnostic,natural_nau_diagnostic,cpt_pt,Thaana → Latin Dhivehi,decoder_14,,official_wp,1337,,FOSCTTM,fraction,0.48784722222222215,centered_identity,0.3162202380952381,0.2343563988095238,0.3983196924603174,,,64,64,0,,,,,,,,2000,20261023,False,complete,
retrieval_natural,natural_nau_diagnostic,natural_nau_diagnostic,cpt_pt,Latin Dhivehi → Thaana,decoder_14,,official_wp,20261010,,R@1,percent,0.0,centered_identity,-32.8125,-43.75,-21.875,,,64,64,0,,,,,,,,2000,20261023,False,complete,
retrieval_natural,natural_nau_diagnostic,natural_nau_diagnostic,cpt_pt,Latin Dhivehi → Thaana,decoder_14,,official_wp,20261010,,R@5,percent,7.8125,centered_identity,-57.8125,-71.875,-42.1875,,,64,64,0,,,,,,,,2000,20261023,False,complete,
retrieval_natural,natural_nau_diagnostic,natural_nau_diagnostic,cpt_pt,Latin Dhivehi → Thaana,decoder_14,,official_wp,20261010,,MRR,fraction,0.0572419190660702,centered_identity,-0.40160661426547306,-0.509422866324065,-0.3070637783371069,,,64,64,0,,,,,,,,2000,20261023,False,complete,
retrieval_natural,natural_nau_diagnostic,natural_nau_diagnostic,cpt_pt,Latin Dhivehi → Thaana,decoder_14,,official_wp,20261010,,FOSCTTM,fraction,0.4930555555555556,centered_identity,0.3499503968253968,0.2504898313492064,0.4437003968253968,,,64,64,0,,,,,,,,2000,20261023,False,complete,
retrieval_natural,natural_nau_diagnostic,natural_nau_diagnostic,cpt_pt,Thaana → Latin Dhivehi,decoder_14,,official_wp,20261010,,R@1,percent,1.5625,centered_identity,-32.8125,-43.75,-21.875,,,64,64,0,,,,,,,,2000,20261023,False,complete,
retrieval_natural,natural_nau_diagnostic,natural_nau_diagnostic,cpt_pt,Thaana → Latin Dhivehi,decoder_14,,official_wp,20261010,,R@5,percent,7.8125,centered_identity,-57.8125,-71.875,-42.1875,,,64,64,0,,,,,,,,2000,20261023,False,complete,
retrieval_natural,natural_nau_diagnostic,natural_nau_diagnostic,cpt_pt,Thaana → Latin Dhivehi,decoder_14,,official_wp,20261010,,MRR,fraction,0.07357769473314787,centered_identity,-0.40160661426547306,-0.509422866324065,-0.3070637783371069,,,64,64,0,,,,,,,,2000,20261023,False,complete,
retrieval_natural,natural_nau_diagnostic,natural_nau_diagnostic,cpt_pt,Thaana → Latin Dhivehi,decoder_14,,official_wp,20261010,,FOSCTTM,fraction,0.5017361111111112,centered_identity,0.3499503968253968,0.2504898313492064,0.4437003968253968,,,64,64,0,,,,,,,,2000,20261023,False,complete,
retrieval_natural,natural_nau_diagnostic,natural_nau_diagnostic,cpt_pt,Latin Dhivehi → Thaana,decoder_14,,anchor_procrustes,42,,R@1,percent,9.375,centered_identity,-23.4375,-35.9375,-10.9375,,,64,64,64,,,,,,,,2000,20261023,False,complete,
retrieval_natural,natural_nau_diagnostic,natural_nau_diagnostic,cpt_pt,Latin Dhivehi → Thaana,decoder_14,,anchor_procrustes,42,,R@5,percent,23.4375,centered_identity,-42.1875,-56.25,-29.6875,,,64,64,64,,,,,,,,2000,20261023,False,complete,
retrieval_natural,natural_nau_diagnostic,natural_nau_diagnostic,cpt_pt,Latin Dhivehi → Thaana,decoder_14,,anchor_procrustes,42,,MRR,fraction,0.18511805691022945,centered_identity,-0.2737304764213138,-0.3764785572615751,-0.17576074205629666,,,64,64,64,,,,,,,,2000,20261023,False,complete,
retrieval_natural,natural_nau_diagnostic,natural_nau_diagnostic,cpt_pt,Latin Dhivehi → Thaana,decoder_14,,anchor_procrustes,42,,FOSCTTM,fraction,0.30084325396825395,centered_identity,0.15773809523809523,0.09523809523809522,0.21951264880952367,,,64,64,64,,,,,,,,2000,20261023,False,complete,
retrieval_natural,natural_nau_diagnostic,natural_nau_diagnostic,cpt_pt,Thaana → Latin Dhivehi,decoder_14,,anchor_procrustes,42,,R@1,percent,3.125,centered_identity,-23.4375,-35.9375,-10.9375,,,64,64,64,,,,,,,,2000,20261023,False,complete,
retrieval_natural,natural_nau_diagnostic,natural_nau_diagnostic,cpt_pt,Thaana → Latin Dhivehi,decoder_14,,anchor_procrustes,42,,R@5,percent,14.0625,centered_identity,-42.1875,-56.25,-29.6875,,,64,64,64,,,,,,,,2000,20261023,False,complete,
retrieval_natural,natural_nau_diagnostic,natural_nau_diagnostic,cpt_pt,Thaana → Latin Dhivehi,decoder_14,,anchor_procrustes,42,,MRR,fraction,0.1015405002635826,centered_identity,-0.2737304764213138,-0.3764785572615751,-0.17576074205629666,,,64,64,64,,,,,,,,2000,20261023,False,complete,
retrieval_natural,natural_nau_diagnostic,natural_nau_diagnostic,cpt_pt,Thaana → Latin Dhivehi,decoder_14,,anchor_procrustes,42,,FOSCTTM,fraction,0.43105158730158727,centered_identity,0.15773809523809523,0.09523809523809522,0.21951264880952367,,,64,64,64,,,,,,,,2000,20261023,False,complete,
retrieval_natural,natural_nau_diagnostic,natural_nau_diagnostic,cpt_pt,Latin Dhivehi → Thaana,decoder_14,,anchor_identity_regularized,42,,R@1,percent,31.25,centered_identity,-1.5625,-10.9375,7.8125,,,64,64,64,,,,,,,,2000,20261023,False,complete,
retrieval_natural,natural_nau_diagnostic,natural_nau_diagnostic,cpt_pt,Latin Dhivehi → Thaana,decoder_14,,anchor_identity_regularized,42,,R@5,percent,59.375,centered_identity,-6.25,-15.625,3.125,,,64,64,64,,,,,,,,2000,20261023,False,complete,
retrieval_natural,natural_nau_diagnostic,natural_nau_diagnostic,cpt_pt,Latin Dhivehi → Thaana,decoder_14,,anchor_identity_regularized,42,,MRR,fraction,0.42836182512438603,centered_identity,-0.030486708207157258,-0.09868559707015064,0.03612766219283598,,,64,64,64,,,,,,,,2000,20261023,False,complete,
retrieval_natural,natural_nau_diagnostic,natural_nau_diagnostic,cpt_pt,Latin Dhivehi → Thaana,decoder_14,,anchor_identity_regularized,42,,FOSCTTM,fraction,0.14285714285714285,centered_identity,-0.00024801587301587474,-0.01984747023809524,0.01810515873015873,,,64,64,64,,,,,,,,2000,20261023,False,complete,
retrieval_natural,natural_nau_diagnostic,natural_nau_diagnostic,cpt_pt,Thaana → Latin Dhivehi,decoder_14,,anchor_identity_regularized,42,,R@1,percent,21.875,centered_identity,-1.5625,-10.9375,7.8125,,,64,64,64,,,,,,,,2000,20261023,False,complete,
retrieval_natural,natural_nau_diagnostic,natural_nau_diagnostic,cpt_pt,Thaana → Latin Dhivehi,decoder_14,,anchor_identity_regularized,42,,R@5,percent,37.5,centered_identity,-6.25,-15.625,3.125,,,64,64,64,,,,,,,,2000,20261023,False,complete,
retrieval_natural,natural_nau_diagnostic,natural_nau_diagnostic,cpt_pt,Thaana → Latin Dhivehi,decoder_14,,anchor_identity_regularized,42,,MRR,fraction,0.31286910352988434,centered_identity,-0.030486708207157258,-0.09868559707015064,0.03612766219283598,,,64,64,64,,,,,,,,2000,20261023,False,complete,
retrieval_natural,natural_nau_diagnostic,natural_nau_diagnostic,cpt_pt,Thaana → Latin Dhivehi,decoder_14,,anchor_identity_regularized,42,,FOSCTTM,fraction,0.24231150793650794,centered_identity,-0.00024801587301587474,-0.01984747023809524,0.01810515873015873,,,64,64,64,,,,,,,,2000,20261023,False,complete,
retrieval_natural,natural_nau_diagnostic,natural_nau_diagnostic,cpt_pt,Latin Dhivehi → Thaana,decoder_14,,anchor_shuffled_identity_regularized,42,,R@1,percent,28.125,centered_identity,-4.6875,-14.0625,4.6875,,,64,64,64,,,,,,,,2000,20261023,False,complete,
retrieval_natural,natural_nau_diagnostic,natural_nau_diagnostic,cpt_pt,Latin Dhivehi → Thaana,decoder_14,,anchor_shuffled_identity_regularized,42,,R@5,percent,54.6875,centered_identity,-10.9375,-21.875,0.0,,,64,64,64,,,,,,,,2000,20261023,False,complete,
retrieval_natural,natural_nau_diagnostic,natural_nau_diagnostic,cpt_pt,Latin Dhivehi → Thaana,decoder_14,,anchor_shuffled_identity_regularized,42,,MRR,fraction,0.39508342088520454,centered_identity,-0.06376511244633876,-0.1423474039028852,0.0071710198666756955,,,64,64,64,,,,,,,,2000,20261023,False,complete,
retrieval_natural,natural_nau_diagnostic,natural_nau_diagnostic,cpt_pt,Latin Dhivehi → Thaana,decoder_14,,anchor_shuffled_identity_regularized,42,,FOSCTTM,fraction,0.16443452380952378,centered_identity,0.021329365079365083,-0.010912698412698412,0.062010168650793625,,,64,64,64,,,,,,,,2000,20261023,False,complete,
retrieval_natural,natural_nau_diagnostic,natural_nau_diagnostic,cpt_pt,Thaana → Latin Dhivehi,decoder_14,,anchor_shuffled_identity_regularized,42,,R@1,percent,18.75,centered_identity,-4.6875,-14.0625,4.6875,,,64,64,64,,,,,,,,2000,20261023,False,complete,
retrieval_natural,natural_nau_diagnostic,natural_nau_diagnostic,cpt_pt,Thaana → Latin Dhivehi,decoder_14,,anchor_shuffled_identity_regularized,42,,R@5,percent,45.3125,centered_identity,-10.9375,-21.875,0.0,,,64,64,64,,,,,,,,2000,20261023,False,complete,
retrieval_natural,natural_nau_diagnostic,natural_nau_diagnostic,cpt_pt,Thaana → Latin Dhivehi,decoder_14,,anchor_shuffled_identity_regularized,42,,MRR,fraction,0.31928645081449414,centered_identity,-0.06376511244633876,-0.1423474039028852,0.0071710198666756955,,,64,64,64,,,,,,,,2000,20261023,False,complete,
retrieval_natural,natural_nau_diagnostic,natural_nau_diagnostic,cpt_pt,Thaana → Latin Dhivehi,decoder_14,,anchor_shuffled_identity_regularized,42,,FOSCTTM,fraction,0.22172619047619047,centered_identity,0.021329365079365083,-0.010912698412698412,0.062010168650793625,,,64,64,64,,,,,,,,2000,20261023,False,complete,
retrieval_natural,natural_nau_diagnostic,natural_nau_diagnostic,cpt_pt,Latin Dhivehi → Thaana,decoder_14,,official_wp,mean,,R@1,percent,0.5208333333333333,,,,,,,64,64,0,,,,,,,,,,False,complete; descriptive mean over three saved seeds,complete
retrieval_natural,natural_nau_diagnostic,natural_nau_diagnostic,cpt_pt,Latin Dhivehi → Thaana,decoder_14,,official_wp,mean,,R@5,percent,8.333333333333332,,,,,,,64,64,0,,,,,,,,,,False,complete; descriptive mean over three saved seeds,complete
retrieval_natural,natural_nau_diagnostic,natural_nau_diagnostic,cpt_pt,Latin Dhivehi → Thaana,decoder_14,,official_wp,mean,,MRR,fraction,0.06536601668301888,,,,,,,64,64,0,,,,,,,,,,False,complete; descriptive mean over three saved seeds,complete
retrieval_natural,natural_nau_diagnostic,natural_nau_diagnostic,cpt_pt,Latin Dhivehi → Thaana,decoder_14,,official_wp,mean,,FOSCTTM,fraction,0.4964451058201058,,,,,,,64,64,0,,,,,,,,,,False,complete; descriptive mean over three saved seeds,complete
retrieval_natural,natural_nau_diagnostic,natural_nau_diagnostic,cpt_pt,Thaana → Latin Dhivehi,decoder_14,,official_wp,mean,,R@1,percent,1.5625,,,,,,,64,64,0,,,,,,,,,,False,complete; descriptive mean over three saved seeds,complete
retrieval_natural,natural_nau_diagnostic,natural_nau_diagnostic,cpt_pt,Thaana → Latin Dhivehi,decoder_14,,official_wp,mean,,R@5,percent,6.770833333333333,,,,,,,64,64,0,,,,,,,,,,False,complete; descriptive mean over three saved seeds,complete
retrieval_natural,natural_nau_diagnostic,natural_nau_diagnostic,cpt_pt,Thaana → Latin Dhivehi,decoder_14,,official_wp,mean,,MRR,fraction,0.07144200686838077,,,,,,,64,64,0,,,,,,,,,,False,complete; descriptive mean over three saved seeds,complete
retrieval_natural,natural_nau_diagnostic,natural_nau_diagnostic,cpt_pt,Thaana → Latin Dhivehi,decoder_14,,official_wp,mean,,FOSCTTM,fraction,0.5024801587301587,,,,,,,64,64,0,,,,,,,,,,False,complete; descriptive mean over three saved seeds,complete
retrieval_natural,natural_nau_diagnostic,natural_nau_diagnostic,stock_it,Latin Dhivehi → Thaana,decoder_09,,raw_identity,42,,R@1,percent,9.375,centered_identity,-25.0,-35.9375,-14.0625,,,64,64,0,,,,,,,,2000,20261023,False,complete,
retrieval_natural,natural_nau_diagnostic,natural_nau_diagnostic,stock_it,Latin Dhivehi → Thaana,decoder_09,,raw_identity,42,,R@5,percent,28.125,centered_identity,-29.6875,-40.625,-18.75,,,64,64,0,,,,,,,,2000,20261023,False,complete,
retrieval_natural,natural_nau_diagnostic,natural_nau_diagnostic,stock_it,Latin Dhivehi → Thaana,decoder_09,,raw_identity,42,,MRR,fraction,0.1966208928365758,centered_identity,-0.27623233569574696,-0.36330963784035974,-0.18320105857912355,,,64,64,0,,,,,,,,2000,20261023,False,complete,
retrieval_natural,natural_nau_diagnostic,natural_nau_diagnostic,stock_it,Latin Dhivehi → Thaana,decoder_09,,raw_identity,42,,FOSCTTM,fraction,0.283234126984127,centered_identity,0.15079365079365079,0.09968998015873014,0.20337301587301587,,,64,64,0,,,,,,,,2000,20261023,False,complete,
retrieval_natural,natural_nau_diagnostic,natural_nau_diagnostic,stock_it,Thaana → Latin Dhivehi,decoder_09,,raw_identity,42,,R@1,percent,12.5,centered_identity,-25.0,-35.9375,-14.0625,,,64,64,0,,,,,,,,2000,20261023,False,complete,
retrieval_natural,natural_nau_diagnostic,natural_nau_diagnostic,stock_it,Thaana → Latin Dhivehi,decoder_09,,raw_identity,42,,R@5,percent,34.375,centered_identity,-29.6875,-40.625,-18.75,,,64,64,0,,,,,,,,2000,20261023,False,complete,
retrieval_natural,natural_nau_diagnostic,natural_nau_diagnostic,stock_it,Thaana → Latin Dhivehi,decoder_09,,raw_identity,42,,MRR,fraction,0.2314486663929125,centered_identity,-0.27623233569574696,-0.36330963784035974,-0.18320105857912355,,,64,64,0,,,,,,,,2000,20261023,False,complete,
retrieval_natural,natural_nau_diagnostic,natural_nau_diagnostic,stock_it,Thaana → Latin Dhivehi,decoder_09,,raw_identity,42,,FOSCTTM,fraction,0.3127480158730158,centered_identity,0.15079365079365079,0.09968998015873014,0.20337301587301587,,,64,64,0,,,,,,,,2000,20261023,False,complete,
retrieval_natural,natural_nau_diagnostic,natural_nau_diagnostic,stock_it,Latin Dhivehi → Thaana,decoder_09,,centered_identity,42,,R@1,percent,34.375,centered_identity,0.0,,,,,64,64,0,,,,,,,,,,False,complete,
retrieval_natural,natural_nau_diagnostic,natural_nau_diagnostic,stock_it,Latin Dhivehi → Thaana,decoder_09,,centered_identity,42,,R@5,percent,57.8125,centered_identity,0.0,,,,,64,64,0,,,,,,,,,,False,complete,
retrieval_natural,natural_nau_diagnostic,natural_nau_diagnostic,stock_it,Latin Dhivehi → Thaana,decoder_09,,centered_identity,42,,MRR,fraction,0.47285322853232276,centered_identity,0.0,,,,,64,64,0,,,,,,,,,,False,complete,
retrieval_natural,natural_nau_diagnostic,natural_nau_diagnostic,stock_it,Latin Dhivehi → Thaana,decoder_09,,centered_identity,42,,FOSCTTM,fraction,0.13244047619047616,centered_identity,0.0,,,,,64,64,0,,,,,,,,,,False,complete,
retrieval_natural,natural_nau_diagnostic,natural_nau_diagnostic,stock_it,Thaana → Latin Dhivehi,decoder_09,,centered_identity,42,,R@1,percent,23.4375,centered_identity,0.0,,,,,64,64,0,,,,,,,,,,False,complete,
retrieval_natural,natural_nau_diagnostic,natural_nau_diagnostic,stock_it,Thaana → Latin Dhivehi,decoder_09,,centered_identity,42,,R@5,percent,43.75,centered_identity,0.0,,,,,64,64,0,,,,,,,,,,False,complete,
retrieval_natural,natural_nau_diagnostic,natural_nau_diagnostic,stock_it,Thaana → Latin Dhivehi,decoder_09,,centered_identity,42,,MRR,fraction,0.3561388742875648,centered_identity,0.0,,,,,64,64,0,,,,,,,,,,False,complete,
retrieval_natural,natural_nau_diagnostic,natural_nau_diagnostic,stock_it,Thaana → Latin Dhivehi,decoder_09,,centered_identity,42,,FOSCTTM,fraction,0.22123015873015872,centered_identity,0.0,,,,,64,64,0,,,,,,,,,,False,complete,
retrieval_natural,natural_nau_diagnostic,natural_nau_diagnostic,stock_it,Latin Dhivehi → Thaana,decoder_09,,official_wp,42,,R@1,percent,4.6875,centered_identity,-29.6875,-42.1875,-17.1875,,,64,64,0,,,,,,,,2000,20261023,False,complete,
retrieval_natural,natural_nau_diagnostic,natural_nau_diagnostic,stock_it,Latin Dhivehi → Thaana,decoder_09,,official_wp,42,,R@5,percent,12.5,centered_identity,-45.3125,-59.375,-31.25,,,64,64,0,,,,,,,,2000,20261023,False,complete,
retrieval_natural,natural_nau_diagnostic,natural_nau_diagnostic,stock_it,Latin Dhivehi → Thaana,decoder_09,,official_wp,42,,MRR,fraction,0.10846761435302965,centered_identity,-0.36438561417929316,-0.4827780558258852,-0.2508555830536785,,,64,64,0,,,,,,,,2000,20261023,False,complete,
retrieval_natural,natural_nau_diagnostic,natural_nau_diagnostic,stock_it,Latin Dhivehi → Thaana,decoder_09,,official_wp,42,,FOSCTTM,fraction,0.4573412698412699,centered_identity,0.3249007936507936,0.23931671626984127,0.4122085813492063,,,64,64,0,,,,,,,,2000,20261023,False,complete,
retrieval_natural,natural_nau_diagnostic,natural_nau_diagnostic,stock_it,Thaana → Latin Dhivehi,decoder_09,,official_wp,42,,R@1,percent,4.6875,centered_identity,-29.6875,-42.1875,-17.1875,,,64,64,0,,,,,,,,2000,20261023,False,complete,
retrieval_natural,natural_nau_diagnostic,natural_nau_diagnostic,stock_it,Thaana → Latin Dhivehi,decoder_09,,official_wp,42,,R@5,percent,10.9375,centered_identity,-45.3125,-59.375,-31.25,,,64,64,0,,,,,,,,2000,20261023,False,complete,
retrieval_natural,natural_nau_diagnostic,natural_nau_diagnostic,stock_it,Thaana → Latin Dhivehi,decoder_09,,official_wp,42,,MRR,fraction,0.10954332918571949,centered_identity,-0.36438561417929316,-0.4827780558258852,-0.2508555830536785,,,64,64,0,,,,,,,,2000,20261023,False,complete,
retrieval_natural,natural_nau_diagnostic,natural_nau_diagnostic,stock_it,Thaana → Latin Dhivehi,decoder_09,,official_wp,42,,FOSCTTM,fraction,0.45709325396825395,centered_identity,0.3249007936507936,0.23931671626984127,0.4122085813492063,,,64,64,0,,,,,,,,2000,20261023,False,complete,
retrieval_natural,natural_nau_diagnostic,natural_nau_diagnostic,stock_it,Latin Dhivehi → Thaana,decoder_09,,official_wp,1337,,R@1,percent,0.0,centered_identity,-34.375,-46.875,-23.4375,,,64,64,0,,,,,,,,2000,20261023,False,complete,
retrieval_natural,natural_nau_diagnostic,natural_nau_diagnostic,stock_it,Latin Dhivehi → Thaana,decoder_09,,official_wp,1337,,R@5,percent,4.6875,centered_identity,-53.125,-67.1875,-39.0625,,,64,64,0,,,,,,,,2000,20261023,False,complete,
retrieval_natural,natural_nau_diagnostic,natural_nau_diagnostic,stock_it,Latin Dhivehi → Thaana,decoder_09,,official_wp,1337,,MRR,fraction,0.06516773612143173,centered_identity,-0.407685492410891,-0.5099832075662212,-0.3068677688881665,,,64,64,0,,,,,,,,2000,20261023,False,complete,
retrieval_natural,natural_nau_diagnostic,natural_nau_diagnostic,stock_it,Latin Dhivehi → Thaana,decoder_09,,official_wp,1337,,FOSCTTM,fraction,0.47371031746031744,centered_identity,0.3412698412698413,0.2621527777777778,0.41915922619047613,,,64,64,0,,,,,,,,2000,20261023,False,complete,
retrieval_natural,natural_nau_diagnostic,natural_nau_diagnostic,stock_it,Thaana → Latin Dhivehi,decoder_09,,official_wp,1337,,R@1,percent,1.5625,centered_identity,-34.375,-46.875,-23.4375,,,64,64,0,,,,,,,,2000,20261023,False,complete,
retrieval_natural,natural_nau_diagnostic,natural_nau_diagnostic,stock_it,Thaana → Latin Dhivehi,decoder_09,,official_wp,1337,,R@5,percent,9.375,centered_identity,-53.125,-67.1875,-39.0625,,,64,64,0,,,,,,,,2000,20261023,False,complete,
retrieval_natural,natural_nau_diagnostic,natural_nau_diagnostic,stock_it,Thaana → Latin Dhivehi,decoder_09,,official_wp,1337,,MRR,fraction,0.07494259783531895,centered_identity,-0.407685492410891,-0.5099832075662212,-0.3068677688881665,,,64,64,0,,,,,,,,2000,20261023,False,complete,
retrieval_natural,natural_nau_diagnostic,natural_nau_diagnostic,stock_it,Thaana → Latin Dhivehi,decoder_09,,official_wp,1337,,FOSCTTM,fraction,0.4965277777777778,centered_identity,0.3412698412698413,0.2621527777777778,0.41915922619047613,,,64,64,0,,,,,,,,2000,20261023,False,complete,
retrieval_natural,natural_nau_diagnostic,natural_nau_diagnostic,stock_it,Latin Dhivehi → Thaana,decoder_09,,official_wp,20261010,,R@1,percent,0.0,centered_identity,-34.375,-46.875,-23.4375,,,64,64,0,,,,,,,,2000,20261023,False,complete,
retrieval_natural,natural_nau_diagnostic,natural_nau_diagnostic,stock_it,Latin Dhivehi → Thaana,decoder_09,,official_wp,20261010,,R@5,percent,4.6875,centered_identity,-53.125,-67.1875,-37.5,,,64,64,0,,,,,,,,2000,20261023,False,complete,
retrieval_natural,natural_nau_diagnostic,natural_nau_diagnostic,stock_it,Latin Dhivehi → Thaana,decoder_09,,official_wp,20261010,,MRR,fraction,0.05539840080557528,centered_identity,-0.41745482772674747,-0.5180182613712554,-0.313345728923422,,,64,64,0,,,,,,,,2000,20261023,False,complete,
retrieval_natural,natural_nau_diagnostic,natural_nau_diagnostic,stock_it,Latin Dhivehi → Thaana,decoder_09,,official_wp,20261010,,FOSCTTM,fraction,0.5451388888888888,centered_identity,0.4126984126984127,0.3226624503968254,0.49876612103174595,,,64,64,0,,,,,,,,2000,20261023,False,complete,
retrieval_natural,natural_nau_diagnostic,natural_nau_diagnostic,stock_it,Thaana → Latin Dhivehi,decoder_09,,official_wp,20261010,,R@1,percent,1.5625,centered_identity,-34.375,-46.875,-23.4375,,,64,64,0,,,,,,,,2000,20261023,False,complete,
retrieval_natural,natural_nau_diagnostic,natural_nau_diagnostic,stock_it,Thaana → Latin Dhivehi,decoder_09,,official_wp,20261010,,R@5,percent,7.8125,centered_identity,-53.125,-67.1875,-37.5,,,64,64,0,,,,,,,,2000,20261023,False,complete,
retrieval_natural,natural_nau_diagnostic,natural_nau_diagnostic,stock_it,Thaana → Latin Dhivehi,decoder_09,,official_wp,20261010,,MRR,fraction,0.07285824793588716,centered_identity,-0.41745482772674747,-0.5180182613712554,-0.313345728923422,,,64,64,0,,,,,,,,2000,20261023,False,complete,
retrieval_natural,natural_nau_diagnostic,natural_nau_diagnostic,stock_it,Thaana → Latin Dhivehi,decoder_09,,official_wp,20261010,,FOSCTTM,fraction,0.5220734126984127,centered_identity,0.4126984126984127,0.3226624503968254,0.49876612103174595,,,64,64,0,,,,,,,,2000,20261023,False,complete,
retrieval_natural,natural_nau_diagnostic,natural_nau_diagnostic,stock_it,Latin Dhivehi → Thaana,decoder_09,,anchor_procrustes,42,,R@1,percent,10.9375,centered_identity,-23.4375,-37.5,-7.8125,,,64,64,64,,,,,,,,2000,20261023,False,complete,
retrieval_natural,natural_nau_diagnostic,natural_nau_diagnostic,stock_it,Latin Dhivehi → Thaana,decoder_09,,anchor_procrustes,42,,R@5,percent,28.125,centered_identity,-29.6875,-45.3125,-14.0625,,,64,64,64,,,,,,,,2000,20261023,False,complete,
retrieval_natural,natural_nau_diagnostic,natural_nau_diagnostic,stock_it,Latin Dhivehi → Thaana,decoder_09,,anchor_procrustes,42,,MRR,fraction,0.1992258852075024,centered_identity,-0.2736273433248204,-0.3999018319706686,-0.1474323639568526,,,64,64,64,,,,,,,,2000,20261023,False,complete,
retrieval_natural,natural_nau_diagnostic,natural_nau_diagnostic,stock_it,Latin Dhivehi → Thaana,decoder_09,,anchor_procrustes,42,,FOSCTTM,fraction,0.26438492063492064,centered_identity,0.13194444444444445,0.06696428571428571,0.19593253968253965,,,64,64,64,,,,,,,,2000,20261023,False,complete,
retrieval_natural,natural_nau_diagnostic,natural_nau_diagnostic,stock_it,Thaana → Latin Dhivehi,decoder_09,,anchor_procrustes,42,,R@1,percent,6.25,centered_identity,-23.4375,-37.5,-7.8125,,,64,64,64,,,,,,,,2000,20261023,False,complete,
retrieval_natural,natural_nau_diagnostic,natural_nau_diagnostic,stock_it,Thaana → Latin Dhivehi,decoder_09,,anchor_procrustes,42,,R@5,percent,26.5625,centered_identity,-29.6875,-45.3125,-14.0625,,,64,64,64,,,,,,,,2000,20261023,False,complete,
retrieval_natural,natural_nau_diagnostic,natural_nau_diagnostic,stock_it,Thaana → Latin Dhivehi,decoder_09,,anchor_procrustes,42,,MRR,fraction,0.1805057746441575,centered_identity,-0.2736273433248204,-0.3999018319706686,-0.1474323639568526,,,64,64,64,,,,,,,,2000,20261023,False,complete,
retrieval_natural,natural_nau_diagnostic,natural_nau_diagnostic,stock_it,Thaana → Latin Dhivehi,decoder_09,,anchor_procrustes,42,,FOSCTTM,fraction,0.2936507936507936,centered_identity,0.13194444444444445,0.06696428571428571,0.19593253968253965,,,64,64,64,,,,,,,,2000,20261023,False,complete,
retrieval_natural,natural_nau_diagnostic,natural_nau_diagnostic,stock_it,Latin Dhivehi → Thaana,decoder_09,,anchor_identity_regularized,42,,R@1,percent,34.375,centered_identity,0.0,-9.375,9.375,,,64,64,64,,,,,,,,2000,20261023,False,complete,
retrieval_natural,natural_nau_diagnostic,natural_nau_diagnostic,stock_it,Latin Dhivehi → Thaana,decoder_09,,anchor_identity_regularized,42,,R@5,percent,62.5,centered_identity,4.6875,-4.6875,14.0625,,,64,64,64,,,,,,,,2000,20261023,False,complete,
retrieval_natural,natural_nau_diagnostic,natural_nau_diagnostic,stock_it,Latin Dhivehi → Thaana,decoder_09,,anchor_identity_regularized,42,,MRR,fraction,0.48880861503136075,centered_identity,0.015955386499037934,-0.04300562159792824,0.07137969576533619,,,64,64,64,,,,,,,,2000,20261023,False,complete,
retrieval_natural,natural_nau_diagnostic,natural_nau_diagnostic,stock_it,Latin Dhivehi → Thaana,decoder_09,,anchor_identity_regularized,42,,FOSCTTM,fraction,0.11359126984126983,centered_identity,-0.01884920634920635,-0.040928819444444445,0.0012400793650793641,,,64,64,64,,,,,,,,2000,20261023,False,complete,
retrieval_natural,natural_nau_diagnostic,natural_nau_diagnostic,stock_it,Thaana → Latin Dhivehi,decoder_09,,anchor_identity_regularized,42,,R@1,percent,39.0625,centered_identity,0.0,-9.375,9.375,,,64,64,64,,,,,,,,2000,20261023,False,complete,
retrieval_natural,natural_nau_diagnostic,natural_nau_diagnostic,stock_it,Thaana → Latin Dhivehi,decoder_09,,anchor_identity_regularized,42,,R@5,percent,54.6875,centered_identity,4.6875,-4.6875,14.0625,,,64,64,64,,,,,,,,2000,20261023,False,complete,
retrieval_natural,natural_nau_diagnostic,natural_nau_diagnostic,stock_it,Thaana → Latin Dhivehi,decoder_09,,anchor_identity_regularized,42,,MRR,fraction,0.47859617356792666,centered_identity,0.015955386499037934,-0.04300562159792824,0.07137969576533619,,,64,64,64,,,,,,,,2000,20261023,False,complete,
retrieval_natural,natural_nau_diagnostic,natural_nau_diagnostic,stock_it,Thaana → Latin Dhivehi,decoder_09,,anchor_identity_regularized,42,,FOSCTTM,fraction,0.17038690476190477,centered_identity,-0.01884920634920635,-0.040928819444444445,0.0012400793650793641,,,64,64,64,,,,,,,,2000,20261023,False,complete,
retrieval_natural,natural_nau_diagnostic,natural_nau_diagnostic,stock_it,Latin Dhivehi → Thaana,decoder_09,,anchor_shuffled_identity_regularized,42,,R@1,percent,42.1875,centered_identity,7.8125,-3.125,18.75,,,64,64,64,,,,,,,,2000,20261023,False,complete,
retrieval_natural,natural_nau_diagnostic,natural_nau_diagnostic,stock_it,Latin Dhivehi → Thaana,decoder_09,,anchor_shuffled_identity_regularized,42,,R@5,percent,57.8125,centered_identity,0.0,-9.375,9.375,,,64,64,64,,,,,,,,2000,20261023,False,complete,
retrieval_natural,natural_nau_diagnostic,natural_nau_diagnostic,stock_it,Latin Dhivehi → Thaana,decoder_09,,anchor_shuffled_identity_regularized,42,,MRR,fraction,0.5163792701262512,centered_identity,0.043526041593928394,-0.0320274302860209,0.12055419420523088,,,64,64,64,,,,,,,,2000,20261023,False,complete,
retrieval_natural,natural_nau_diagnostic,natural_nau_diagnostic,stock_it,Latin Dhivehi → Thaana,decoder_09,,anchor_shuffled_identity_regularized,42,,FOSCTTM,fraction,0.14037698412698413,centered_identity,0.007936507936507941,-0.020591517857142853,0.03745039682539682,,,64,64,64,,,,,,,,2000,20261023,False,complete,
retrieval_natural,natural_nau_diagnostic,natural_nau_diagnostic,stock_it,Thaana → Latin Dhivehi,decoder_09,,anchor_shuffled_identity_regularized,42,,R@1,percent,26.5625,centered_identity,7.8125,-3.125,18.75,,,64,64,64,,,,,,,,2000,20261023,False,complete,
retrieval_natural,natural_nau_diagnostic,natural_nau_diagnostic,stock_it,Thaana → Latin Dhivehi,decoder_09,,anchor_shuffled_identity_regularized,42,,R@5,percent,51.5625,centered_identity,0.0,-9.375,9.375,,,64,64,64,,,,,,,,2000,20261023,False,complete,
retrieval_natural,natural_nau_diagnostic,natural_nau_diagnostic,stock_it,Thaana → Latin Dhivehi,decoder_09,,anchor_shuffled_identity_regularized,42,,MRR,fraction,0.37364775947252604,centered_identity,0.043526041593928394,-0.0320274302860209,0.12055419420523088,,,64,64,64,,,,,,,,2000,20261023,False,complete,
retrieval_natural,natural_nau_diagnostic,natural_nau_diagnostic,stock_it,Thaana → Latin Dhivehi,decoder_09,,anchor_shuffled_identity_regularized,42,,FOSCTTM,fraction,0.18055555555555552,centered_identity,0.007936507936507941,-0.020591517857142853,0.03745039682539682,,,64,64,64,,,,,,,,2000,20261023,False,complete,
retrieval_natural,natural_nau_diagnostic,natural_nau_diagnostic,stock_it,Latin Dhivehi → Thaana,decoder_09,,official_wp,mean,,R@1,percent,1.5625,,,,,,,64,64,0,,,,,,,,,,False,complete; descriptive mean over three saved seeds,complete
retrieval_natural,natural_nau_diagnostic,natural_nau_diagnostic,stock_it,Latin Dhivehi → Thaana,decoder_09,,official_wp,mean,,R@5,percent,7.291666666666667,,,,,,,64,64,0,,,,,,,,,,False,complete; descriptive mean over three saved seeds,complete
retrieval_natural,natural_nau_diagnostic,natural_nau_diagnostic,stock_it,Latin Dhivehi → Thaana,decoder_09,,official_wp,mean,,MRR,fraction,0.07634458376001223,,,,,,,64,64,0,,,,,,,,,,False,complete; descriptive mean over three saved seeds,complete
retrieval_natural,natural_nau_diagnostic,natural_nau_diagnostic,stock_it,Latin Dhivehi → Thaana,decoder_09,,official_wp,mean,,FOSCTTM,fraction,0.4920634920634921,,,,,,,64,64,0,,,,,,,,,,False,complete; descriptive mean over three saved seeds,complete
retrieval_natural,natural_nau_diagnostic,natural_nau_diagnostic,stock_it,Thaana → Latin Dhivehi,decoder_09,,official_wp,mean,,R@1,percent,2.604166666666667,,,,,,,64,64,0,,,,,,,,,,False,complete; descriptive mean over three saved seeds,complete
retrieval_natural,natural_nau_diagnostic,natural_nau_diagnostic,stock_it,Thaana → Latin Dhivehi,decoder_09,,official_wp,mean,,R@5,percent,9.375,,,,,,,64,64,0,,,,,,,,,,False,complete; descriptive mean over three saved seeds,complete
retrieval_natural,natural_nau_diagnostic,natural_nau_diagnostic,stock_it,Thaana → Latin Dhivehi,decoder_09,,official_wp,mean,,MRR,fraction,0.08578139165230854,,,,,,,64,64,0,,,,,,,,,,False,complete; descriptive mean over three saved seeds,complete
retrieval_natural,natural_nau_diagnostic,natural_nau_diagnostic,stock_it,Thaana → Latin Dhivehi,decoder_09,,official_wp,mean,,FOSCTTM,fraction,0.49189814814814814,,,,,,,64,64,0,,,,,,,,,,False,complete; descriptive mean over three saved seeds,complete
retrieval_natural,natural_nau_diagnostic,natural_nau_diagnostic,stock_it,Latin Dhivehi → Thaana,decoder_14,,raw_identity,42,,R@1,percent,4.6875,centered_identity,-15.625,-26.5625,-6.25,,,64,64,0,,,,,,,,2000,20261023,False,complete,
retrieval_natural,natural_nau_diagnostic,natural_nau_diagnostic,stock_it,Latin Dhivehi → Thaana,decoder_14,,raw_identity,42,,R@5,percent,21.875,centered_identity,-25.0,-37.5,-14.0625,,,64,64,0,,,,,,,,2000,20261023,False,complete,
retrieval_natural,natural_nau_diagnostic,natural_nau_diagnostic,stock_it,Latin Dhivehi → Thaana,decoder_14,,raw_identity,42,,MRR,fraction,0.14453109125830643,centered_identity,-0.17508095087353745,-0.25581850655056443,-0.09730603851519029,,,64,64,0,,,,,,,,2000,20261023,False,complete,
retrieval_natural,natural_nau_diagnostic,natural_nau_diagnostic,stock_it,Latin Dhivehi → Thaana,decoder_14,,raw_identity,42,,FOSCTTM,fraction,0.3774801587301587,centered_identity,0.1884920634920635,0.12747395833333333,0.25025421626984123,,,64,64,0,,,,,,,,2000,20261023,False,complete,
retrieval_natural,natural_nau_diagnostic,natural_nau_diagnostic,stock_it,Thaana → Latin Dhivehi,decoder_14,,raw_identity,42,,R@1,percent,10.9375,centered_identity,-15.625,-26.5625,-6.25,,,64,64,0,,,,,,,,2000,20261023,False,complete,
retrieval_natural,natural_nau_diagnostic,natural_nau_diagnostic,stock_it,Thaana → Latin Dhivehi,decoder_14,,raw_identity,42,,R@5,percent,25.0,centered_identity,-25.0,-37.5,-14.0625,,,64,64,0,,,,,,,,2000,20261023,False,complete,
retrieval_natural,natural_nau_diagnostic,natural_nau_diagnostic,stock_it,Thaana → Latin Dhivehi,decoder_14,,raw_identity,42,,MRR,fraction,0.19871355363071302,centered_identity,-0.17508095087353745,-0.25581850655056443,-0.09730603851519029,,,64,64,0,,,,,,,,2000,20261023,False,complete,
retrieval_natural,natural_nau_diagnostic,natural_nau_diagnostic,stock_it,Thaana → Latin Dhivehi,decoder_14,,raw_identity,42,,FOSCTTM,fraction,0.3405257936507936,centered_identity,0.1884920634920635,0.12747395833333333,0.25025421626984123,,,64,64,0,,,,,,,,2000,20261023,False,complete,
retrieval_natural,natural_nau_diagnostic,natural_nau_diagnostic,stock_it,Latin Dhivehi → Thaana,decoder_14,,centered_identity,42,,R@1,percent,20.3125,centered_identity,0.0,,,,,64,64,0,,,,,,,,,,False,complete,
retrieval_natural,natural_nau_diagnostic,natural_nau_diagnostic,stock_it,Latin Dhivehi → Thaana,decoder_14,,centered_identity,42,,R@5,percent,46.875,centered_identity,0.0,,,,,64,64,0,,,,,,,,,,False,complete,
retrieval_natural,natural_nau_diagnostic,natural_nau_diagnostic,stock_it,Latin Dhivehi → Thaana,decoder_14,,centered_identity,42,,MRR,fraction,0.3196120421318439,centered_identity,0.0,,,,,64,64,0,,,,,,,,,,False,complete,
retrieval_natural,natural_nau_diagnostic,natural_nau_diagnostic,stock_it,Latin Dhivehi → Thaana,decoder_14,,centered_identity,42,,FOSCTTM,fraction,0.18898809523809523,centered_identity,0.0,,,,,64,64,0,,,,,,,,,,False,complete,
retrieval_natural,natural_nau_diagnostic,natural_nau_diagnostic,stock_it,Thaana → Latin Dhivehi,decoder_14,,centered_identity,42,,R@1,percent,15.625,centered_identity,0.0,,,,,64,64,0,,,,,,,,,,False,complete,
retrieval_natural,natural_nau_diagnostic,natural_nau_diagnostic,stock_it,Thaana → Latin Dhivehi,decoder_14,,centered_identity,42,,R@5,percent,35.9375,centered_identity,0.0,,,,,64,64,0,,,,,,,,,,False,complete,
retrieval_natural,natural_nau_diagnostic,natural_nau_diagnostic,stock_it,Thaana → Latin Dhivehi,decoder_14,,centered_identity,42,,MRR,fraction,0.2747480924041587,centered_identity,0.0,,,,,64,64,0,,,,,,,,,,False,complete,
retrieval_natural,natural_nau_diagnostic,natural_nau_diagnostic,stock_it,Thaana → Latin Dhivehi,decoder_14,,centered_identity,42,,FOSCTTM,fraction,0.2698412698412698,centered_identity,0.0,,,,,64,64,0,,,,,,,,,,False,complete,
retrieval_natural,natural_nau_diagnostic,natural_nau_diagnostic,stock_it,Latin Dhivehi → Thaana,decoder_14,,official_wp,42,,R@1,percent,3.125,centered_identity,-17.1875,-28.125,-7.773437500000213,,,64,64,0,,,,,,,,2000,20261023,False,complete,
retrieval_natural,natural_nau_diagnostic,natural_nau_diagnostic,stock_it,Latin Dhivehi → Thaana,decoder_14,,official_wp,42,,R@5,percent,12.5,centered_identity,-34.375,-48.4375,-20.3125,,,64,64,0,,,,,,,,2000,20261023,False,complete,
retrieval_natural,natural_nau_diagnostic,natural_nau_diagnostic,stock_it,Latin Dhivehi → Thaana,decoder_14,,official_wp,42,,MRR,fraction,0.10111265249317503,centered_identity,-0.21849938963866886,-0.3176642913809399,-0.12382629427643421,,,64,64,0,,,,,,,,2000,20261023,False,complete,
retrieval_natural,natural_nau_diagnostic,natural_nau_diagnostic,stock_it,Latin Dhivehi → Thaana,decoder_14,,official_wp,42,,FOSCTTM,fraction,0.45982142857142855,centered_identity,0.27083333333333337,0.19394221230158734,0.35020461309523804,,,64,64,0,,,,,,,,2000,20261023,False,complete,
retrieval_natural,natural_nau_diagnostic,natural_nau_diagnostic,stock_it,Thaana → Latin Dhivehi,decoder_14,,official_wp,42,,R@1,percent,0.0,centered_identity,-17.1875,-28.125,-7.773437500000213,,,64,64,0,,,,,,,,2000,20261023,False,complete,
retrieval_natural,natural_nau_diagnostic,natural_nau_diagnostic,stock_it,Thaana → Latin Dhivehi,decoder_14,,official_wp,42,,R@5,percent,4.6875,centered_identity,-34.375,-48.4375,-20.3125,,,64,64,0,,,,,,,,2000,20261023,False,complete,
retrieval_natural,natural_nau_diagnostic,natural_nau_diagnostic,stock_it,Thaana → Latin Dhivehi,decoder_14,,official_wp,42,,MRR,fraction,0.05792031121292379,centered_identity,-0.21849938963866886,-0.3176642913809399,-0.12382629427643421,,,64,64,0,,,,,,,,2000,20261023,False,complete,
retrieval_natural,natural_nau_diagnostic,natural_nau_diagnostic,stock_it,Thaana → Latin Dhivehi,decoder_14,,official_wp,42,,FOSCTTM,fraction,0.4771825396825397,centered_identity,0.27083333333333337,0.19394221230158734,0.35020461309523804,,,64,64,0,,,,,,,,2000,20261023,False,complete,
retrieval_natural,natural_nau_diagnostic,natural_nau_diagnostic,stock_it,Latin Dhivehi → Thaana,decoder_14,,official_wp,1337,,R@1,percent,1.5625,centered_identity,-18.75,-29.6875,-7.8125,,,64,64,0,,,,,,,,2000,20261023,False,complete,
retrieval_natural,natural_nau_diagnostic,natural_nau_diagnostic,stock_it,Latin Dhivehi → Thaana,decoder_14,,official_wp,1337,,R@5,percent,7.8125,centered_identity,-39.0625,-53.125,-25.0,,,64,64,0,,,,,,,,2000,20261023,False,complete,
retrieval_natural,natural_nau_diagnostic,natural_nau_diagnostic,stock_it,Latin Dhivehi → Thaana,decoder_14,,official_wp,1337,,MRR,fraction,0.07574104800997075,centered_identity,-0.24387099412187313,-0.3411389679804812,-0.1512346127152429,,,64,64,0,,,,,,,,2000,20261023,False,complete,
retrieval_natural,natural_nau_diagnostic,natural_nau_diagnostic,stock_it,Latin Dhivehi → Thaana,decoder_14,,official_wp,1337,,FOSCTTM,fraction,0.46874999999999994,centered_identity,0.27976190476190477,0.19143725198412698,0.3653335813492063,,,64,64,0,,,,,,,,2000,20261023,False,complete,
retrieval_natural,natural_nau_diagnostic,natural_nau_diagnostic,stock_it,Thaana → Latin Dhivehi,decoder_14,,official_wp,1337,,R@1,percent,1.5625,centered_identity,-18.75,-29.6875,-7.8125,,,64,64,0,,,,,,,,2000,20261023,False,complete,
retrieval_natural,natural_nau_diagnostic,natural_nau_diagnostic,stock_it,Thaana → Latin Dhivehi,decoder_14,,official_wp,1337,,R@5,percent,9.375,centered_identity,-39.0625,-53.125,-25.0,,,64,64,0,,,,,,,,2000,20261023,False,complete,
retrieval_natural,natural_nau_diagnostic,natural_nau_diagnostic,stock_it,Thaana → Latin Dhivehi,decoder_14,,official_wp,1337,,MRR,fraction,0.07221317067829472,centered_identity,-0.24387099412187313,-0.3411389679804812,-0.1512346127152429,,,64,64,0,,,,,,,,2000,20261023,False,complete,
retrieval_natural,natural_nau_diagnostic,natural_nau_diagnostic,stock_it,Thaana → Latin Dhivehi,decoder_14,,official_wp,1337,,FOSCTTM,fraction,0.4945436507936508,centered_identity,0.27976190476190477,0.19143725198412698,0.3653335813492063,,,64,64,0,,,,,,,,2000,20261023,False,complete,
retrieval_natural,natural_nau_diagnostic,natural_nau_diagnostic,stock_it,Latin Dhivehi → Thaana,decoder_14,,official_wp,20261010,,R@1,percent,0.0,centered_identity,-20.3125,-29.6875,-10.9375,,,64,64,0,,,,,,,,2000,20261023,False,complete,
retrieval_natural,natural_nau_diagnostic,natural_nau_diagnostic,stock_it,Latin Dhivehi → Thaana,decoder_14,,official_wp,20261010,,R@5,percent,12.5,centered_identity,-34.375,-50.0,-18.75,,,64,64,0,,,,,,,,2000,20261023,False,complete,
retrieval_natural,natural_nau_diagnostic,natural_nau_diagnostic,stock_it,Latin Dhivehi → Thaana,decoder_14,,official_wp,20261010,,MRR,fraction,0.0657721318481565,centered_identity,-0.25383991028368735,-0.3484848652543387,-0.15817843464700357,,,64,64,0,,,,,,,,2000,20261023,False,complete,
retrieval_natural,natural_nau_diagnostic,natural_nau_diagnostic,stock_it,Latin Dhivehi → Thaana,decoder_14,,official_wp,20261010,,FOSCTTM,fraction,0.5042162698412698,centered_identity,0.3152281746031746,0.22123015873015872,0.4070002480158729,,,64,64,0,,,,,,,,2000,20261023,False,complete,
retrieval_natural,natural_nau_diagnostic,natural_nau_diagnostic,stock_it,Thaana → Latin Dhivehi,decoder_14,,official_wp,20261010,,R@1,percent,0.0,centered_identity,-20.3125,-29.6875,-10.9375,,,64,64,0,,,,,,,,2000,20261023,False,complete,
retrieval_natural,natural_nau_diagnostic,natural_nau_diagnostic,stock_it,Thaana → Latin Dhivehi,decoder_14,,official_wp,20261010,,R@5,percent,9.375,centered_identity,-34.375,-50.0,-18.75,,,64,64,0,,,,,,,,2000,20261023,False,complete,
retrieval_natural,natural_nau_diagnostic,natural_nau_diagnostic,stock_it,Thaana → Latin Dhivehi,decoder_14,,official_wp,20261010,,MRR,fraction,0.06391328468566732,centered_identity,-0.25383991028368735,-0.3484848652543387,-0.15817843464700357,,,64,64,0,,,,,,,,2000,20261023,False,complete,
retrieval_natural,natural_nau_diagnostic,natural_nau_diagnostic,stock_it,Thaana → Latin Dhivehi,decoder_14,,official_wp,20261010,,FOSCTTM,fraction,0.4831349206349206,centered_identity,0.3152281746031746,0.22123015873015872,0.4070002480158729,,,64,64,0,,,,,,,,2000,20261023,False,complete,
retrieval_natural,natural_nau_diagnostic,natural_nau_diagnostic,stock_it,Latin Dhivehi → Thaana,decoder_14,,anchor_procrustes,42,,R@1,percent,1.5625,centered_identity,-18.75,-28.125,-9.375,,,64,64,64,,,,,,,,2000,20261023,False,complete,
retrieval_natural,natural_nau_diagnostic,natural_nau_diagnostic,stock_it,Latin Dhivehi → Thaana,decoder_14,,anchor_procrustes,42,,R@5,percent,20.3125,centered_identity,-26.5625,-40.625,-10.9375,,,64,64,64,,,,,,,,2000,20261023,False,complete,
retrieval_natural,natural_nau_diagnostic,natural_nau_diagnostic,stock_it,Latin Dhivehi → Thaana,decoder_14,,anchor_procrustes,42,,MRR,fraction,0.11720103911539971,centered_identity,-0.20241100301644419,-0.30189240823865404,-0.11206645543823493,,,64,64,64,,,,,,,,2000,20261023,False,complete,
retrieval_natural,natural_nau_diagnostic,natural_nau_diagnostic,stock_it,Latin Dhivehi → Thaana,decoder_14,,anchor_procrustes,42,,FOSCTTM,fraction,0.3333333333333333,centered_identity,0.14434523809523808,0.06671006944444445,0.22098214285714285,,,64,64,64,,,,,,,,2000,20261023,False,complete,
retrieval_natural,natural_nau_diagnostic,natural_nau_diagnostic,stock_it,Thaana → Latin Dhivehi,decoder_14,,anchor_procrustes,42,,R@1,percent,1.5625,centered_identity,-18.75,-28.125,-9.375,,,64,64,64,,,,,,,,2000,20261023,False,complete,
retrieval_natural,natural_nau_diagnostic,natural_nau_diagnostic,stock_it,Thaana → Latin Dhivehi,decoder_14,,anchor_procrustes,42,,R@5,percent,7.8125,centered_identity,-26.5625,-40.625,-10.9375,,,64,64,64,,,,,,,,2000,20261023,False,complete,
retrieval_natural,natural_nau_diagnostic,natural_nau_diagnostic,stock_it,Thaana → Latin Dhivehi,decoder_14,,anchor_procrustes,42,,MRR,fraction,0.08875943214334135,centered_identity,-0.20241100301644419,-0.30189240823865404,-0.11206645543823493,,,64,64,64,,,,,,,,2000,20261023,False,complete,
retrieval_natural,natural_nau_diagnostic,natural_nau_diagnostic,stock_it,Thaana → Latin Dhivehi,decoder_14,,anchor_procrustes,42,,FOSCTTM,fraction,0.3973214285714285,centered_identity,0.14434523809523808,0.06671006944444445,0.22098214285714285,,,64,64,64,,,,,,,,2000,20261023,False,complete,
retrieval_natural,natural_nau_diagnostic,natural_nau_diagnostic,stock_it,Latin Dhivehi → Thaana,decoder_14,,anchor_identity_regularized,42,,R@1,percent,26.5625,centered_identity,6.25,-4.6875,17.1875,,,64,64,64,,,,,,,,2000,20261023,False,complete,
retrieval_natural,natural_nau_diagnostic,natural_nau_diagnostic,stock_it,Latin Dhivehi → Thaana,decoder_14,,anchor_identity_regularized,42,,R@5,percent,48.4375,centered_identity,1.5625,-7.8125,12.5,,,64,64,64,,,,,,,,2000,20261023,False,complete,
retrieval_natural,natural_nau_diagnostic,natural_nau_diagnostic,stock_it,Latin Dhivehi → Thaana,decoder_14,,anchor_identity_regularized,42,,MRR,fraction,0.39008563279078434,centered_identity,0.07047359065894045,-0.009392555410266727,0.15361260700219234,,,64,64,64,,,,,,,,2000,20261023,False,complete,
retrieval_natural,natural_nau_diagnostic,natural_nau_diagnostic,stock_it,Latin Dhivehi → Thaana,decoder_14,,anchor_identity_regularized,42,,FOSCTTM,fraction,0.1552579365079365,centered_identity,-0.03373015873015873,-0.06672247023809524,0.0012400793650793641,,,64,64,64,,,,,,,,2000,20261023,False,complete,
retrieval_natural,natural_nau_diagnostic,natural_nau_diagnostic,stock_it,Thaana → Latin Dhivehi,decoder_14,,anchor_identity_regularized,42,,R@1,percent,20.3125,centered_identity,6.25,-4.6875,17.1875,,,64,64,64,,,,,,,,2000,20261023,False,complete,
retrieval_natural,natural_nau_diagnostic,natural_nau_diagnostic,stock_it,Thaana → Latin Dhivehi,decoder_14,,anchor_identity_regularized,42,,R@5,percent,42.1875,centered_identity,1.5625,-7.8125,12.5,,,64,64,64,,,,,,,,2000,20261023,False,complete,
retrieval_natural,natural_nau_diagnostic,natural_nau_diagnostic,stock_it,Thaana → Latin Dhivehi,decoder_14,,anchor_identity_regularized,42,,MRR,fraction,0.32501486270026286,centered_identity,0.07047359065894045,-0.009392555410266727,0.15361260700219234,,,64,64,64,,,,,,,,2000,20261023,False,complete,
retrieval_natural,natural_nau_diagnostic,natural_nau_diagnostic,stock_it,Thaana → Latin Dhivehi,decoder_14,,anchor_identity_regularized,42,,FOSCTTM,fraction,0.21527777777777776,centered_identity,-0.03373015873015873,-0.06672247023809524,0.0012400793650793641,,,64,64,64,,,,,,,,2000,20261023,False,complete,
retrieval_natural,natural_nau_diagnostic,natural_nau_diagnostic,stock_it,Latin Dhivehi → Thaana,decoder_14,,anchor_shuffled_identity_regularized,42,,R@1,percent,28.125,centered_identity,7.8125,-1.5625,17.1875,,,64,64,64,,,,,,,,2000,20261023,False,complete,
retrieval_natural,natural_nau_diagnostic,natural_nau_diagnostic,stock_it,Latin Dhivehi → Thaana,decoder_14,,anchor_shuffled_identity_regularized,42,,R@5,percent,54.6875,centered_identity,7.8125,-1.5625,17.1875,,,64,64,64,,,,,,,,2000,20261023,False,complete,
retrieval_natural,natural_nau_diagnostic,natural_nau_diagnostic,stock_it,Latin Dhivehi → Thaana,decoder_14,,anchor_shuffled_identity_regularized,42,,MRR,fraction,0.4143391088694513,centered_identity,0.09472706673760739,0.016392376226692935,0.17603070553547004,,,64,64,64,,,,,,,,2000,20261023,False,complete,
retrieval_natural,natural_nau_diagnostic,natural_nau_diagnostic,stock_it,Latin Dhivehi → Thaana,decoder_14,,anchor_shuffled_identity_regularized,42,,FOSCTTM,fraction,0.16815476190476192,centered_identity,-0.020833333333333332,-0.05109126984126984,0.01016865079365079,,,64,64,64,,,,,,,,2000,20261023,False,complete,
retrieval_natural,natural_nau_diagnostic,natural_nau_diagnostic,stock_it,Thaana → Latin Dhivehi,decoder_14,,anchor_shuffled_identity_regularized,42,,R@1,percent,18.75,centered_identity,7.8125,-1.5625,17.1875,,,64,64,64,,,,,,,,2000,20261023,False,complete,
retrieval_natural,natural_nau_diagnostic,natural_nau_diagnostic,stock_it,Thaana → Latin Dhivehi,decoder_14,,anchor_shuffled_identity_regularized,42,,R@5,percent,39.0625,centered_identity,7.8125,-1.5625,17.1875,,,64,64,64,,,,,,,,2000,20261023,False,complete,
retrieval_natural,natural_nau_diagnostic,natural_nau_diagnostic,stock_it,Thaana → Latin Dhivehi,decoder_14,,anchor_shuffled_identity_regularized,42,,MRR,fraction,0.282417154925456,centered_identity,0.09472706673760739,0.016392376226692935,0.17603070553547004,,,64,64,64,,,,,,,,2000,20261023,False,complete,
retrieval_natural,natural_nau_diagnostic,natural_nau_diagnostic,stock_it,Thaana → Latin Dhivehi,decoder_14,,anchor_shuffled_identity_regularized,42,,FOSCTTM,fraction,0.22569444444444442,centered_identity,-0.020833333333333332,-0.05109126984126984,0.01016865079365079,,,64,64,64,,,,,,,,2000,20261023,False,complete,
retrieval_natural,natural_nau_diagnostic,natural_nau_diagnostic,stock_it,Latin Dhivehi → Thaana,decoder_14,,official_wp,mean,,R@1,percent,1.5625,,,,,,,64,64,0,,,,,,,,,,False,complete; descriptive mean over three saved seeds,complete
retrieval_natural,natural_nau_diagnostic,natural_nau_diagnostic,stock_it,Latin Dhivehi → Thaana,decoder_14,,official_wp,mean,,R@5,percent,10.9375,,,,,,,64,64,0,,,,,,,,,,False,complete; descriptive mean over three saved seeds,complete
retrieval_natural,natural_nau_diagnostic,natural_nau_diagnostic,stock_it,Latin Dhivehi → Thaana,decoder_14,,official_wp,mean,,MRR,fraction,0.08087527745043409,,,,,,,64,64,0,,,,,,,,,,False,complete; descriptive mean over three saved seeds,complete
retrieval_natural,natural_nau_diagnostic,natural_nau_diagnostic,stock_it,Latin Dhivehi → Thaana,decoder_14,,official_wp,mean,,FOSCTTM,fraction,0.47759589947089937,,,,,,,64,64,0,,,,,,,,,,False,complete; descriptive mean over three saved seeds,complete
retrieval_natural,natural_nau_diagnostic,natural_nau_diagnostic,stock_it,Thaana → Latin Dhivehi,decoder_14,,official_wp,mean,,R@1,percent,0.5208333333333333,,,,,,,64,64,0,,,,,,,,,,False,complete; descriptive mean over three saved seeds,complete
retrieval_natural,natural_nau_diagnostic,natural_nau_diagnostic,stock_it,Thaana → Latin Dhivehi,decoder_14,,official_wp,mean,,R@5,percent,7.8125,,,,,,,64,64,0,,,,,,,,,,False,complete; descriptive mean over three saved seeds,complete
retrieval_natural,natural_nau_diagnostic,natural_nau_diagnostic,stock_it,Thaana → Latin Dhivehi,decoder_14,,official_wp,mean,,MRR,fraction,0.0646822555256286,,,,,,,64,64,0,,,,,,,,,,False,complete; descriptive mean over three saved seeds,complete
retrieval_natural,natural_nau_diagnostic,natural_nau_diagnostic,stock_it,Thaana → Latin Dhivehi,decoder_14,,official_wp,mean,,FOSCTTM,fraction,0.4849537037037037,,,,,,,64,64,0,,,,,,,,,,False,complete; descriptive mean over three saved seeds,complete
generation_diagnostic,fixed_public_non_gold_probes,,,,,,,,clean_latin,mean_sentence_chrf,chrF points,20.329722876440172,clean_latin,0.0,0.0,0.0,17,,,,,,,,,,,,2000,20261010,,complete,
generation_diagnostic,fixed_public_non_gold_probes,,,,,,,,clean_latin,corpus_chrf,chrF points,19.388462178787478,,,,,17,,,,,,,,,,,,2000,20261010,,complete,
generation_diagnostic,fixed_public_non_gold_probes,,,,,,,,clean_thaana,mean_sentence_chrf,chrF points,73.97213011702716,clean_latin,53.642407240586984,40.206140842673015,66.49852970692766,17,,,,,,,,,,,,2000,20261010,,complete,
generation_diagnostic,fixed_public_non_gold_probes,,,,,,,,clean_thaana,corpus_chrf,chrF points,75.71651788717475,,,,,17,,,,,,,,,,,,2000,20261010,,complete,
generation_diagnostic,fixed_public_non_gold_probes,,,,,,,,noop_latin,mean_sentence_chrf,chrF points,20.329722876440172,clean_latin,0.0,0.0,0.0,17,,,,,,,,,,,,2000,20261010,,complete,
generation_diagnostic,fixed_public_non_gold_probes,,,,,,,,noop_latin,corpus_chrf,chrF points,19.388462178787478,,,,,17,,,,,,,,,,,,2000,20261010,,complete,
generation_diagnostic,fixed_public_non_gold_probes,,,,,,,,centered_identity,mean_sentence_chrf,chrF points,20.497749577906003,clean_latin,0.16802670146583254,-0.9769342916044091,1.5323630161624622,17,,,,,,,,,,,,2000,20261010,,complete,
generation_diagnostic,fixed_public_non_gold_probes,,,,,,,,centered_identity,corpus_chrf,chrF points,19.68628075809599,,,,,17,,,,,,,,,,,,2000,20261010,,complete,
generation_diagnostic,fixed_public_non_gold_probes,,,,,,,,unpaired_wp,mean_sentence_chrf,chrF points,17.614936328335418,clean_latin,-2.7147865481047506,-7.1965205072038065,1.3118308480701493,17,,,,,,,,,,,,2000,20261010,,complete,
generation_diagnostic,fixed_public_non_gold_probes,,,,,,,,unpaired_wp,corpus_chrf,chrF points,17.23096963001735,,,,,17,,,,,,,,,,,,2000,20261010,,complete,
generation_diagnostic,fixed_public_non_gold_probes,,,,,,,,supervised_regularized,mean_sentence_chrf,chrF points,18.328237444775606,clean_latin,-2.001485431664567,-5.168073529394201,-0.046708187005304685,17,,,,,,,,,,,,2000,20261010,,complete,
generation_diagnostic,fixed_public_non_gold_probes,,,,,,,,supervised_regularized,corpus_chrf,chrF points,17.632907299789423,,,,,17,,,,,,,,,,,,2000,20261010,,complete,
generation_diagnostic,fixed_public_non_gold_probes,,,,,,,,oracle_thaana,mean_sentence_chrf,chrF points,34.69323342148759,clean_latin,14.363510545047422,5.016473306293185,25.17174390081611,17,,,,,,,,,,,,2000,20261010,,complete,
generation_diagnostic,fixed_public_non_gold_probes,,,,,,,,oracle_thaana,corpus_chrf,chrF points,34.16817116603841,,,,,17,,,,,,,,,,,,2000,20261010,,complete,
generation_diagnostic,fixed_public_non_gold_probes,,,,,,,,shuffled_oracle,mean_sentence_chrf,chrF points,22.022860080107474,clean_latin,1.6931372036673018,-3.6390214445323257,7.631305511184215,17,,,,,,,,,,,,2000,20261010,,complete,
generation_diagnostic,fixed_public_non_gold_probes,,,,,,,,shuffled_oracle,corpus_chrf,chrF points,21.110525772105852,,,,,17,,,,,,,,,,,,2000,20261010,,complete,
